timestamp,road_id,road_type,road_capacity,latitude,longitude,vehicle_count,average_speed,weather_condition,temperature,rainfall,accident,traffic_density,previous_density
2026-06-19 00:00:00,R101,Highway,2000,40.7128,-74.006,343,100,Clear,23.7,0.0,0,17.15,
2026-06-19 01:00:00,R101,Highway,2000,40.7128,-74.006,395,100,Clear,23.7,0.0,0,19.75,17.15
2026-06-19 02:00:00,R101,Highway,2000,40.7128,-74.006,383,100,Clear,23.7,0.0,0,19.15,19.75
2026-06-19 03:00:00,R101,Highway,2000,40.7128,-74.006,397,100,Clear,23.7,0.0,0,19.85,19.15
2026-06-19 04:00:00,R101,Highway,2000,40.7128,-74.006,424,100,Clear,23.7,0.0,0,21.2,19.85
2026-06-19 05:00:00,R101,Highway,2000,40.7128,-74.006,414,100,Clear,23.7,0.0,0,20.7,21.2
2026-06-19 06:00:00,R101,Highway,2000,40.7128,-74.006,351,100,Clear,23.7,0.0,0,17.55,20.7
2026-06-19 07:00:00,R101,Highway,2000,40.7128,-74.006,1660,45,Clear,23.7,0.0,0,83.0,17.55
2026-06-19 08:00:00,R101,Highway,2000,40.7128,-74.006,1969,35,Clear,23.7,0.0,0,98.45,83.0
2026-06-19 09:00:00,R101,Highway,2000,40.7128,-74.006,1662,45,Clear,23.7,0.0,0,83.1,98.45
2026-06-19 10:00:00,R101,Highway,2000,40.7128,-74.006,1371,56,Clear,23.7,0.0,0,68.55,83.1
2026-06-19 11:00:00,R101,Highway,2000,40.7128,-74.006,1070,70,Clear,23.7,0.0,0,53.5,68.55
2026-06-19 12:00:00,R101,Highway,2000,40.7128,-74.006,1150,66,Clear,23.7,0.0,0,57.5,53.5
2026-06-19 13:00:00,R101,Highway,2000,40.7128,-74.006,1218,62,Clear,23.7,0.0,0,60.9,57.5
2026-06-19 14:00:00,R101,Highway,2000,40.7128,-74.006,1184,64,Clear,23.7,0.0,0,59.2,60.9
2026-06-19 15:00:00,R101,Highway,2000,40.7128,-74.006,1052,71,Clear,23.7,0.0,0,52.6,59.2
2026-06-19 16:00:00,R101,Highway,2000,40.7128,-74.006,2022,34,Clear,23.7,0.0,0,101.1,52.6
2026-06-19 17:00:00,R101,Highway,2000,40.7128,-74.006,1899,37,Clear,23.7,0.0,0,94.95,101.1
2026-06-19 18:00:00,R101,Highway,2000,40.7128,-74.006,1903,37,Clear,23.7,0.0,0,95.15,94.95
2026-06-19 19:00:00,R101,Highway,2000,40.7128,-74.006,1866,38,Clear,23.7,0.0,0,93.3,95.15
2026-06-19 20:00:00,R101,Highway,2000,40.7128,-74.006,420,100,Clear,23.7,0.0,0,21.0,93.3
2026-06-19 21:00:00,R101,Highway,2000,40.7128,-74.006,343,100,Clear,23.7,0.0,0,17.15,21.0
2026-06-19 22:00:00,R101,Highway,2000,40.7128,-74.006,372,100,Clear,23.7,0.0,0,18.6,17.15
2026-06-19 23:00:00,R101,Highway,2000,40.7128,-74.006,436,100,Clear,23.7,0.0,0,21.8,18.6
2026-06-20 00:00:00,R101,Highway,2000,40.7128,-74.006,356,100,Clear,30.5,0.0,0,17.8,21.8
2026-06-20 01:00:00,R101,Highway,2000,40.7128,-74.006,367,100,Clear,30.5,0.0,0,18.35,17.8
2026-06-20 02:00:00,R101,Highway,2000,40.7128,-74.006,398,100,Clear,30.5,0.0,0,19.9,18.35
2026-06-20 03:00:00,R101,Highway,2000,40.7128,-74.006,355,100,Clear,30.5,0.0,0,17.75,19.9
2026-06-20 04:00:00,R101,Highway,2000,40.7128,-74.006,366,100,Clear,30.5,0.0,0,18.3,17.75
2026-06-20 05:00:00,R101,Highway,2000,40.7128,-74.006,368,100,Clear,30.5,0.0,0,18.4,18.3
2026-06-20 06:00:00,R101,Highway,2000,40.7128,-74.006,358,100,Clear,30.5,0.0,0,17.9,18.4
2026-06-20 07:00:00,R101,Highway,2000,40.7128,-74.006,343,100,Clear,30.5,0.0,0,17.15,17.9
2026-06-20 08:00:00,R101,Highway,2000,40.7128,-74.006,443,100,Clear,30.5,0.0,0,22.15,17.15
2026-06-20 09:00:00,R101,Highway,2000,40.7128,-74.006,415,100,Clear,30.5,0.0,0,20.75,22.15
2026-06-20 10:00:00,R101,Highway,2000,40.7128,-74.006,429,100,Clear,30.5,0.0,0,21.45,20.75
2026-06-20 11:00:00,R101,Highway,2000,40.7128,-74.006,1262,60,Clear,30.5,0.0,0,63.1,21.45
2026-06-20 12:00:00,R101,Highway,2000,40.7128,-74.006,1463,52,Clear,30.5,0.0,0,73.15,63.1
2026-06-20 13:00:00,R101,Highway,2000,40.7128,-74.006,1261,60,Clear,30.5,0.0,0,63.05,73.15
2026-06-20 14:00:00,R101,Highway,2000,40.7128,-74.006,1367,56,Clear,30.5,0.0,0,68.35,63.05
2026-06-20 15:00:00,R101,Highway,2000,40.7128,-74.006,1537,49,Clear,30.5,0.0,0,76.85,68.35
2026-06-20 16:00:00,R101,Highway,2000,40.7128,-74.006,1269,60,Clear,30.5,0.0,0,63.45,76.85
2026-06-20 17:00:00,R101,Highway,2000,40.7128,-74.006,1082,69,Clear,30.5,0.0,0,54.1,63.45
2026-06-20 18:00:00,R101,Highway,2000,40.7128,-74.006,1320,58,Clear,30.5,0.0,0,66.0,54.1
2026-06-20 19:00:00,R101,Highway,2000,40.7128,-74.006,1249,61,Clear,30.5,0.0,0,62.45,66.0
2026-06-20 20:00:00,R101,Highway,2000,40.7128,-74.006,1347,57,Clear,30.5,0.0,0,67.35,62.45
2026-06-20 21:00:00,R101,Highway,2000,40.7128,-74.006,357,100,Clear,30.5,0.0,0,17.85,67.35
2026-06-20 22:00:00,R101,Highway,2000,40.7128,-74.006,403,100,Clear,30.5,0.0,0,20.15,17.85
2026-06-20 23:00:00,R101,Highway,2000,40.7128,-74.006,427,100,Clear,30.5,0.0,0,21.35,20.15
2026-06-21 00:00:00,R101,Highway,2000,40.7128,-74.006,456,100,Cloudy,21.5,0.0,0,22.8,21.35
2026-06-21 01:00:00,R101,Highway,2000,40.7128,-74.006,449,100,Cloudy,21.5,0.0,0,22.45,22.8
2026-06-21 02:00:00,R101,Highway,2000,40.7128,-74.006,443,100,Cloudy,21.5,0.0,0,22.15,22.45
2026-06-21 03:00:00,R101,Highway,2000,40.7128,-74.006,398,100,Cloudy,21.5,0.0,0,19.9,22.15
2026-06-21 04:00:00,R101,Highway,2000,40.7128,-74.006,401,100,Cloudy,21.5,0.0,0,20.05,19.9
2026-06-21 05:00:00,R101,Highway,2000,40.7128,-74.006,441,100,Cloudy,21.5,0.0,0,22.05,20.05
2026-06-21 06:00:00,R101,Highway,2000,40.7128,-74.006,425,100,Cloudy,21.5,0.0,0,21.25,22.05
2026-06-21 07:00:00,R101,Highway,2000,40.7128,-74.006,387,100,Cloudy,21.5,0.0,0,19.35,21.25
2026-06-21 08:00:00,R101,Highway,2000,40.7128,-74.006,374,100,Cloudy,21.5,0.0,0,18.7,19.35
2026-06-21 09:00:00,R101,Highway,2000,40.7128,-74.006,433,100,Cloudy,21.5,0.0,0,21.65,18.7
2026-06-21 10:00:00,R101,Highway,2000,40.7128,-74.006,437,100,Cloudy,21.5,0.0,0,21.85,21.65
2026-06-21 11:00:00,R101,Highway,2000,40.7128,-74.006,1410,54,Cloudy,21.5,0.0,0,70.5,21.85
2026-06-21 12:00:00,R101,Highway,2000,40.7128,-74.006,1546,49,Cloudy,21.5,0.0,0,77.3,70.5
2026-06-21 13:00:00,R101,Highway,2000,40.7128,-74.006,1585,47,Cloudy,21.5,0.0,0,79.25,77.3
2026-06-21 14:00:00,R101,Highway,2000,40.7128,-74.006,1537,49,Cloudy,21.5,0.0,0,76.85,79.25
2026-06-21 15:00:00,R101,Highway,2000,40.7128,-74.006,1272,60,Cloudy,21.5,0.0,0,63.6,76.85
2026-06-21 16:00:00,R101,Highway,2000,40.7128,-74.006,1190,64,Cloudy,21.5,0.0,0,59.5,63.6
2026-06-21 17:00:00,R101,Highway,2000,40.7128,-74.006,1343,57,Cloudy,21.5,0.0,0,67.15,59.5
2026-06-21 18:00:00,R101,Highway,2000,40.7128,-74.006,1349,57,Cloudy,21.5,0.0,0,67.45,67.15
2026-06-21 19:00:00,R101,Highway,2000,40.7128,-74.006,1210,63,Cloudy,21.5,0.0,0,60.5,67.45
2026-06-21 20:00:00,R101,Highway,2000,40.7128,-74.006,1045,71,Cloudy,21.5,0.0,0,52.25,60.5
2026-06-21 21:00:00,R101,Highway,2000,40.7128,-74.006,420,100,Cloudy,21.5,0.0,0,21.0,52.25
2026-06-21 22:00:00,R101,Highway,2000,40.7128,-74.006,362,100,Cloudy,21.5,0.0,0,18.1,21.0
2026-06-21 23:00:00,R101,Highway,2000,40.7128,-74.006,437,100,Cloudy,21.5,0.0,0,21.85,18.1
2026-06-22 00:00:00,R101,Highway,2000,40.7128,-74.006,403,100,Clear,33.2,0.0,0,20.15,21.85
2026-06-22 01:00:00,R101,Highway,2000,40.7128,-74.006,398,100,Clear,33.2,0.0,0,19.9,20.15
2026-06-22 02:00:00,R101,Highway,2000,40.7128,-74.006,438,100,Clear,33.2,0.0,0,21.9,19.9
2026-06-22 03:00:00,R101,Highway,2000,40.7128,-74.006,389,100,Clear,33.2,0.0,0,19.45,21.9
2026-06-22 04:00:00,R101,Highway,2000,40.7128,-74.006,380,100,Clear,33.2,0.0,0,19.0,19.45
2026-06-22 05:00:00,R101,Highway,2000,40.7128,-74.006,423,100,Clear,33.2,0.0,0,21.15,19.0
2026-06-22 06:00:00,R101,Highway,2000,40.7128,-74.006,405,100,Clear,33.2,0.0,0,20.25,21.15
2026-06-22 07:00:00,R101,Highway,2000,40.7128,-74.006,1903,37,Clear,33.2,0.0,0,95.15,20.25
2026-06-22 08:00:00,R101,Highway,2000,40.7128,-74.006,1740,42,Clear,33.2,0.0,0,87.0,95.15
2026-06-22 09:00:00,R101,Highway,2000,40.7128,-74.006,1878,38,Clear,33.2,0.0,0,93.9,87.0
2026-06-22 10:00:00,R101,Highway,2000,40.7128,-74.006,1322,58,Clear,33.2,0.0,0,66.1,93.9
2026-06-22 11:00:00,R101,Highway,2000,40.7128,-74.006,1364,56,Clear,33.2,0.0,0,68.2,66.1
2026-06-22 12:00:00,R101,Highway,2000,40.7128,-74.006,1171,65,Clear,33.2,0.0,0,58.55,68.2
2026-06-22 13:00:00,R101,Highway,2000,40.7128,-74.006,1228,62,Clear,33.2,0.0,0,61.4,58.55
2026-06-22 14:00:00,R101,Highway,2000,40.7128,-74.006,1184,64,Clear,33.2,0.0,0,59.2,61.4
2026-06-22 15:00:00,R101,Highway,2000,40.7128,-74.006,1355,56,Clear,33.2,0.0,0,67.75,59.2
2026-06-22 16:00:00,R101,Highway,2000,40.7128,-74.006,2119,32,Clear,33.2,0.0,0,105.95,67.75
2026-06-22 17:00:00,R101,Highway,2000,40.7128,-74.006,1831,39,Clear,33.2,0.0,0,91.55,105.95
2026-06-22 18:00:00,R101,Highway,2000,40.7128,-74.006,2046,33,Clear,33.2,0.0,0,102.3,91.55
2026-06-22 19:00:00,R101,Highway,2000,40.7128,-74.006,1732,42,Clear,33.2,0.0,0,86.6,102.3
2026-06-22 20:00:00,R101,Highway,2000,40.7128,-74.006,358,100,Clear,33.2,0.0,0,17.9,86.6
2026-06-22 21:00:00,R101,Highway,2000,40.7128,-74.006,425,100,Clear,33.2,0.0,0,21.25,17.9
2026-06-22 22:00:00,R101,Highway,2000,40.7128,-74.006,446,100,Clear,33.2,0.0,0,22.3,21.25
2026-06-22 23:00:00,R101,Highway,2000,40.7128,-74.006,388,100,Clear,33.2,0.0,0,19.4,22.3
2026-06-23 00:00:00,R101,Highway,2000,40.7128,-74.006,364,100,Clear,22.2,0.0,0,18.2,19.4
2026-06-23 01:00:00,R101,Highway,2000,40.7128,-74.006,369,100,Clear,22.2,0.0,0,18.45,18.2
2026-06-23 02:00:00,R101,Highway,2000,40.7128,-74.006,438,100,Clear,22.2,0.0,0,21.9,18.45
2026-06-23 03:00:00,R101,Highway,2000,40.7128,-74.006,342,100,Clear,22.2,0.0,0,17.1,21.9
2026-06-23 04:00:00,R101,Highway,2000,40.7128,-74.006,458,100,Clear,22.2,0.0,0,22.9,17.1
2026-06-23 05:00:00,R101,Highway,2000,40.7128,-74.006,407,100,Clear,22.2,0.0,0,20.35,22.9
2026-06-23 06:00:00,R101,Highway,2000,40.7128,-74.006,452,100,Clear,22.2,0.0,0,22.6,20.35
2026-06-23 07:00:00,R101,Highway,2000,40.7128,-74.006,1750,42,Clear,22.2,0.0,0,87.5,22.6
2026-06-23 08:00:00,R101,Highway,2000,40.7128,-74.006,1696,43,Clear,22.2,0.0,0,84.8,87.5
2026-06-23 09:00:00,R101,Highway,2000,40.7128,-74.006,1862,38,Clear,22.2,0.0,0,93.1,84.8
2026-06-23 10:00:00,R101,Highway,2000,40.7128,-74.006,1109,68,Clear,22.2,0.0,0,55.45,93.1
2026-06-23 11:00:00,R101,Highway,2000,40.7128,-74.006,1376,55,Clear,22.2,0.0,0,68.8,55.45
2026-06-23 12:00:00,R101,Highway,2000,40.7128,-74.006,1097,68,Clear,22.2,0.0,0,54.85,68.8
2026-06-23 13:00:00,R101,Highway,2000,40.7128,-74.006,1118,67,Clear,22.2,0.0,0,55.9,54.85
2026-06-23 14:00:00,R101,Highway,2000,40.7128,-74.006,1270,60,Clear,22.2,0.0,0,63.5,55.9
2026-06-23 15:00:00,R101,Highway,2000,40.7128,-74.006,1235,62,Clear,22.2,0.0,0,61.75,63.5
2026-06-23 16:00:00,R101,Highway,2000,40.7128,-74.006,2099,32,Clear,22.2,0.0,0,104.95,61.75
2026-06-23 17:00:00,R101,Highway,2000,40.7128,-74.006,1909,37,Clear,22.2,0.0,0,95.45,104.95
2026-06-23 18:00:00,R101,Highway,2000,40.7128,-74.006,1971,35,Clear,22.2,0.0,0,98.55,95.45
2026-06-23 19:00:00,R101,Highway,2000,40.7128,-74.006,2008,34,Clear,22.2,0.0,0,100.4,98.55
2026-06-23 20:00:00,R101,Highway,2000,40.7128,-74.006,458,100,Clear,22.2,0.0,0,22.9,100.4
2026-06-23 21:00:00,R101,Highway,2000,40.7128,-74.006,342,100,Clear,22.2,0.0,0,17.1,22.9
2026-06-23 22:00:00,R101,Highway,2000,40.7128,-74.006,450,100,Clear,22.2,0.0,0,22.5,17.1
2026-06-23 23:00:00,R101,Highway,2000,40.7128,-74.006,448,100,Clear,22.2,0.0,0,22.4,22.5
2026-06-24 00:00:00,R101,Highway,2000,40.7128,-74.006,389,100,Cloudy,22.0,0.0,0,19.45,22.4
2026-06-24 01:00:00,R101,Highway,2000,40.7128,-74.006,418,100,Cloudy,22.0,0.0,0,20.9,19.45
2026-06-24 02:00:00,R101,Highway,2000,40.7128,-74.006,343,100,Cloudy,22.0,0.0,0,17.15,20.9
2026-06-24 03:00:00,R101,Highway,2000,40.7128,-74.006,389,100,Cloudy,22.0,0.0,0,19.45,17.15
2026-06-24 04:00:00,R101,Highway,2000,40.7128,-74.006,356,100,Cloudy,22.0,0.0,0,17.8,19.45
2026-06-24 05:00:00,R101,Highway,2000,40.7128,-74.006,368,100,Cloudy,22.0,0.0,0,18.4,17.8
2026-06-24 06:00:00,R101,Highway,2000,40.7128,-74.006,418,100,Cloudy,22.0,0.0,0,20.9,18.4
2026-06-24 07:00:00,R101,Highway,2000,40.7128,-74.006,1599,47,Cloudy,22.0,0.0,0,79.95,20.9
2026-06-24 08:00:00,R101,Highway,2000,40.7128,-74.006,1800,40,Cloudy,22.0,0.0,0,90.0,79.95
2026-06-24 09:00:00,R101,Highway,2000,40.7128,-74.006,1728,42,Cloudy,22.0,0.0,0,86.4,90.0
2026-06-24 10:00:00,R101,Highway,2000,40.7128,-74.006,1317,58,Cloudy,22.0,0.0,0,65.85,86.4
2026-06-24 11:00:00,R101,Highway,2000,40.7128,-74.006,1057,70,Cloudy,22.0,0.0,0,52.85,65.85
2026-06-24 12:00:00,R101,Highway,2000,40.7128,-74.006,1344,57,Cloudy,22.0,0.0,0,67.2,52.85
2026-06-24 13:00:00,R101,Highway,2000,40.7128,-74.006,1040,71,Cloudy,22.0,0.0,0,52.0,67.2
2026-06-24 14:00:00,R101,Highway,2000,40.7128,-74.006,1304,58,Cloudy,22.0,0.0,0,65.2,52.0
2026-06-24 15:00:00,R101,Highway,2000,40.7128,-74.006,1295,59,Cloudy,22.0,0.0,0,64.75,65.2
2026-06-24 16:00:00,R101,Highway,2000,40.7128,-74.006,1915,37,Cloudy,22.0,0.0,0,95.75,64.75
2026-06-24 17:00:00,R101,Highway,2000,40.7128,-74.006,2182,30,Cloudy,22.0,0.0,0,109.1,95.75
2026-06-24 18:00:00,R101,Highway,2000,40.7128,-74.006,1991,35,Cloudy,22.0,0.0,0,99.55,109.1
2026-06-24 19:00:00,R101,Highway,2000,40.7128,-74.006,1899,37,Cloudy,22.0,0.0,0,94.95,99.55
2026-06-24 20:00:00,R101,Highway,2000,40.7128,-74.006,394,100,Cloudy,22.0,0.0,0,19.7,94.95
2026-06-24 21:00:00,R101,Highway,2000,40.7128,-74.006,388,100,Cloudy,22.0,0.0,0,19.4,19.7
2026-06-24 22:00:00,R101,Highway,2000,40.7128,-74.006,347,100,Cloudy,22.0,0.0,0,17.35,19.4
2026-06-24 23:00:00,R101,Highway,2000,40.7128,-74.006,434,100,Cloudy,22.0,0.0,0,21.7,17.35
2026-06-25 00:00:00,R101,Highway,2000,40.7128,-74.006,420,100,Clear,32.0,0.0,0,21.0,21.7
2026-06-25 01:00:00,R101,Highway,2000,40.7128,-74.006,450,100,Clear,32.0,0.0,0,22.5,21.0
2026-06-25 02:00:00,R101,Highway,2000,40.7128,-74.006,387,100,Clear,32.0,0.0,0,19.35,22.5
2026-06-25 03:00:00,R101,Highway,2000,40.7128,-74.006,388,100,Clear,32.0,0.0,0,19.4,19.35
2026-06-25 04:00:00,R101,Highway,2000,40.7128,-74.006,355,100,Clear,32.0,0.0,0,17.75,19.4
2026-06-25 05:00:00,R101,Highway,2000,40.7128,-74.006,368,100,Clear,32.0,0.0,0,18.4,17.75
2026-06-25 06:00:00,R101,Highway,2000,40.7128,-74.006,439,100,Clear,32.0,0.0,0,21.95,18.4
2026-06-25 07:00:00,R101,Highway,2000,40.7128,-74.006,2052,33,Clear,32.0,0.0,0,102.6,21.95
2026-06-25 08:00:00,R101,Highway,2000,40.7128,-74.006,2364,7,Clear,32.0,0.0,1,118.2,102.6
2026-06-25 09:00:00,R101,Highway,2000,40.7128,-74.006,1941,36,Clear,32.0,0.0,0,97.05,118.2
2026-06-25 10:00:00,R101,Highway,2000,40.7128,-74.006,1250,61,Clear,32.0,0.0,0,62.5,97.05
2026-06-25 11:00:00,R101,Highway,2000,40.7128,-74.006,1231,62,Clear,32.0,0.0,0,61.55,62.5
2026-06-25 12:00:00,R101,Highway,2000,40.7128,-74.006,1372,56,Clear,32.0,0.0,0,68.6,61.55
2026-06-25 13:00:00,R101,Highway,2000,40.7128,-74.006,1197,63,Clear,32.0,0.0,0,59.85,68.6
2026-06-25 14:00:00,R101,Highway,2000,40.7128,-74.006,1142,66,Clear,32.0,0.0,0,57.1,59.85
2026-06-25 15:00:00,R101,Highway,2000,40.7128,-74.006,1118,67,Clear,32.0,0.0,0,55.9,57.1
2026-06-25 16:00:00,R101,Highway,2000,40.7128,-74.006,2028,34,Clear,32.0,0.0,0,101.4,55.9
2026-06-25 17:00:00,R101,Highway,2000,40.7128,-74.006,1891,37,Clear,32.0,0.0,0,94.55,101.4
2026-06-25 18:00:00,R101,Highway,2000,40.7128,-74.006,1870,38,Clear,32.0,0.0,0,93.5,94.55
2026-06-25 19:00:00,R101,Highway,2000,40.7128,-74.006,2048,33,Clear,32.0,0.0,0,102.4,93.5
2026-06-25 20:00:00,R101,Highway,2000,40.7128,-74.006,388,100,Clear,32.0,0.0,0,19.4,102.4
2026-06-25 21:00:00,R101,Highway,2000,40.7128,-74.006,408,100,Clear,32.0,0.0,0,20.4,19.4
2026-06-25 22:00:00,R101,Highway,2000,40.7128,-74.006,403,100,Clear,32.0,0.0,0,20.15,20.4
2026-06-25 23:00:00,R101,Highway,2000,40.7128,-74.006,349,100,Clear,32.0,0.0,0,17.45,20.15
2026-06-26 00:00:00,R101,Highway,2000,40.7128,-74.006,415,100,Cloudy,20.0,0.0,0,20.75,17.45
2026-06-26 01:00:00,R101,Highway,2000,40.7128,-74.006,363,100,Cloudy,20.0,0.0,0,18.15,20.75
2026-06-26 02:00:00,R101,Highway,2000,40.7128,-74.006,352,100,Cloudy,20.0,0.0,0,17.6,18.15
2026-06-26 03:00:00,R101,Highway,2000,40.7128,-74.006,411,100,Cloudy,20.0,0.0,0,20.55,17.6
2026-06-26 04:00:00,R101,Highway,2000,40.7128,-74.006,386,100,Cloudy,20.0,0.0,0,19.3,20.55
2026-06-26 05:00:00,R101,Highway,2000,40.7128,-74.006,385,100,Cloudy,20.0,0.0,0,19.25,19.3
2026-06-26 06:00:00,R101,Highway,2000,40.7128,-74.006,376,100,Cloudy,20.0,0.0,0,18.8,19.25
2026-06-26 07:00:00,R101,Highway,2000,40.7128,-74.006,1578,48,Cloudy,20.0,0.0,0,78.9,18.8
2026-06-26 08:00:00,R101,Highway,2000,40.7128,-74.006,1606,47,Cloudy,20.0,0.0,0,80.3,78.9
2026-06-26 09:00:00,R101,Highway,2000,40.7128,-74.006,1692,44,Cloudy,20.0,0.0,0,84.6,80.3
2026-06-26 10:00:00,R101,Highway,2000,40.7128,-74.006,1148,66,Cloudy,20.0,0.0,0,57.4,84.6
2026-06-26 11:00:00,R101,Highway,2000,40.7128,-74.006,1096,68,Cloudy,20.0,0.0,0,54.8,57.4
2026-06-26 12:00:00,R101,Highway,2000,40.7128,-74.006,1278,60,Cloudy,20.0,0.0,0,63.9,54.8
2026-06-26 13:00:00,R101,Highway,2000,40.7128,-74.006,1166,65,Cloudy,20.0,0.0,0,58.3,63.9
2026-06-26 14:00:00,R101,Highway,2000,40.7128,-74.006,1089,69,Cloudy,20.0,0.0,0,54.45,58.3
2026-06-26 15:00:00,R101,Highway,2000,40.7128,-74.006,1145,66,Cloudy,20.0,0.0,0,57.25,54.45
2026-06-26 16:00:00,R101,Highway,2000,40.7128,-74.006,1852,39,Cloudy,20.0,0.0,0,92.6,57.25
2026-06-26 17:00:00,R101,Highway,2000,40.7128,-74.006,1638,45,Cloudy,20.0,0.0,0,81.9,92.6
2026-06-26 18:00:00,R101,Highway,2000,40.7128,-74.006,1639,45,Cloudy,20.0,0.0,0,81.95,81.9
2026-06-26 19:00:00,R101,Highway,2000,40.7128,-74.006,1861,38,Cloudy,20.0,0.0,0,93.05,81.95
2026-06-26 20:00:00,R101,Highway,2000,40.7128,-74.006,426,100,Cloudy,20.0,0.0,0,21.3,93.05
2026-06-26 21:00:00,R101,Highway,2000,40.7128,-74.006,360,100,Cloudy,20.0,0.0,0,18.0,21.3
2026-06-26 22:00:00,R101,Highway,2000,40.7128,-74.006,357,100,Cloudy,20.0,0.0,0,17.85,18.0
2026-06-26 23:00:00,R101,Highway,2000,40.7128,-74.006,403,100,Cloudy,20.0,0.0,0,20.15,17.85
2026-06-27 00:00:00,R101,Highway,2000,40.7128,-74.006,403,80,Heavy Rain,11.5,6.9,0,20.15,20.15
2026-06-27 01:00:00,R101,Highway,2000,40.7128,-74.006,349,80,Heavy Rain,11.5,6.9,0,17.45,20.15
2026-06-27 02:00:00,R101,Highway,2000,40.7128,-74.006,411,80,Heavy Rain,11.5,6.9,0,20.55,17.45
2026-06-27 03:00:00,R101,Highway,2000,40.7128,-74.006,465,24,Heavy Rain,11.5,6.9,1,23.25,20.55
2026-06-27 04:00:00,R101,Highway,2000,40.7128,-74.006,367,80,Heavy Rain,11.5,6.9,0,18.35,23.25
2026-06-27 05:00:00,R101,Highway,2000,40.7128,-74.006,374,80,Heavy Rain,11.5,6.9,0,18.7,18.35
2026-06-27 06:00:00,R101,Highway,2000,40.7128,-74.006,373,80,Heavy Rain,11.5,6.9,0,18.65,18.7
2026-06-27 07:00:00,R101,Highway,2000,40.7128,-74.006,345,80,Heavy Rain,11.5,6.9,0,17.25,18.65
2026-06-27 08:00:00,R101,Highway,2000,40.7128,-74.006,324,80,Heavy Rain,11.5,6.9,0,16.2,17.25
2026-06-27 09:00:00,R101,Highway,2000,40.7128,-74.006,361,80,Heavy Rain,11.5,6.9,0,18.05,16.2
2026-06-27 10:00:00,R101,Highway,2000,40.7128,-74.006,341,80,Heavy Rain,11.5,6.9,0,17.05,18.05
2026-06-27 11:00:00,R101,Highway,2000,40.7128,-74.006,1382,44,Heavy Rain,11.5,6.9,0,69.1,17.05
2026-06-27 12:00:00,R101,Highway,2000,40.7128,-74.006,1094,55,Heavy Rain,11.5,6.9,0,54.7,69.1
2026-06-27 13:00:00,R101,Highway,2000,40.7128,-74.006,1427,43,Heavy Rain,11.5,6.9,0,71.35,54.7
2026-06-27 14:00:00,R101,Highway,2000,40.7128,-74.006,1184,51,Heavy Rain,11.5,6.9,0,59.2,71.35
2026-06-27 15:00:00,R101,Highway,2000,40.7128,-74.006,1375,44,Heavy Rain,11.5,6.9,0,68.75,59.2
2026-06-27 16:00:00,R101,Highway,2000,40.7128,-74.006,1224,50,Heavy Rain,11.5,6.9,0,61.2,68.75
2026-06-27 17:00:00,R101,Highway,2000,40.7128,-74.006,1161,15,Heavy Rain,11.5,6.9,1,58.05,61.2
2026-06-27 18:00:00,R101,Highway,2000,40.7128,-74.006,1019,58,Heavy Rain,11.5,6.9,0,50.95,58.05
2026-06-27 19:00:00,R101,Highway,2000,40.7128,-74.006,1122,54,Heavy Rain,11.5,6.9,0,56.1,50.95
2026-06-27 20:00:00,R101,Highway,2000,40.7128,-74.006,1147,53,Heavy Rain,11.5,6.9,0,57.35,56.1
2026-06-27 21:00:00,R101,Highway,2000,40.7128,-74.006,330,80,Heavy Rain,11.5,6.9,0,16.5,57.35
2026-06-27 22:00:00,R101,Highway,2000,40.7128,-74.006,318,80,Heavy Rain,11.5,6.9,0,15.9,16.5
2026-06-27 23:00:00,R101,Highway,2000,40.7128,-74.006,396,80,Heavy Rain,11.5,6.9,0,19.8,15.9
2026-06-28 00:00:00,R101,Highway,2000,40.7128,-74.006,350,100,Cloudy,21.6,0.0,0,17.5,19.8
2026-06-28 01:00:00,R101,Highway,2000,40.7128,-74.006,413,100,Cloudy,21.6,0.0,0,20.65,17.5
2026-06-28 02:00:00,R101,Highway,2000,40.7128,-74.006,451,100,Cloudy,21.6,0.0,0,22.55,20.65
2026-06-28 03:00:00,R101,Highway,2000,40.7128,-74.006,345,100,Cloudy,21.6,0.0,0,17.25,22.55
2026-06-28 04:00:00,R101,Highway,2000,40.7128,-74.006,362,100,Cloudy,21.6,0.0,0,18.1,17.25
2026-06-28 05:00:00,R101,Highway,2000,40.7128,-74.006,452,100,Cloudy,21.6,0.0,0,22.6,18.1
2026-06-28 06:00:00,R101,Highway,2000,40.7128,-74.006,449,100,Cloudy,21.6,0.0,0,22.45,22.6
2026-06-28 07:00:00,R101,Highway,2000,40.7128,-74.006,348,100,Cloudy,21.6,0.0,0,17.4,22.45
2026-06-28 08:00:00,R101,Highway,2000,40.7128,-74.006,428,100,Cloudy,21.6,0.0,0,21.4,17.4
2026-06-28 09:00:00,R101,Highway,2000,40.7128,-74.006,459,100,Cloudy,21.6,0.0,0,22.95,21.4
2026-06-28 10:00:00,R101,Highway,2000,40.7128,-74.006,395,100,Cloudy,21.6,0.0,0,19.75,22.95
2026-06-28 11:00:00,R101,Highway,2000,40.7128,-74.006,1219,62,Cloudy,21.6,0.0,0,60.95,19.75
2026-06-28 12:00:00,R101,Highway,2000,40.7128,-74.006,1496,51,Cloudy,21.6,0.0,0,74.8,60.95
2026-06-28 13:00:00,R101,Highway,2000,40.7128,-74.006,1365,56,Cloudy,21.6,0.0,0,68.25,74.8
2026-06-28 14:00:00,R101,Highway,2000,40.7128,-74.006,1520,50,Cloudy,21.6,0.0,0,76.0,68.25
2026-06-28 15:00:00,R101,Highway,2000,40.7128,-74.006,1411,54,Cloudy,21.6,0.0,0,70.55,76.0
2026-06-28 16:00:00,R101,Highway,2000,40.7128,-74.006,1046,71,Cloudy,21.6,0.0,0,52.3,70.55
2026-06-28 17:00:00,R101,Highway,2000,40.7128,-74.006,1057,70,Cloudy,21.6,0.0,0,52.85,52.3
2026-06-28 18:00:00,R101,Highway,2000,40.7128,-74.006,1316,58,Cloudy,21.6,0.0,0,65.8,52.85
2026-06-28 19:00:00,R101,Highway,2000,40.7128,-74.006,1374,55,Cloudy,21.6,0.0,0,68.7,65.8
2026-06-28 20:00:00,R101,Highway,2000,40.7128,-74.006,1158,65,Cloudy,21.6,0.0,0,57.9,68.7
2026-06-28 21:00:00,R101,Highway,2000,40.7128,-74.006,346,100,Cloudy,21.6,0.0,0,17.3,57.9
2026-06-28 22:00:00,R101,Highway,2000,40.7128,-74.006,399,100,Cloudy,21.6,0.0,0,19.95,17.3
2026-06-28 23:00:00,R101,Highway,2000,40.7128,-74.006,458,100,Cloudy,21.6,0.0,0,22.9,19.95
2026-06-29 00:00:00,R101,Highway,2000,40.7128,-74.006,391,100,Clear,27.3,0.0,0,19.55,22.9
2026-06-29 01:00:00,R101,Highway,2000,40.7128,-74.006,346,100,Clear,27.3,0.0,0,17.3,19.55
2026-06-29 02:00:00,R101,Highway,2000,40.7128,-74.006,433,100,Clear,27.3,0.0,0,21.65,17.3
2026-06-29 03:00:00,R101,Highway,2000,40.7128,-74.006,440,100,Clear,27.3,0.0,0,22.0,21.65
2026-06-29 04:00:00,R101,Highway,2000,40.7128,-74.006,360,100,Clear,27.3,0.0,0,18.0,22.0
2026-06-29 05:00:00,R101,Highway,2000,40.7128,-74.006,428,100,Clear,27.3,0.0,0,21.4,18.0
2026-06-29 06:00:00,R101,Highway,2000,40.7128,-74.006,412,100,Clear,27.3,0.0,0,20.6,21.4
2026-06-29 07:00:00,R101,Highway,2000,40.7128,-74.006,1693,44,Clear,27.3,0.0,0,84.65,20.6
2026-06-29 08:00:00,R101,Highway,2000,40.7128,-74.006,1950,36,Clear,27.3,0.0,0,97.5,84.65
2026-06-29 09:00:00,R101,Highway,2000,40.7128,-74.006,1857,38,Clear,27.3,0.0,0,92.85,97.5
2026-06-29 10:00:00,R101,Highway,2000,40.7128,-74.006,1321,58,Clear,27.3,0.0,0,66.05,92.85
2026-06-29 11:00:00,R101,Highway,2000,40.7128,-74.006,1237,62,Clear,27.3,0.0,0,61.85,66.05
2026-06-29 12:00:00,R101,Highway,2000,40.7128,-74.006,1039,71,Clear,27.3,0.0,0,51.95,61.85
2026-06-29 13:00:00,R101,Highway,2000,40.7128,-74.006,1092,69,Clear,27.3,0.0,0,54.6,51.95
2026-06-29 14:00:00,R101,Highway,2000,40.7128,-74.006,1256,61,Clear,27.3,0.0,0,62.8,54.6
2026-06-29 15:00:00,R101,Highway,2000,40.7128,-74.006,1332,57,Clear,27.3,0.0,0,66.6,62.8
2026-06-29 16:00:00,R101,Highway,2000,40.7128,-74.006,1680,44,Clear,27.3,0.0,0,84.0,66.6
2026-06-29 17:00:00,R101,Highway,2000,40.7128,-74.006,2067,33,Clear,27.3,0.0,0,103.35,84.0
2026-06-29 18:00:00,R101,Highway,2000,40.7128,-74.006,2036,34,Clear,27.3,0.0,0,101.8,103.35
2026-06-29 19:00:00,R101,Highway,2000,40.7128,-74.006,1807,40,Clear,27.3,0.0,0,90.35,101.8
2026-06-29 20:00:00,R101,Highway,2000,40.7128,-74.006,352,100,Clear,27.3,0.0,0,17.6,90.35
2026-06-29 21:00:00,R101,Highway,2000,40.7128,-74.006,345,100,Clear,27.3,0.0,0,17.25,17.6
2026-06-29 22:00:00,R101,Highway,2000,40.7128,-74.006,435,100,Clear,27.3,0.0,0,21.75,17.25
2026-06-29 23:00:00,R101,Highway,2000,40.7128,-74.006,440,100,Clear,27.3,0.0,0,22.0,21.75
2026-06-30 00:00:00,R101,Highway,2000,40.7128,-74.006,355,100,Clear,25.9,0.0,0,17.75,22.0
2026-06-30 01:00:00,R101,Highway,2000,40.7128,-74.006,450,100,Clear,25.9,0.0,0,22.5,17.75
2026-06-30 02:00:00,R101,Highway,2000,40.7128,-74.006,375,100,Clear,25.9,0.0,0,18.75,22.5
2026-06-30 03:00:00,R101,Highway,2000,40.7128,-74.006,377,100,Clear,25.9,0.0,0,18.85,18.75
2026-06-30 04:00:00,R101,Highway,2000,40.7128,-74.006,437,100,Clear,25.9,0.0,0,21.85,18.85
2026-06-30 05:00:00,R101,Highway,2000,40.7128,-74.006,447,100,Clear,25.9,0.0,0,22.35,21.85
2026-06-30 06:00:00,R101,Highway,2000,40.7128,-74.006,422,100,Clear,25.9,0.0,0,21.1,22.35
2026-06-30 07:00:00,R101,Highway,2000,40.7128,-74.006,1606,47,Clear,25.9,0.0,0,80.3,21.1
2026-06-30 08:00:00,R101,Highway,2000,40.7128,-74.006,1908,37,Clear,25.9,0.0,0,95.4,80.3
2026-06-30 09:00:00,R101,Highway,2000,40.7128,-74.006,2012,34,Clear,25.9,0.0,0,100.6,95.4
2026-06-30 10:00:00,R101,Highway,2000,40.7128,-74.006,1280,60,Clear,25.9,0.0,0,64.0,100.6
2026-06-30 11:00:00,R101,Highway,2000,40.7128,-74.006,1315,58,Clear,25.9,0.0,0,65.75,64.0
2026-06-30 12:00:00,R101,Highway,2000,40.7128,-74.006,1349,57,Clear,25.9,0.0,0,67.45,65.75
2026-06-30 13:00:00,R101,Highway,2000,40.7128,-74.006,1333,57,Clear,25.9,0.0,0,66.65,67.45
2026-06-30 14:00:00,R101,Highway,2000,40.7128,-74.006,1213,63,Clear,25.9,0.0,0,60.65,66.65
2026-06-30 15:00:00,R101,Highway,2000,40.7128,-74.006,1137,66,Clear,25.9,0.0,0,56.85,60.65
2026-06-30 16:00:00,R101,Highway,2000,40.7128,-74.006,2034,34,Clear,25.9,0.0,0,101.7,56.85
2026-06-30 17:00:00,R101,Highway,2000,40.7128,-74.006,1938,36,Clear,25.9,0.0,0,96.9,101.7
2026-06-30 18:00:00,R101,Highway,2000,40.7128,-74.006,1692,44,Clear,25.9,0.0,0,84.6,96.9
2026-06-30 19:00:00,R101,Highway,2000,40.7128,-74.006,1811,40,Clear,25.9,0.0,0,90.55,84.6
2026-06-30 20:00:00,R101,Highway,2000,40.7128,-74.006,391,100,Clear,25.9,0.0,0,19.55,90.55
2026-06-30 21:00:00,R101,Highway,2000,40.7128,-74.006,342,100,Clear,25.9,0.0,0,17.1,19.55
2026-06-30 22:00:00,R101,Highway,2000,40.7128,-74.006,350,100,Clear,25.9,0.0,0,17.5,17.1
2026-06-30 23:00:00,R101,Highway,2000,40.7128,-74.006,377,100,Clear,25.9,0.0,0,18.85,17.5
2026-07-01 00:00:00,R101,Highway,2000,40.7128,-74.006,403,100,Clear,24.7,0.0,0,20.15,18.85
2026-07-01 01:00:00,R101,Highway,2000,40.7128,-74.006,353,100,Clear,24.7,0.0,0,17.65,20.15
2026-07-01 02:00:00,R101,Highway,2000,40.7128,-74.006,357,100,Clear,24.7,0.0,0,17.85,17.65
2026-07-01 03:00:00,R101,Highway,2000,40.7128,-74.006,436,100,Clear,24.7,0.0,0,21.8,17.85
2026-07-01 04:00:00,R101,Highway,2000,40.7128,-74.006,380,100,Clear,24.7,0.0,0,19.0,21.8
2026-07-01 05:00:00,R101,Highway,2000,40.7128,-74.006,350,100,Clear,24.7,0.0,0,17.5,19.0
2026-07-01 06:00:00,R101,Highway,2000,40.7128,-74.006,407,100,Clear,24.7,0.0,0,20.35,17.5
2026-07-01 07:00:00,R101,Highway,2000,40.7128,-74.006,1565,48,Clear,24.7,0.0,0,78.25,20.35
2026-07-01 08:00:00,R101,Highway,2000,40.7128,-74.006,1903,37,Clear,24.7,0.0,0,95.15,78.25
2026-07-01 09:00:00,R101,Highway,2000,40.7128,-74.006,1770,41,Clear,24.7,0.0,0,88.5,95.15
2026-07-01 10:00:00,R101,Highway,2000,40.7128,-74.006,1060,70,Clear,24.7,0.0,0,53.0,88.5
2026-07-01 11:00:00,R101,Highway,2000,40.7128,-74.006,1074,70,Clear,24.7,0.0,0,53.7,53.0
2026-07-01 12:00:00,R101,Highway,2000,40.7128,-74.006,1293,59,Clear,24.7,0.0,0,64.65,53.7
2026-07-01 13:00:00,R101,Highway,2000,40.7128,-74.006,1020,72,Clear,24.7,0.0,0,51.0,64.65
2026-07-01 14:00:00,R101,Highway,2000,40.7128,-74.006,1061,70,Clear,24.7,0.0,0,53.05,51.0
2026-07-01 15:00:00,R101,Highway,2000,40.7128,-74.006,1353,56,Clear,24.7,0.0,0,67.65,53.05
2026-07-01 16:00:00,R101,Highway,2000,40.7128,-74.006,1833,39,Clear,24.7,0.0,0,91.65,67.65
2026-07-01 17:00:00,R101,Highway,2000,40.7128,-74.006,1903,37,Clear,24.7,0.0,0,95.15,91.65
2026-07-01 18:00:00,R101,Highway,2000,40.7128,-74.006,1976,35,Clear,24.7,0.0,0,98.8,95.15
2026-07-01 19:00:00,R101,Highway,2000,40.7128,-74.006,1759,41,Clear,24.7,0.0,0,87.95,98.8
2026-07-01 20:00:00,R101,Highway,2000,40.7128,-74.006,345,100,Clear,24.7,0.0,0,17.25,87.95
2026-07-01 21:00:00,R101,Highway,2000,40.7128,-74.006,407,100,Clear,24.7,0.0,0,20.35,17.25
2026-07-01 22:00:00,R101,Highway,2000,40.7128,-74.006,372,100,Clear,24.7,0.0,0,18.6,20.35
2026-07-01 23:00:00,R101,Highway,2000,40.7128,-74.006,459,100,Clear,24.7,0.0,0,22.95,18.6
2026-07-02 00:00:00,R101,Highway,2000,40.7128,-74.006,373,100,Cloudy,18.9,0.0,0,18.65,22.95
2026-07-02 01:00:00,R101,Highway,2000,40.7128,-74.006,451,100,Cloudy,18.9,0.0,0,22.55,18.65
2026-07-02 02:00:00,R101,Highway,2000,40.7128,-74.006,418,100,Cloudy,18.9,0.0,0,20.9,22.55
2026-07-02 03:00:00,R101,Highway,2000,40.7128,-74.006,355,100,Cloudy,18.9,0.0,0,17.75,20.9
2026-07-02 04:00:00,R101,Highway,2000,40.7128,-74.006,350,100,Cloudy,18.9,0.0,0,17.5,17.75
2026-07-02 05:00:00,R101,Highway,2000,40.7128,-74.006,396,100,Cloudy,18.9,0.0,0,19.8,17.5
2026-07-02 06:00:00,R101,Highway,2000,40.7128,-74.006,426,100,Cloudy,18.9,0.0,0,21.3,19.8
2026-07-02 07:00:00,R101,Highway,2000,40.7128,-74.006,1572,48,Cloudy,18.9,0.0,0,78.6,21.3
2026-07-02 08:00:00,R101,Highway,2000,40.7128,-74.006,1556,48,Cloudy,18.9,0.0,0,77.8,78.6
2026-07-02 09:00:00,R101,Highway,2000,40.7128,-74.006,1605,47,Cloudy,18.9,0.0,0,80.25,77.8
2026-07-02 10:00:00,R101,Highway,2000,40.7128,-74.006,1069,70,Cloudy,18.9,0.0,0,53.45,80.25
2026-07-02 11:00:00,R101,Highway,2000,40.7128,-74.006,1378,55,Cloudy,18.9,0.0,0,68.9,53.45
2026-07-02 12:00:00,R101,Highway,2000,40.7128,-74.006,1121,67,Cloudy,18.9,0.0,0,56.05,68.9
2026-07-02 13:00:00,R101,Highway,2000,40.7128,-74.006,1198,63,Cloudy,18.9,0.0,0,59.9,56.05
2026-07-02 14:00:00,R101,Highway,2000,40.7128,-74.006,1233,62,Cloudy,18.9,0.0,0,61.65,59.9
2026-07-02 15:00:00,R101,Highway,2000,40.7128,-74.006,1298,59,Cloudy,18.9,0.0,0,64.9,61.65
2026-07-02 16:00:00,R101,Highway,2000,40.7128,-74.006,2038,34,Cloudy,18.9,0.0,0,101.9,64.9
2026-07-02 17:00:00,R101,Highway,2000,40.7128,-74.006,2400,7,Cloudy,18.9,0.0,1,120.0,101.9
2026-07-02 18:00:00,R101,Highway,2000,40.7128,-74.006,1633,46,Cloudy,18.9,0.0,0,81.65,120.0
2026-07-02 19:00:00,R101,Highway,2000,40.7128,-74.006,1969,35,Cloudy,18.9,0.0,0,98.45,81.65
2026-07-02 20:00:00,R101,Highway,2000,40.7128,-74.006,421,100,Cloudy,18.9,0.0,0,21.05,98.45
2026-07-02 21:00:00,R101,Highway,2000,40.7128,-74.006,361,100,Cloudy,18.9,0.0,0,18.05,21.05
2026-07-02 22:00:00,R101,Highway,2000,40.7128,-74.006,425,100,Cloudy,18.9,0.0,0,21.25,18.05
2026-07-02 23:00:00,R101,Highway,2000,40.7128,-74.006,378,100,Cloudy,18.9,0.0,0,18.9,21.25
2026-07-03 00:00:00,R101,Highway,2000,40.7128,-74.006,450,100,Clear,34.5,0.0,0,22.5,18.9
2026-07-03 01:00:00,R101,Highway,2000,40.7128,-74.006,341,100,Clear,34.5,0.0,0,17.05,22.5
2026-07-03 02:00:00,R101,Highway,2000,40.7128,-74.006,419,100,Clear,34.5,0.0,0,20.95,17.05
2026-07-03 03:00:00,R101,Highway,2000,40.7128,-74.006,379,100,Clear,34.5,0.0,0,18.95,20.95
2026-07-03 04:00:00,R101,Highway,2000,40.7128,-74.006,420,100,Clear,34.5,0.0,0,21.0,18.95
2026-07-03 05:00:00,R101,Highway,2000,40.7128,-74.006,367,100,Clear,34.5,0.0,0,18.35,21.0
2026-07-03 06:00:00,R101,Highway,2000,40.7128,-74.006,342,100,Clear,34.5,0.0,0,17.1,18.35
2026-07-03 07:00:00,R101,Highway,2000,40.7128,-74.006,1984,35,Clear,34.5,0.0,0,99.2,17.1
2026-07-03 08:00:00,R101,Highway,2000,40.7128,-74.006,1980,35,Clear,34.5,0.0,0,99.0,99.2
2026-07-03 09:00:00,R101,Highway,2000,40.7128,-74.006,1571,48,Clear,34.5,0.0,0,78.55,99.0
2026-07-03 10:00:00,R101,Highway,2000,40.7128,-74.006,1220,62,Clear,34.5,0.0,0,61.0,78.55
2026-07-03 11:00:00,R101,Highway,2000,40.7128,-74.006,1246,61,Clear,34.5,0.0,0,62.3,61.0
2026-07-03 12:00:00,R101,Highway,2000,40.7128,-74.006,1046,71,Clear,34.5,0.0,0,52.3,62.3
2026-07-03 13:00:00,R101,Highway,2000,40.7128,-74.006,1059,70,Clear,34.5,0.0,0,52.95,52.3
2026-07-03 14:00:00,R101,Highway,2000,40.7128,-74.006,1121,67,Clear,34.5,0.0,0,56.05,52.95
2026-07-03 15:00:00,R101,Highway,2000,40.7128,-74.006,1151,66,Clear,34.5,0.0,0,57.55,56.05
2026-07-03 16:00:00,R101,Highway,2000,40.7128,-74.006,1802,40,Clear,34.5,0.0,0,90.1,57.55
2026-07-03 17:00:00,R101,Highway,2000,40.7128,-74.006,1616,46,Clear,34.5,0.0,0,80.8,90.1
2026-07-03 18:00:00,R101,Highway,2000,40.7128,-74.006,1935,36,Clear,34.5,0.0,0,96.75,80.8
2026-07-03 19:00:00,R101,Highway,2000,40.7128,-74.006,2168,30,Clear,34.5,0.0,0,108.4,96.75
2026-07-03 20:00:00,R101,Highway,2000,40.7128,-74.006,396,100,Clear,34.5,0.0,0,19.8,108.4
2026-07-03 21:00:00,R101,Highway,2000,40.7128,-74.006,408,100,Clear,34.5,0.0,0,20.4,19.8
2026-07-03 22:00:00,R101,Highway,2000,40.7128,-74.006,371,100,Clear,34.5,0.0,0,18.55,20.4
2026-07-03 23:00:00,R101,Highway,2000,40.7128,-74.006,458,100,Clear,34.5,0.0,0,22.9,18.55
2026-07-04 00:00:00,R101,Highway,2000,40.7128,-74.006,414,100,Cloudy,24.4,0.0,0,20.7,22.9
2026-07-04 01:00:00,R101,Highway,2000,40.7128,-74.006,414,100,Cloudy,24.4,0.0,0,20.7,20.7
2026-07-04 02:00:00,R101,Highway,2000,40.7128,-74.006,342,100,Cloudy,24.4,0.0,0,17.1,20.7
2026-07-04 03:00:00,R101,Highway,2000,40.7128,-74.006,347,100,Cloudy,24.4,0.0,0,17.35,17.1
2026-07-04 04:00:00,R101,Highway,2000,40.7128,-74.006,367,100,Cloudy,24.4,0.0,0,18.35,17.35
2026-07-04 05:00:00,R101,Highway,2000,40.7128,-74.006,435,100,Cloudy,24.4,0.0,0,21.75,18.35
2026-07-04 06:00:00,R101,Highway,2000,40.7128,-74.006,452,100,Cloudy,24.4,0.0,0,22.6,21.75
2026-07-04 07:00:00,R101,Highway,2000,40.7128,-74.006,366,100,Cloudy,24.4,0.0,0,18.3,22.6
2026-07-04 08:00:00,R101,Highway,2000,40.7128,-74.006,355,100,Cloudy,24.4,0.0,0,17.75,18.3
2026-07-04 09:00:00,R101,Highway,2000,40.7128,-74.006,357,100,Cloudy,24.4,0.0,0,17.85,17.75
2026-07-04 10:00:00,R101,Highway,2000,40.7128,-74.006,375,100,Cloudy,24.4,0.0,0,18.75,17.85
2026-07-04 11:00:00,R101,Highway,2000,40.7128,-74.006,1549,49,Cloudy,24.4,0.0,0,77.45,18.75
2026-07-04 12:00:00,R101,Highway,2000,40.7128,-74.006,1357,56,Cloudy,24.4,0.0,0,67.85,77.45
2026-07-04 13:00:00,R101,Highway,2000,40.7128,-74.006,1339,57,Cloudy,24.4,0.0,0,66.95,67.85
2026-07-04 14:00:00,R101,Highway,2000,40.7128,-74.006,1410,54,Cloudy,24.4,0.0,0,70.5,66.95
2026-07-04 15:00:00,R101,Highway,2000,40.7128,-74.006,1298,59,Cloudy,24.4,0.0,0,64.9,70.5
2026-07-04 16:00:00,R101,Highway,2000,40.7128,-74.006,1130,67,Cloudy,24.4,0.0,0,56.5,64.9
2026-07-04 17:00:00,R101,Highway,2000,40.7128,-74.006,1214,63,Cloudy,24.4,0.0,0,60.7,56.5
2026-07-04 18:00:00,R101,Highway,2000,40.7128,-74.006,1099,68,Cloudy,24.4,0.0,0,54.95,60.7
2026-07-04 19:00:00,R101,Highway,2000,40.7128,-74.006,1081,69,Cloudy,24.4,0.0,0,54.05,54.95
2026-07-04 20:00:00,R101,Highway,2000,40.7128,-74.006,1225,62,Cloudy,24.4,0.0,0,61.25,54.05
2026-07-04 21:00:00,R101,Highway,2000,40.7128,-74.006,397,100,Cloudy,24.4,0.0,0,19.85,61.25
2026-07-04 22:00:00,R101,Highway,2000,40.7128,-74.006,413,100,Cloudy,24.4,0.0,0,20.65,19.85
2026-07-04 23:00:00,R101,Highway,2000,40.7128,-74.006,374,100,Cloudy,24.4,0.0,0,18.7,20.65
2026-07-05 00:00:00,R101,Highway,2000,40.7128,-74.006,424,100,Clear,25.8,0.0,0,21.2,18.7
2026-07-05 01:00:00,R101,Highway,2000,40.7128,-74.006,362,100,Clear,25.8,0.0,0,18.1,21.2
2026-07-05 02:00:00,R101,Highway,2000,40.7128,-74.006,408,100,Clear,25.8,0.0,0,20.4,18.1
2026-07-05 03:00:00,R101,Highway,2000,40.7128,-74.006,346,100,Clear,25.8,0.0,0,17.3,20.4
2026-07-05 04:00:00,R101,Highway,2000,40.7128,-74.006,373,100,Clear,25.8,0.0,0,18.65,17.3
2026-07-05 05:00:00,R101,Highway,2000,40.7128,-74.006,426,100,Clear,25.8,0.0,0,21.3,18.65
2026-07-05 06:00:00,R101,Highway,2000,40.7128,-74.006,394,100,Clear,25.8,0.0,0,19.7,21.3
2026-07-05 07:00:00,R101,Highway,2000,40.7128,-74.006,407,100,Clear,25.8,0.0,0,20.35,19.7
2026-07-05 08:00:00,R101,Highway,2000,40.7128,-74.006,421,100,Clear,25.8,0.0,0,21.05,20.35
2026-07-05 09:00:00,R101,Highway,2000,40.7128,-74.006,437,100,Clear,25.8,0.0,0,21.85,21.05
2026-07-05 10:00:00,R101,Highway,2000,40.7128,-74.006,395,100,Clear,25.8,0.0,0,19.75,21.85
2026-07-05 11:00:00,R101,Highway,2000,40.7128,-74.006,1253,61,Clear,25.8,0.0,0,62.65,19.75
2026-07-05 12:00:00,R101,Highway,2000,40.7128,-74.006,1430,53,Clear,25.8,0.0,0,71.5,62.65
2026-07-05 13:00:00,R101,Highway,2000,40.7128,-74.006,1510,50,Clear,25.8,0.0,0,75.5,71.5
2026-07-05 14:00:00,R101,Highway,2000,40.7128,-74.006,1194,64,Clear,25.8,0.0,0,59.7,75.5
2026-07-05 15:00:00,R101,Highway,2000,40.7128,-74.006,1326,58,Clear,25.8,0.0,0,66.3,59.7
2026-07-05 16:00:00,R101,Highway,2000,40.7128,-74.006,1335,57,Clear,25.8,0.0,0,66.75,66.3
2026-07-05 17:00:00,R101,Highway,2000,40.7128,-74.006,1162,65,Clear,25.8,0.0,0,58.1,66.75
2026-07-05 18:00:00,R101,Highway,2000,40.7128,-74.006,1255,61,Clear,25.8,0.0,0,62.75,58.1
2026-07-05 19:00:00,R101,Highway,2000,40.7128,-74.006,1214,63,Clear,25.8,0.0,0,60.7,62.75
2026-07-05 20:00:00,R101,Highway,2000,40.7128,-74.006,1049,71,Clear,25.8,0.0,0,52.45,60.7
2026-07-05 21:00:00,R101,Highway,2000,40.7128,-74.006,432,100,Clear,25.8,0.0,0,21.6,52.45
2026-07-05 22:00:00,R101,Highway,2000,40.7128,-74.006,422,100,Clear,25.8,0.0,0,21.1,21.6
2026-07-05 23:00:00,R101,Highway,2000,40.7128,-74.006,382,100,Clear,25.8,0.0,0,19.1,21.1
2026-07-06 00:00:00,R101,Highway,2000,40.7128,-74.006,456,100,Clear,31.4,0.0,0,22.8,19.1
2026-07-06 01:00:00,R101,Highway,2000,40.7128,-74.006,387,100,Clear,31.4,0.0,0,19.35,22.8
2026-07-06 02:00:00,R101,Highway,2000,40.7128,-74.006,361,100,Clear,31.4,0.0,0,18.05,19.35
2026-07-06 03:00:00,R101,Highway,2000,40.7128,-74.006,437,100,Clear,31.4,0.0,0,21.85,18.05
2026-07-06 04:00:00,R101,Highway,2000,40.7128,-74.006,429,100,Clear,31.4,0.0,0,21.45,21.85
2026-07-06 05:00:00,R101,Highway,2000,40.7128,-74.006,425,100,Clear,31.4,0.0,0,21.25,21.45
2026-07-06 06:00:00,R101,Highway,2000,40.7128,-74.006,374,100,Clear,31.4,0.0,0,18.7,21.25
2026-07-06 07:00:00,R101,Highway,2000,40.7128,-74.006,1706,43,Clear,31.4,0.0,0,85.3,18.7
2026-07-06 08:00:00,R101,Highway,2000,40.7128,-74.006,1667,44,Clear,31.4,0.0,0,83.35,85.3
2026-07-06 09:00:00,R101,Highway,2000,40.7128,-74.006,1613,46,Clear,31.4,0.0,0,80.65,83.35
2026-07-06 10:00:00,R101,Highway,2000,40.7128,-74.006,1168,65,Clear,31.4,0.0,0,58.4,80.65
2026-07-06 11:00:00,R101,Highway,2000,40.7128,-74.006,1112,68,Clear,31.4,0.0,0,55.6,58.4
2026-07-06 12:00:00,R101,Highway,2000,40.7128,-74.006,1079,69,Clear,31.4,0.0,0,53.95,55.6
2026-07-06 13:00:00,R101,Highway,2000,40.7128,-74.006,1135,66,Clear,31.4,0.0,0,56.75,53.95
2026-07-06 14:00:00,R101,Highway,2000,40.7128,-74.006,1045,71,Clear,31.4,0.0,0,52.25,56.75
2026-07-06 15:00:00,R101,Highway,2000,40.7128,-74.006,1099,68,Clear,31.4,0.0,0,54.95,52.25
2026-07-06 16:00:00,R101,Highway,2000,40.7128,-74.006,1851,39,Clear,31.4,0.0,0,92.55,54.95
2026-07-06 17:00:00,R101,Highway,2000,40.7128,-74.006,2050,33,Clear,31.4,0.0,0,102.5,92.55
2026-07-06 18:00:00,R101,Highway,2000,40.7128,-74.006,1919,37,Clear,31.4,0.0,0,95.95,102.5
2026-07-06 19:00:00,R101,Highway,2000,40.7128,-74.006,2140,9,Clear,31.4,0.0,1,107.0,95.95
2026-07-06 20:00:00,R101,Highway,2000,40.7128,-74.006,349,100,Clear,31.4,0.0,0,17.45,107.0
2026-07-06 21:00:00,R101,Highway,2000,40.7128,-74.006,358,100,Clear,31.4,0.0,0,17.9,17.45
2026-07-06 22:00:00,R101,Highway,2000,40.7128,-74.006,430,100,Clear,31.4,0.0,0,21.5,17.9
2026-07-06 23:00:00,R101,Highway,2000,40.7128,-74.006,427,100,Clear,31.4,0.0,0,21.35,21.5
2026-07-07 00:00:00,R101,Highway,2000,40.7128,-74.006,341,100,Clear,26.4,0.0,0,17.05,21.35
2026-07-07 01:00:00,R101,Highway,2000,40.7128,-74.006,365,100,Clear,26.4,0.0,0,18.25,17.05
2026-07-07 02:00:00,R101,Highway,2000,40.7128,-74.006,395,100,Clear,26.4,0.0,0,19.75,18.25
2026-07-07 03:00:00,R101,Highway,2000,40.7128,-74.006,365,100,Clear,26.4,0.0,0,18.25,19.75
2026-07-07 04:00:00,R101,Highway,2000,40.7128,-74.006,415,100,Clear,26.4,0.0,0,20.75,18.25
2026-07-07 05:00:00,R101,Highway,2000,40.7128,-74.006,435,100,Clear,26.4,0.0,0,21.75,20.75
2026-07-07 06:00:00,R101,Highway,2000,40.7128,-74.006,389,100,Clear,26.4,0.0,0,19.45,21.75
2026-07-07 07:00:00,R101,Highway,2000,40.7128,-74.006,1706,43,Clear,26.4,0.0,0,85.3,19.45
2026-07-07 08:00:00,R101,Highway,2000,40.7128,-74.006,1809,40,Clear,26.4,0.0,0,90.45,85.3
2026-07-07 09:00:00,R101,Highway,2000,40.7128,-74.006,1605,47,Clear,26.4,0.0,0,80.25,90.45
2026-07-07 10:00:00,R101,Highway,2000,40.7128,-74.006,1138,66,Clear,26.4,0.0,0,56.9,80.25
2026-07-07 11:00:00,R101,Highway,2000,40.7128,-74.006,1079,69,Clear,26.4,0.0,0,53.95,56.9
2026-07-07 12:00:00,R101,Highway,2000,40.7128,-74.006,1127,67,Clear,26.4,0.0,0,56.35,53.95
2026-07-07 13:00:00,R101,Highway,2000,40.7128,-74.006,1104,68,Clear,26.4,0.0,0,55.2,56.35
2026-07-07 14:00:00,R101,Highway,2000,40.7128,-74.006,1222,62,Clear,26.4,0.0,0,61.1,55.2
2026-07-07 15:00:00,R101,Highway,2000,40.7128,-74.006,1294,59,Clear,26.4,0.0,0,64.7,61.1
2026-07-07 16:00:00,R101,Highway,2000,40.7128,-74.006,2126,31,Clear,26.4,0.0,0,106.3,64.7
2026-07-07 17:00:00,R101,Highway,2000,40.7128,-74.006,1664,45,Clear,26.4,0.0,0,83.2,106.3
2026-07-07 18:00:00,R101,Highway,2000,40.7128,-74.006,1640,45,Clear,26.4,0.0,0,82.0,83.2
2026-07-07 19:00:00,R101,Highway,2000,40.7128,-74.006,1861,38,Clear,26.4,0.0,0,93.05,82.0
2026-07-07 20:00:00,R101,Highway,2000,40.7128,-74.006,381,100,Clear,26.4,0.0,0,19.05,93.05
2026-07-07 21:00:00,R101,Highway,2000,40.7128,-74.006,418,100,Clear,26.4,0.0,0,20.9,19.05
2026-07-07 22:00:00,R101,Highway,2000,40.7128,-74.006,409,100,Clear,26.4,0.0,0,20.45,20.9
2026-07-07 23:00:00,R101,Highway,2000,40.7128,-74.006,381,100,Clear,26.4,0.0,0,19.05,20.45
2026-07-08 00:00:00,R101,Highway,2000,40.7128,-74.006,457,100,Cloudy,24.7,0.0,0,22.85,19.05
2026-07-08 01:00:00,R101,Highway,2000,40.7128,-74.006,432,100,Cloudy,24.7,0.0,0,21.6,22.85
2026-07-08 02:00:00,R101,Highway,2000,40.7128,-74.006,403,100,Cloudy,24.7,0.0,0,20.15,21.6
2026-07-08 03:00:00,R101,Highway,2000,40.7128,-74.006,390,100,Cloudy,24.7,0.0,0,19.5,20.15
2026-07-08 04:00:00,R101,Highway,2000,40.7128,-74.006,437,100,Cloudy,24.7,0.0,0,21.85,19.5
2026-07-08 05:00:00,R101,Highway,2000,40.7128,-74.006,345,100,Cloudy,24.7,0.0,0,17.25,21.85
2026-07-08 06:00:00,R101,Highway,2000,40.7128,-74.006,438,100,Cloudy,24.7,0.0,0,21.9,17.25
2026-07-08 07:00:00,R101,Highway,2000,40.7128,-74.006,1954,36,Cloudy,24.7,0.0,0,97.7,21.9
2026-07-08 08:00:00,R101,Highway,2000,40.7128,-74.006,1826,39,Cloudy,24.7,0.0,0,91.3,97.7
2026-07-08 09:00:00,R101,Highway,2000,40.7128,-74.006,1919,37,Cloudy,24.7,0.0,0,95.95,91.3
2026-07-08 10:00:00,R101,Highway,2000,40.7128,-74.006,1059,70,Cloudy,24.7,0.0,0,52.95,95.95
2026-07-08 11:00:00,R101,Highway,2000,40.7128,-74.006,1271,60,Cloudy,24.7,0.0,0,63.55,52.95
2026-07-08 12:00:00,R101,Highway,2000,40.7128,-74.006,1185,64,Cloudy,24.7,0.0,0,59.25,63.55
2026-07-08 13:00:00,R101,Highway,2000,40.7128,-74.006,1237,62,Cloudy,24.7,0.0,0,61.85,59.25
2026-07-08 14:00:00,R101,Highway,2000,40.7128,-74.006,1344,57,Cloudy,24.7,0.0,0,67.2,61.85
2026-07-08 15:00:00,R101,Highway,2000,40.7128,-74.006,1134,66,Cloudy,24.7,0.0,0,56.7,67.2
2026-07-08 16:00:00,R101,Highway,2000,40.7128,-74.006,1808,40,Cloudy,24.7,0.0,0,90.4,56.7
2026-07-08 17:00:00,R101,Highway,2000,40.7128,-74.006,1825,39,Cloudy,24.7,0.0,0,91.25,90.4
2026-07-08 18:00:00,R101,Highway,2000,40.7128,-74.006,1647,45,Cloudy,24.7,0.0,0,82.35,91.25
2026-07-08 19:00:00,R101,Highway,2000,40.7128,-74.006,1760,41,Cloudy,24.7,0.0,0,88.0,82.35
2026-07-08 20:00:00,R101,Highway,2000,40.7128,-74.006,397,100,Cloudy,24.7,0.0,0,19.85,88.0
2026-07-08 21:00:00,R101,Highway,2000,40.7128,-74.006,448,100,Cloudy,24.7,0.0,0,22.4,19.85
2026-07-08 22:00:00,R101,Highway,2000,40.7128,-74.006,429,100,Cloudy,24.7,0.0,0,21.45,22.4
2026-07-08 23:00:00,R101,Highway,2000,40.7128,-74.006,459,100,Cloudy,24.7,0.0,0,22.95,21.45
2026-07-09 00:00:00,R101,Highway,2000,40.7128,-74.006,433,100,Cloudy,15.5,0.0,0,21.65,22.95
2026-07-09 01:00:00,R101,Highway,2000,40.7128,-74.006,398,100,Cloudy,15.5,0.0,0,19.9,21.65
2026-07-09 02:00:00,R101,Highway,2000,40.7128,-74.006,429,100,Cloudy,15.5,0.0,0,21.45,19.9
2026-07-09 03:00:00,R101,Highway,2000,40.7128,-74.006,427,100,Cloudy,15.5,0.0,0,21.35,21.45
2026-07-09 04:00:00,R101,Highway,2000,40.7128,-74.006,439,100,Cloudy,15.5,0.0,0,21.95,21.35
2026-07-09 05:00:00,R101,Highway,2000,40.7128,-74.006,390,100,Cloudy,15.5,0.0,0,19.5,21.95
2026-07-09 06:00:00,R101,Highway,2000,40.7128,-74.006,446,100,Cloudy,15.5,0.0,0,22.3,19.5
2026-07-09 07:00:00,R101,Highway,2000,40.7128,-74.006,1969,35,Cloudy,15.5,0.0,0,98.45,22.3
2026-07-09 08:00:00,R101,Highway,2000,40.7128,-74.006,1564,48,Cloudy,15.5,0.0,0,78.2,98.45
2026-07-09 09:00:00,R101,Highway,2000,40.7128,-74.006,1780,41,Cloudy,15.5,0.0,0,89.0,78.2
2026-07-09 10:00:00,R101,Highway,2000,40.7128,-74.006,1117,67,Cloudy,15.5,0.0,0,55.85,89.0
2026-07-09 11:00:00,R101,Highway,2000,40.7128,-74.006,1033,72,Cloudy,15.5,0.0,0,51.65,55.85
2026-07-09 12:00:00,R101,Highway,2000,40.7128,-74.006,1026,72,Cloudy,15.5,0.0,0,51.3,51.65
2026-07-09 13:00:00,R101,Highway,2000,40.7128,-74.006,1210,63,Cloudy,15.5,0.0,0,60.5,51.3
2026-07-09 14:00:00,R101,Highway,2000,40.7128,-74.006,1346,57,Cloudy,15.5,0.0,0,67.3,60.5
2026-07-09 15:00:00,R101,Highway,2000,40.7128,-74.006,1222,62,Cloudy,15.5,0.0,0,61.1,67.3
2026-07-09 16:00:00,R101,Highway,2000,40.7128,-74.006,2123,31,Cloudy,15.5,0.0,0,106.15,61.1
2026-07-09 17:00:00,R101,Highway,2000,40.7128,-74.006,1791,40,Cloudy,15.5,0.0,0,89.55,106.15
2026-07-09 18:00:00,R101,Highway,2000,40.7128,-74.006,1988,35,Cloudy,15.5,0.0,0,99.4,89.55
2026-07-09 19:00:00,R101,Highway,2000,40.7128,-74.006,1637,45,Cloudy,15.5,0.0,0,81.85,99.4
2026-07-09 20:00:00,R101,Highway,2000,40.7128,-74.006,340,100,Cloudy,15.5,0.0,0,17.0,81.85
2026-07-09 21:00:00,R101,Highway,2000,40.7128,-74.006,438,100,Cloudy,15.5,0.0,0,21.9,17.0
2026-07-09 22:00:00,R101,Highway,2000,40.7128,-74.006,352,100,Cloudy,15.5,0.0,0,17.6,21.9
2026-07-09 23:00:00,R101,Highway,2000,40.7128,-74.006,346,100,Cloudy,15.5,0.0,0,17.3,17.6
2026-07-10 00:00:00,R101,Highway,2000,40.7128,-74.006,419,100,Cloudy,21.6,0.0,0,20.95,17.3
2026-07-10 01:00:00,R101,Highway,2000,40.7128,-74.006,386,100,Cloudy,21.6,0.0,0,19.3,20.95
2026-07-10 02:00:00,R101,Highway,2000,40.7128,-74.006,448,100,Cloudy,21.6,0.0,0,22.4,19.3
2026-07-10 03:00:00,R101,Highway,2000,40.7128,-74.006,352,100,Cloudy,21.6,0.0,0,17.6,22.4
2026-07-10 04:00:00,R101,Highway,2000,40.7128,-74.006,382,100,Cloudy,21.6,0.0,0,19.1,17.6
2026-07-10 05:00:00,R101,Highway,2000,40.7128,-74.006,388,100,Cloudy,21.6,0.0,0,19.4,19.1
2026-07-10 06:00:00,R101,Highway,2000,40.7128,-74.006,362,100,Cloudy,21.6,0.0,0,18.1,19.4
2026-07-10 07:00:00,R101,Highway,2000,40.7128,-74.006,1538,49,Cloudy,21.6,0.0,0,76.9,18.1
2026-07-10 08:00:00,R101,Highway,2000,40.7128,-74.006,1893,37,Cloudy,21.6,0.0,0,94.65,76.9
2026-07-10 09:00:00,R101,Highway,2000,40.7128,-74.006,2005,34,Cloudy,21.6,0.0,0,100.25,94.65
2026-07-10 10:00:00,R101,Highway,2000,40.7128,-74.006,1242,61,Cloudy,21.6,0.0,0,62.1,100.25
2026-07-10 11:00:00,R101,Highway,2000,40.7128,-74.006,1297,59,Cloudy,21.6,0.0,0,64.85,62.1
2026-07-10 12:00:00,R101,Highway,2000,40.7128,-74.006,1245,61,Cloudy,21.6,0.0,0,62.25,64.85
2026-07-10 13:00:00,R101,Highway,2000,40.7128,-74.006,1096,68,Cloudy,21.6,0.0,0,54.8,62.25
2026-07-10 14:00:00,R101,Highway,2000,40.7128,-74.006,1093,69,Cloudy,21.6,0.0,0,54.65,54.8
2026-07-10 15:00:00,R101,Highway,2000,40.7128,-74.006,1032,72,Cloudy,21.6,0.0,0,51.6,54.65
2026-07-10 16:00:00,R101,Highway,2000,40.7128,-74.006,2074,9,Cloudy,21.6,0.0,1,103.7,51.6
2026-07-10 17:00:00,R101,Highway,2000,40.7128,-74.006,2181,30,Cloudy,21.6,0.0,0,109.05,103.7
2026-07-10 18:00:00,R101,Highway,2000,40.7128,-74.006,2152,31,Cloudy,21.6,0.0,0,107.6,109.05
2026-07-10 19:00:00,R101,Highway,2000,40.7128,-74.006,1721,43,Cloudy,21.6,0.0,0,86.05,107.6
2026-07-10 20:00:00,R101,Highway,2000,40.7128,-74.006,343,100,Cloudy,21.6,0.0,0,17.15,86.05
2026-07-10 21:00:00,R101,Highway,2000,40.7128,-74.006,447,100,Cloudy,21.6,0.0,0,22.35,17.15
2026-07-10 22:00:00,R101,Highway,2000,40.7128,-74.006,354,100,Cloudy,21.6,0.0,0,17.7,22.35
2026-07-10 23:00:00,R101,Highway,2000,40.7128,-74.006,378,100,Cloudy,21.6,0.0,0,18.9,17.7
2026-07-11 00:00:00,R101,Highway,2000,40.7128,-74.006,374,100,Cloudy,16.4,0.0,0,18.7,18.9
2026-07-11 01:00:00,R101,Highway,2000,40.7128,-74.006,371,100,Cloudy,16.4,0.0,0,18.55,18.7
2026-07-11 02:00:00,R101,Highway,2000,40.7128,-74.006,390,100,Cloudy,16.4,0.0,0,19.5,18.55
2026-07-11 03:00:00,R101,Highway,2000,40.7128,-74.006,404,100,Cloudy,16.4,0.0,0,20.2,19.5
2026-07-11 04:00:00,R101,Highway,2000,40.7128,-74.006,355,100,Cloudy,16.4,0.0,0,17.75,20.2
2026-07-11 05:00:00,R101,Highway,2000,40.7128,-74.006,418,100,Cloudy,16.4,0.0,0,20.9,17.75
2026-07-11 06:00:00,R101,Highway,2000,40.7128,-74.006,403,100,Cloudy,16.4,0.0,0,20.15,20.9
2026-07-11 07:00:00,R101,Highway,2000,40.7128,-74.006,431,100,Cloudy,16.4,0.0,0,21.55,20.15
2026-07-11 08:00:00,R101,Highway,2000,40.7128,-74.006,419,100,Cloudy,16.4,0.0,0,20.95,21.55
2026-07-11 09:00:00,R101,Highway,2000,40.7128,-74.006,457,100,Cloudy,16.4,0.0,0,22.85,20.95
2026-07-11 10:00:00,R101,Highway,2000,40.7128,-74.006,396,100,Cloudy,16.4,0.0,0,19.8,22.85
2026-07-11 11:00:00,R101,Highway,2000,40.7128,-74.006,1294,59,Cloudy,16.4,0.0,0,64.7,19.8
2026-07-11 12:00:00,R101,Highway,2000,40.7128,-74.006,1438,53,Cloudy,16.4,0.0,0,71.9,64.7
2026-07-11 13:00:00,R101,Highway,2000,40.7128,-74.006,1400,54,Cloudy,16.4,0.0,0,70.0,71.9
2026-07-11 14:00:00,R101,Highway,2000,40.7128,-74.006,1504,50,Cloudy,16.4,0.0,0,75.2,70.0
2026-07-11 15:00:00,R101,Highway,2000,40.7128,-74.006,1390,55,Cloudy,16.4,0.0,0,69.5,75.2
2026-07-11 16:00:00,R101,Highway,2000,40.7128,-74.006,1062,70,Cloudy,16.4,0.0,0,53.1,69.5
2026-07-11 17:00:00,R101,Highway,2000,40.7128,-74.006,1234,62,Cloudy,16.4,0.0,0,61.7,53.1
2026-07-11 18:00:00,R101,Highway,2000,40.7128,-74.006,1073,70,Cloudy,16.4,0.0,0,53.65,61.7
2026-07-11 19:00:00,R101,Highway,2000,40.7128,-74.006,1194,64,Cloudy,16.4,0.0,0,59.7,53.65
2026-07-11 20:00:00,R101,Highway,2000,40.7128,-74.006,1346,57,Cloudy,16.4,0.0,0,67.3,59.7
2026-07-11 21:00:00,R101,Highway,2000,40.7128,-74.006,442,100,Cloudy,16.4,0.0,0,22.1,67.3
2026-07-11 22:00:00,R101,Highway,2000,40.7128,-74.006,378,100,Cloudy,16.4,0.0,0,18.9,22.1
2026-07-11 23:00:00,R101,Highway,2000,40.7128,-74.006,413,100,Cloudy,16.4,0.0,0,20.65,18.9
2026-07-12 00:00:00,R101,Highway,2000,40.7128,-74.006,419,100,Clear,32.1,0.0,0,20.95,20.65
2026-07-12 01:00:00,R101,Highway,2000,40.7128,-74.006,379,100,Clear,32.1,0.0,0,18.95,20.95
2026-07-12 02:00:00,R101,Highway,2000,40.7128,-74.006,365,100,Clear,32.1,0.0,0,18.25,18.95
2026-07-12 03:00:00,R101,Highway,2000,40.7128,-74.006,410,100,Clear,32.1,0.0,0,20.5,18.25
2026-07-12 04:00:00,R101,Highway,2000,40.7128,-74.006,391,100,Clear,32.1,0.0,0,19.55,20.5
2026-07-12 05:00:00,R101,Highway,2000,40.7128,-74.006,442,100,Clear,32.1,0.0,0,22.1,19.55
2026-07-12 06:00:00,R101,Highway,2000,40.7128,-74.006,367,100,Clear,32.1,0.0,0,18.35,22.1
2026-07-12 07:00:00,R101,Highway,2000,40.7128,-74.006,386,100,Clear,32.1,0.0,0,19.3,18.35
2026-07-12 08:00:00,R101,Highway,2000,40.7128,-74.006,341,100,Clear,32.1,0.0,0,17.05,19.3
2026-07-12 09:00:00,R101,Highway,2000,40.7128,-74.006,453,100,Clear,32.1,0.0,0,22.65,17.05
2026-07-12 10:00:00,R101,Highway,2000,40.7128,-74.006,405,100,Clear,32.1,0.0,0,20.25,22.65
2026-07-12 11:00:00,R101,Highway,2000,40.7128,-74.006,1265,60,Clear,32.1,0.0,0,63.25,20.25
2026-07-12 12:00:00,R101,Highway,2000,40.7128,-74.006,1233,62,Clear,32.1,0.0,0,61.65,63.25
2026-07-12 13:00:00,R101,Highway,2000,40.7128,-74.006,1575,48,Clear,32.1,0.0,0,78.75,61.65
2026-07-12 14:00:00,R101,Highway,2000,40.7128,-74.006,1361,56,Clear,32.1,0.0,0,68.05,78.75
2026-07-12 15:00:00,R101,Highway,2000,40.7128,-74.006,1412,54,Clear,32.1,0.0,0,70.6,68.05
2026-07-12 16:00:00,R101,Highway,2000,40.7128,-74.006,1369,56,Clear,32.1,0.0,0,68.45,70.6
2026-07-12 17:00:00,R101,Highway,2000,40.7128,-74.006,1101,68,Clear,32.1,0.0,0,55.05,68.45
2026-07-12 18:00:00,R101,Highway,2000,40.7128,-74.006,1373,56,Clear,32.1,0.0,0,68.65,55.05
2026-07-12 19:00:00,R101,Highway,2000,40.7128,-74.006,1213,63,Clear,32.1,0.0,0,60.65,68.65
2026-07-12 20:00:00,R101,Highway,2000,40.7128,-74.006,1187,64,Clear,32.1,0.0,0,59.35,60.65
2026-07-12 21:00:00,R101,Highway,2000,40.7128,-74.006,382,100,Clear,32.1,0.0,0,19.1,59.35
2026-07-12 22:00:00,R101,Highway,2000,40.7128,-74.006,386,100,Clear,32.1,0.0,0,19.3,19.1
2026-07-12 23:00:00,R101,Highway,2000,40.7128,-74.006,443,100,Clear,32.1,0.0,0,22.15,19.3
2026-07-13 00:00:00,R101,Highway,2000,40.7128,-74.006,372,100,Clear,24.9,0.0,0,18.6,22.15
2026-07-13 01:00:00,R101,Highway,2000,40.7128,-74.006,435,100,Clear,24.9,0.0,0,21.75,18.6
2026-07-13 02:00:00,R101,Highway,2000,40.7128,-74.006,437,100,Clear,24.9,0.0,0,21.85,21.75
2026-07-13 03:00:00,R101,Highway,2000,40.7128,-74.006,414,100,Clear,24.9,0.0,0,20.7,21.85
2026-07-13 04:00:00,R101,Highway,2000,40.7128,-74.006,443,100,Clear,24.9,0.0,0,22.15,20.7
2026-07-13 05:00:00,R101,Highway,2000,40.7128,-74.006,458,100,Clear,24.9,0.0,0,22.9,22.15
2026-07-13 06:00:00,R101,Highway,2000,40.7128,-74.006,366,100,Clear,24.9,0.0,0,18.3,22.9
2026-07-13 07:00:00,R101,Highway,2000,40.7128,-74.006,2029,34,Clear,24.9,0.0,0,101.45,18.3
2026-07-13 08:00:00,R101,Highway,2000,40.7128,-74.006,1828,39,Clear,24.9,0.0,0,91.4,101.45
2026-07-13 09:00:00,R101,Highway,2000,40.7128,-74.006,2034,34,Clear,24.9,0.0,0,101.7,91.4
2026-07-13 10:00:00,R101,Highway,2000,40.7128,-74.006,1163,65,Clear,24.9,0.0,0,58.15,101.7
2026-07-13 11:00:00,R101,Highway,2000,40.7128,-74.006,1337,57,Clear,24.9,0.0,0,66.85,58.15
2026-07-13 12:00:00,R101,Highway,2000,40.7128,-74.006,1148,66,Clear,24.9,0.0,0,57.4,66.85
2026-07-13 13:00:00,R101,Highway,2000,40.7128,-74.006,1045,71,Clear,24.9,0.0,0,52.25,57.4
2026-07-13 14:00:00,R101,Highway,2000,40.7128,-74.006,1041,71,Clear,24.9,0.0,0,52.05,52.25
2026-07-13 15:00:00,R101,Highway,2000,40.7128,-74.006,1064,70,Clear,24.9,0.0,0,53.2,52.05
2026-07-13 16:00:00,R101,Highway,2000,40.7128,-74.006,1632,46,Clear,24.9,0.0,0,81.6,53.2
2026-07-13 17:00:00,R101,Highway,2000,40.7128,-74.006,1900,37,Clear,24.9,0.0,0,95.0,81.6
2026-07-13 18:00:00,R101,Highway,2000,40.7128,-74.006,2142,31,Clear,24.9,0.0,0,107.1,95.0
2026-07-13 19:00:00,R101,Highway,2000,40.7128,-74.006,1864,38,Clear,24.9,0.0,0,93.2,107.1
2026-07-13 20:00:00,R101,Highway,2000,40.7128,-74.006,436,100,Clear,24.9,0.0,0,21.8,93.2
2026-07-13 21:00:00,R101,Highway,2000,40.7128,-74.006,423,100,Clear,24.9,0.0,0,21.15,21.8
2026-07-13 22:00:00,R101,Highway,2000,40.7128,-74.006,361,100,Clear,24.9,0.0,0,18.05,21.15
2026-07-13 23:00:00,R101,Highway,2000,40.7128,-74.006,432,100,Clear,24.9,0.0,0,21.6,18.05
2026-07-14 00:00:00,R101,Highway,2000,40.7128,-74.006,347,100,Clear,22.5,0.0,0,17.35,21.6
2026-07-14 01:00:00,R101,Highway,2000,40.7128,-74.006,346,100,Clear,22.5,0.0,0,17.3,17.35
2026-07-14 02:00:00,R101,Highway,2000,40.7128,-74.006,371,100,Clear,22.5,0.0,0,18.55,17.3
2026-07-14 03:00:00,R101,Highway,2000,40.7128,-74.006,383,100,Clear,22.5,0.0,0,19.15,18.55
2026-07-14 04:00:00,R101,Highway,2000,40.7128,-74.006,340,100,Clear,22.5,0.0,0,17.0,19.15
2026-07-14 05:00:00,R101,Highway,2000,40.7128,-74.006,413,100,Clear,22.5,0.0,0,20.65,17.0
2026-07-14 06:00:00,R101,Highway,2000,40.7128,-74.006,373,100,Clear,22.5,0.0,0,18.65,20.65
2026-07-14 07:00:00,R101,Highway,2000,40.7128,-74.006,1733,42,Clear,22.5,0.0,0,86.65,18.65
2026-07-14 08:00:00,R101,Highway,2000,40.7128,-74.006,1530,49,Clear,22.5,0.0,0,76.5,86.65
2026-07-14 09:00:00,R101,Highway,2000,40.7128,-74.006,1791,40,Clear,22.5,0.0,0,89.55,76.5
2026-07-14 10:00:00,R101,Highway,2000,40.7128,-74.006,1060,70,Clear,22.5,0.0,0,53.0,89.55
2026-07-14 11:00:00,R101,Highway,2000,40.7128,-74.006,1137,66,Clear,22.5,0.0,0,56.85,53.0
2026-07-14 12:00:00,R101,Highway,2000,40.7128,-74.006,1177,64,Clear,22.5,0.0,0,58.85,56.85
2026-07-14 13:00:00,R101,Highway,2000,40.7128,-74.006,1211,63,Clear,22.5,0.0,0,60.55,58.85
2026-07-14 14:00:00,R101,Highway,2000,40.7128,-74.006,1347,57,Clear,22.5,0.0,0,67.35,60.55
2026-07-14 15:00:00,R101,Highway,2000,40.7128,-74.006,1369,56,Clear,22.5,0.0,0,68.45,67.35
2026-07-14 16:00:00,R101,Highway,2000,40.7128,-74.006,2400,7,Clear,22.5,0.0,1,120.0,68.45
2026-07-14 17:00:00,R101,Highway,2000,40.7128,-74.006,2135,31,Clear,22.5,0.0,0,106.75,120.0
2026-07-14 18:00:00,R101,Highway,2000,40.7128,-74.006,2029,34,Clear,22.5,0.0,0,101.45,106.75
2026-07-14 19:00:00,R101,Highway,2000,40.7128,-74.006,1764,41,Clear,22.5,0.0,0,88.2,101.45
2026-07-14 20:00:00,R101,Highway,2000,40.7128,-74.006,359,100,Clear,22.5,0.0,0,17.95,88.2
2026-07-14 21:00:00,R101,Highway,2000,40.7128,-74.006,356,100,Clear,22.5,0.0,0,17.8,17.95
2026-07-14 22:00:00,R101,Highway,2000,40.7128,-74.006,380,100,Clear,22.5,0.0,0,19.0,17.8
2026-07-14 23:00:00,R101,Highway,2000,40.7128,-74.006,356,100,Clear,22.5,0.0,0,17.8,19.0
2026-07-15 00:00:00,R101,Highway,2000,40.7128,-74.006,341,80,Heavy Rain,12.5,10.1,0,17.05,17.8
2026-07-15 01:00:00,R101,Highway,2000,40.7128,-74.006,411,80,Heavy Rain,12.5,10.1,0,20.55,17.05
2026-07-15 02:00:00,R101,Highway,2000,40.7128,-74.006,327,80,Heavy Rain,12.5,10.1,0,16.35,20.55
2026-07-15 03:00:00,R101,Highway,2000,40.7128,-74.006,483,24,Heavy Rain,12.5,10.1,1,24.15,16.35
2026-07-15 04:00:00,R101,Highway,2000,40.7128,-74.006,306,80,Heavy Rain,12.5,10.1,0,15.3,24.15
2026-07-15 05:00:00,R101,Highway,2000,40.7128,-74.006,342,80,Heavy Rain,12.5,10.1,0,17.1,15.3
2026-07-15 06:00:00,R101,Highway,2000,40.7128,-74.006,360,80,Heavy Rain,12.5,10.1,0,18.0,17.1
2026-07-15 07:00:00,R101,Highway,2000,40.7128,-74.006,1809,32,Heavy Rain,12.5,10.1,0,90.45,18.0
2026-07-15 08:00:00,R101,Highway,2000,40.7128,-74.006,1446,42,Heavy Rain,12.5,10.1,0,72.3,90.45
2026-07-15 09:00:00,R101,Highway,2000,40.7128,-74.006,1597,37,Heavy Rain,12.5,10.1,0,79.85,72.3
2026-07-15 10:00:00,R101,Highway,2000,40.7128,-74.006,1076,55,Heavy Rain,12.5,10.1,0,53.8,79.85
2026-07-15 11:00:00,R101,Highway,2000,40.7128,-74.006,1176,51,Heavy Rain,12.5,10.1,0,58.8,53.8
2026-07-15 12:00:00,R101,Highway,2000,40.7128,-74.006,986,59,Heavy Rain,12.5,10.1,0,49.3,58.8
2026-07-15 13:00:00,R101,Highway,2000,40.7128,-74.006,981,60,Heavy Rain,12.5,10.1,0,49.05,49.3
2026-07-15 14:00:00,R101,Highway,2000,40.7128,-74.006,1013,58,Heavy Rain,12.5,10.1,0,50.65,49.05
2026-07-15 15:00:00,R101,Highway,2000,40.7128,-74.006,950,61,Heavy Rain,12.5,10.1,0,47.5,50.65
2026-07-15 16:00:00,R101,Highway,2000,40.7128,-74.006,1467,41,Heavy Rain,12.5,10.1,0,73.35,47.5
2026-07-15 17:00:00,R101,Highway,2000,40.7128,-74.006,1515,40,Heavy Rain,12.5,10.1,0,75.75,73.35
2026-07-15 18:00:00,R101,Highway,2000,40.7128,-74.006,1644,36,Heavy Rain,12.5,10.1,0,82.2,75.75
2026-07-15 19:00:00,R101,Highway,2000,40.7128,-74.006,1730,34,Heavy Rain,12.5,10.1,0,86.5,82.2
2026-07-15 20:00:00,R101,Highway,2000,40.7128,-74.006,369,80,Heavy Rain,12.5,10.1,0,18.45,86.5
2026-07-15 21:00:00,R101,Highway,2000,40.7128,-74.006,327,80,Heavy Rain,12.5,10.1,0,16.35,18.45
2026-07-15 22:00:00,R101,Highway,2000,40.7128,-74.006,369,80,Heavy Rain,12.5,10.1,0,18.45,16.35
2026-07-15 23:00:00,R101,Highway,2000,40.7128,-74.006,344,80,Heavy Rain,12.5,10.1,0,17.2,18.45
2026-07-16 00:00:00,R101,Highway,2000,40.7128,-74.006,372,100,Clear,31.0,0.0,0,18.6,17.2
2026-07-16 01:00:00,R101,Highway,2000,40.7128,-74.006,411,100,Clear,31.0,0.0,0,20.55,18.6
2026-07-16 02:00:00,R101,Highway,2000,40.7128,-74.006,434,100,Clear,31.0,0.0,0,21.7,20.55
2026-07-16 03:00:00,R101,Highway,2000,40.7128,-74.006,350,100,Clear,31.0,0.0,0,17.5,21.7
2026-07-16 04:00:00,R101,Highway,2000,40.7128,-74.006,387,100,Clear,31.0,0.0,0,19.35,17.5
2026-07-16 05:00:00,R101,Highway,2000,40.7128,-74.006,410,100,Clear,31.0,0.0,0,20.5,19.35
2026-07-16 06:00:00,R101,Highway,2000,40.7128,-74.006,435,100,Clear,31.0,0.0,0,21.75,20.5
2026-07-16 07:00:00,R101,Highway,2000,40.7128,-74.006,1827,39,Clear,31.0,0.0,0,91.35,21.75
2026-07-16 08:00:00,R101,Highway,2000,40.7128,-74.006,1865,38,Clear,31.0,0.0,0,93.25,91.35
2026-07-16 09:00:00,R101,Highway,2000,40.7128,-74.006,1612,46,Clear,31.0,0.0,0,80.6,93.25
2026-07-16 10:00:00,R101,Highway,2000,40.7128,-74.006,1129,67,Clear,31.0,0.0,0,56.45,80.6
2026-07-16 11:00:00,R101,Highway,2000,40.7128,-74.006,1326,58,Clear,31.0,0.0,0,66.3,56.45
2026-07-16 12:00:00,R101,Highway,2000,40.7128,-74.006,1237,62,Clear,31.0,0.0,0,61.85,66.3
2026-07-16 13:00:00,R101,Highway,2000,40.7128,-74.006,1191,64,Clear,31.0,0.0,0,59.55,61.85
2026-07-16 14:00:00,R101,Highway,2000,40.7128,-74.006,1369,56,Clear,31.0,0.0,0,68.45,59.55
2026-07-16 15:00:00,R101,Highway,2000,40.7128,-74.006,1022,72,Clear,31.0,0.0,0,51.1,68.45
2026-07-16 16:00:00,R101,Highway,2000,40.7128,-74.006,1870,38,Clear,31.0,0.0,0,93.5,51.1
2026-07-16 17:00:00,R101,Highway,2000,40.7128,-74.006,1901,37,Clear,31.0,0.0,0,95.05,93.5
2026-07-16 18:00:00,R101,Highway,2000,40.7128,-74.006,1746,42,Clear,31.0,0.0,0,87.3,95.05
2026-07-16 19:00:00,R101,Highway,2000,40.7128,-74.006,2072,33,Clear,31.0,0.0,0,103.6,87.3
2026-07-16 20:00:00,R101,Highway,2000,40.7128,-74.006,459,100,Clear,31.0,0.0,0,22.95,103.6
2026-07-16 21:00:00,R101,Highway,2000,40.7128,-74.006,357,100,Clear,31.0,0.0,0,17.85,22.95
2026-07-16 22:00:00,R101,Highway,2000,40.7128,-74.006,345,100,Clear,31.0,0.0,0,17.25,17.85
2026-07-16 23:00:00,R101,Highway,2000,40.7128,-74.006,342,100,Clear,31.0,0.0,0,17.1,17.25
2026-07-17 00:00:00,R101,Highway,2000,40.7128,-74.006,432,100,Clear,32.2,0.0,0,21.6,17.1
2026-07-17 01:00:00,R101,Highway,2000,40.7128,-74.006,350,100,Clear,32.2,0.0,0,17.5,21.6
2026-07-17 02:00:00,R101,Highway,2000,40.7128,-74.006,395,100,Clear,32.2,0.0,0,19.75,17.5
2026-07-17 03:00:00,R101,Highway,2000,40.7128,-74.006,392,100,Clear,32.2,0.0,0,19.6,19.75
2026-07-17 04:00:00,R101,Highway,2000,40.7128,-74.006,433,100,Clear,32.2,0.0,0,21.65,19.6
2026-07-17 05:00:00,R101,Highway,2000,40.7128,-74.006,345,100,Clear,32.2,0.0,0,17.25,21.65
2026-07-17 06:00:00,R101,Highway,2000,40.7128,-74.006,423,100,Clear,32.2,0.0,0,21.15,17.25
2026-07-17 07:00:00,R101,Highway,2000,40.7128,-74.006,1920,11,Clear,32.2,0.0,1,96.0,21.15
2026-07-17 08:00:00,R101,Highway,2000,40.7128,-74.006,1580,47,Clear,32.2,0.0,0,79.0,96.0
2026-07-17 09:00:00,R101,Highway,2000,40.7128,-74.006,1885,38,Clear,32.2,0.0,0,94.25,79.0
2026-07-17 10:00:00,R101,Highway,2000,40.7128,-74.006,1226,62,Clear,32.2,0.0,0,61.3,94.25
2026-07-17 11:00:00,R101,Highway,2000,40.7128,-74.006,1230,62,Clear,32.2,0.0,0,61.5,61.3
2026-07-17 12:00:00,R101,Highway,2000,40.7128,-74.006,1186,64,Clear,32.2,0.0,0,59.3,61.5
2026-07-17 13:00:00,R101,Highway,2000,40.7128,-74.006,1363,56,Clear,32.2,0.0,0,68.15,59.3
2026-07-17 14:00:00,R101,Highway,2000,40.7128,-74.006,1351,56,Clear,32.2,0.0,0,67.55,68.15
2026-07-17 15:00:00,R101,Highway,2000,40.7128,-74.006,1322,58,Clear,32.2,0.0,0,66.1,67.55
2026-07-17 16:00:00,R101,Highway,2000,40.7128,-74.006,1813,40,Clear,32.2,0.0,0,90.65,66.1
2026-07-17 17:00:00,R101,Highway,2000,40.7128,-74.006,1994,10,Clear,32.2,0.0,1,99.7,90.65
2026-07-17 18:00:00,R101,Highway,2000,40.7128,-74.006,2011,34,Clear,32.2,0.0,0,100.55,99.7
2026-07-17 19:00:00,R101,Highway,2000,40.7128,-74.006,2006,34,Clear,32.2,0.0,0,100.3,100.55
2026-07-17 20:00:00,R101,Highway,2000,40.7128,-74.006,358,100,Clear,32.2,0.0,0,17.9,100.3
2026-07-17 21:00:00,R101,Highway,2000,40.7128,-74.006,403,100,Clear,32.2,0.0,0,20.15,17.9
2026-07-17 22:00:00,R101,Highway,2000,40.7128,-74.006,448,100,Clear,32.2,0.0,0,22.4,20.15
2026-07-17 23:00:00,R101,Highway,2000,40.7128,-74.006,343,100,Clear,32.2,0.0,0,17.15,22.4
2026-07-18 00:00:00,R101,Highway,2000,40.7128,-74.006,369,80,Rainy,16.5,12.3,0,18.45,17.15
2026-07-18 01:00:00,R101,Highway,2000,40.7128,-74.006,392,80,Rainy,16.5,12.3,0,19.6,18.45
2026-07-18 02:00:00,R101,Highway,2000,40.7128,-74.006,399,80,Rainy,16.5,12.3,0,19.95,19.6
2026-07-18 03:00:00,R101,Highway,2000,40.7128,-74.006,399,80,Rainy,16.5,12.3,0,19.95,19.95
2026-07-18 04:00:00,R101,Highway,2000,40.7128,-74.006,346,80,Rainy,16.5,12.3,0,17.3,19.95
2026-07-18 05:00:00,R101,Highway,2000,40.7128,-74.006,420,80,Rainy,16.5,12.3,0,21.0,17.3
2026-07-18 06:00:00,R101,Highway,2000,40.7128,-74.006,452,80,Rainy,16.5,12.3,0,22.6,21.0
2026-07-18 07:00:00,R101,Highway,2000,40.7128,-74.006,430,80,Rainy,16.5,12.3,0,21.5,22.6
2026-07-18 08:00:00,R101,Highway,2000,40.7128,-74.006,431,80,Rainy,16.5,12.3,0,21.55,21.5
2026-07-18 09:00:00,R101,Highway,2000,40.7128,-74.006,433,80,Rainy,16.5,12.3,0,21.65,21.55
2026-07-18 10:00:00,R101,Highway,2000,40.7128,-74.006,384,80,Rainy,16.5,12.3,0,19.2,21.65
2026-07-18 11:00:00,R101,Highway,2000,40.7128,-74.006,1352,45,Rainy,16.5,12.3,0,67.6,19.2
2026-07-18 12:00:00,R101,Highway,2000,40.7128,-74.006,1593,37,Rainy,16.5,12.3,0,79.65,67.6
2026-07-18 13:00:00,R101,Highway,2000,40.7128,-74.006,1379,44,Rainy,16.5,12.3,0,68.95,79.65
2026-07-18 14:00:00,R101,Highway,2000,40.7128,-74.006,1270,48,Rainy,16.5,12.3,0,63.5,68.95
2026-07-18 15:00:00,R101,Highway,2000,40.7128,-74.006,1546,39,Rainy,16.5,12.3,0,77.3,63.5
2026-07-18 16:00:00,R101,Highway,2000,40.7128,-74.006,1300,47,Rainy,16.5,12.3,0,65.0,77.3
2026-07-18 17:00:00,R101,Highway,2000,40.7128,-74.006,1227,49,Rainy,16.5,12.3,0,61.35,65.0
2026-07-18 18:00:00,R101,Highway,2000,40.7128,-74.006,1223,50,Rainy,16.5,12.3,0,61.15,61.35
2026-07-18 19:00:00,R101,Highway,2000,40.7128,-74.006,1292,47,Rainy,16.5,12.3,0,64.6,61.15
2026-07-18 20:00:00,R101,Highway,2000,40.7128,-74.006,1135,53,Rainy,16.5,12.3,0,56.75,64.6
2026-07-18 21:00:00,R101,Highway,2000,40.7128,-74.006,367,80,Rainy,16.5,12.3,0,18.35,56.75
2026-07-18 22:00:00,R101,Highway,2000,40.7128,-74.006,392,80,Rainy,16.5,12.3,0,19.6,18.35
2026-07-18 23:00:00,R101,Highway,2000,40.7128,-74.006,422,24,Rainy,16.5,12.3,1,21.1,19.6
2026-07-19 00:00:00,R101,Highway,2000,40.7128,-74.006,403,80,Heavy Rain,11.0,2.9,0,20.15,21.1
2026-07-19 01:00:00,R101,Highway,2000,40.7128,-74.006,396,80,Heavy Rain,11.0,2.9,0,19.8,20.15
2026-07-19 02:00:00,R101,Highway,2000,40.7128,-74.006,329,80,Heavy Rain,11.0,2.9,0,16.45,19.8
2026-07-19 03:00:00,R101,Highway,2000,40.7128,-74.006,357,80,Heavy Rain,11.0,2.9,0,17.85,16.45
2026-07-19 04:00:00,R101,Highway,2000,40.7128,-74.006,391,80,Heavy Rain,11.0,2.9,0,19.55,17.85
2026-07-19 05:00:00,R101,Highway,2000,40.7128,-74.006,405,80,Heavy Rain,11.0,2.9,0,20.25,19.55
2026-07-19 06:00:00,R101,Highway,2000,40.7128,-74.006,380,80,Heavy Rain,11.0,2.9,0,19.0,20.25
2026-07-19 07:00:00,R101,Highway,2000,40.7128,-74.006,309,80,Heavy Rain,11.0,2.9,0,15.45,19.0
2026-07-19 08:00:00,R101,Highway,2000,40.7128,-74.006,408,80,Heavy Rain,11.0,2.9,0,20.4,15.45
2026-07-19 09:00:00,R101,Highway,2000,40.7128,-74.006,345,80,Heavy Rain,11.0,2.9,0,17.25,20.4
2026-07-19 10:00:00,R101,Highway,2000,40.7128,-74.006,358,80,Heavy Rain,11.0,2.9,0,17.9,17.25
2026-07-19 11:00:00,R101,Highway,2000,40.7128,-74.006,1100,54,Heavy Rain,11.0,2.9,0,55.0,17.9
2026-07-19 12:00:00,R101,Highway,2000,40.7128,-74.006,1386,44,Heavy Rain,11.0,2.9,0,69.3,55.0
2026-07-19 13:00:00,R101,Highway,2000,40.7128,-74.006,1144,53,Heavy Rain,11.0,2.9,0,57.2,69.3
2026-07-19 14:00:00,R101,Highway,2000,40.7128,-74.006,1233,49,Heavy Rain,11.0,2.9,0,61.65,57.2
2026-07-19 15:00:00,R101,Highway,2000,40.7128,-74.006,1140,53,Heavy Rain,11.0,2.9,0,57.0,61.65
2026-07-19 16:00:00,R101,Highway,2000,40.7128,-74.006,944,61,Heavy Rain,11.0,2.9,0,47.2,57.0
2026-07-19 17:00:00,R101,Highway,2000,40.7128,-74.006,954,61,Heavy Rain,11.0,2.9,0,47.7,47.2
2026-07-19 18:00:00,R101,Highway,2000,40.7128,-74.006,1069,56,Heavy Rain,11.0,2.9,0,53.45,47.7
2026-07-19 19:00:00,R101,Highway,2000,40.7128,-74.006,1005,59,Heavy Rain,11.0,2.9,0,50.25,53.45
2026-07-19 20:00:00,R101,Highway,2000,40.7128,-74.006,927,62,Heavy Rain,11.0,2.9,0,46.35,50.25
2026-07-19 21:00:00,R101,Highway,2000,40.7128,-74.006,351,80,Heavy Rain,11.0,2.9,0,17.55,46.35
2026-07-19 22:00:00,R101,Highway,2000,40.7128,-74.006,354,80,Heavy Rain,11.0,2.9,0,17.7,17.55
2026-07-19 23:00:00,R101,Highway,2000,40.7128,-74.006,444,24,Heavy Rain,11.0,2.9,1,22.2,17.7
2026-07-20 00:00:00,R101,Highway,2000,40.7128,-74.006,369,80,Rainy,10.5,13.6,0,18.45,22.2
2026-07-20 01:00:00,R101,Highway,2000,40.7128,-74.006,403,80,Rainy,10.5,13.6,0,20.15,18.45
2026-07-20 02:00:00,R101,Highway,2000,40.7128,-74.006,420,24,Rainy,10.5,13.6,1,21.0,20.15
2026-07-20 03:00:00,R101,Highway,2000,40.7128,-74.006,434,80,Rainy,10.5,13.6,0,21.7,21.0
2026-07-20 04:00:00,R101,Highway,2000,40.7128,-74.006,358,80,Rainy,10.5,13.6,0,17.9,21.7
2026-07-20 05:00:00,R101,Highway,2000,40.7128,-74.006,382,80,Rainy,10.5,13.6,0,19.1,17.9
2026-07-20 06:00:00,R101,Highway,2000,40.7128,-74.006,424,80,Rainy,10.5,13.6,0,21.2,19.1
2026-07-20 07:00:00,R101,Highway,2000,40.7128,-74.006,1578,38,Rainy,10.5,13.6,0,78.9,21.2
2026-07-20 08:00:00,R101,Highway,2000,40.7128,-74.006,1687,35,Rainy,10.5,13.6,0,84.35,78.9
2026-07-20 09:00:00,R101,Highway,2000,40.7128,-74.006,1611,37,Rainy,10.5,13.6,0,80.55,84.35
2026-07-20 10:00:00,R101,Highway,2000,40.7128,-74.006,1043,57,Rainy,10.5,13.6,0,52.15,80.55
2026-07-20 11:00:00,R101,Highway,2000,40.7128,-74.006,1052,56,Rainy,10.5,13.6,0,52.6,52.15
2026-07-20 12:00:00,R101,Highway,2000,40.7128,-74.006,1294,47,Rainy,10.5,13.6,0,64.7,52.6
2026-07-20 13:00:00,R101,Highway,2000,40.7128,-74.006,1099,55,Rainy,10.5,13.6,0,54.95,64.7
2026-07-20 14:00:00,R101,Highway,2000,40.7128,-74.006,1232,49,Rainy,10.5,13.6,0,61.6,54.95
2026-07-20 15:00:00,R101,Highway,2000,40.7128,-74.006,1041,57,Rainy,10.5,13.6,0,52.05,61.6
2026-07-20 16:00:00,R101,Highway,2000,40.7128,-74.006,2183,24,Rainy,10.5,13.6,0,109.15,52.05
2026-07-20 17:00:00,R101,Highway,2000,40.7128,-74.006,1912,29,Rainy,10.5,13.6,0,95.6,109.15
2026-07-20 18:00:00,R101,Highway,2000,40.7128,-74.006,2400,6,Rainy,10.5,13.6,1,120.0,95.6
2026-07-20 19:00:00,R101,Highway,2000,40.7128,-74.006,1729,34,Rainy,10.5,13.6,0,86.45,120.0
2026-07-20 20:00:00,R101,Highway,2000,40.7128,-74.006,355,80,Rainy,10.5,13.6,0,17.75,86.45
2026-07-20 21:00:00,R101,Highway,2000,40.7128,-74.006,389,80,Rainy,10.5,13.6,0,19.45,17.75
2026-07-20 22:00:00,R101,Highway,2000,40.7128,-74.006,394,80,Rainy,10.5,13.6,0,19.7,19.45
2026-07-20 23:00:00,R101,Highway,2000,40.7128,-74.006,354,80,Rainy,10.5,13.6,0,17.7,19.7
2026-07-21 00:00:00,R101,Highway,2000,40.7128,-74.006,440,100,Clear,29.5,0.0,0,22.0,17.7
2026-07-21 01:00:00,R101,Highway,2000,40.7128,-74.006,344,100,Clear,29.5,0.0,0,17.2,22.0
2026-07-21 02:00:00,R101,Highway,2000,40.7128,-74.006,447,100,Clear,29.5,0.0,0,22.35,17.2
2026-07-21 03:00:00,R101,Highway,2000,40.7128,-74.006,391,100,Clear,29.5,0.0,0,19.55,22.35
2026-07-21 04:00:00,R101,Highway,2000,40.7128,-74.006,411,30,Clear,29.5,0.0,1,20.55,19.55
2026-07-21 05:00:00,R101,Highway,2000,40.7128,-74.006,411,100,Clear,29.5,0.0,0,20.55,20.55
2026-07-21 06:00:00,R101,Highway,2000,40.7128,-74.006,377,100,Clear,29.5,0.0,0,18.85,20.55
2026-07-21 07:00:00,R101,Highway,2000,40.7128,-74.006,2038,34,Clear,29.5,0.0,0,101.9,18.85
2026-07-21 08:00:00,R101,Highway,2000,40.7128,-74.006,2044,10,Clear,29.5,0.0,1,102.2,101.9
2026-07-21 09:00:00,R101,Highway,2000,40.7128,-74.006,2005,34,Clear,29.5,0.0,0,100.25,102.2
2026-07-21 10:00:00,R101,Highway,2000,40.7128,-74.006,1377,55,Clear,29.5,0.0,0,68.85,100.25
2026-07-21 11:00:00,R101,Highway,2000,40.7128,-74.006,1035,72,Clear,29.5,0.0,0,51.75,68.85
2026-07-21 12:00:00,R101,Highway,2000,40.7128,-74.006,1162,65,Clear,29.5,0.0,0,58.1,51.75
2026-07-21 13:00:00,R101,Highway,2000,40.7128,-74.006,1079,69,Clear,29.5,0.0,0,53.95,58.1
2026-07-21 14:00:00,R101,Highway,2000,40.7128,-74.006,1339,57,Clear,29.5,0.0,0,66.95,53.95
2026-07-21 15:00:00,R101,Highway,2000,40.7128,-74.006,1347,57,Clear,29.5,0.0,0,67.35,66.95
2026-07-21 16:00:00,R101,Highway,2000,40.7128,-74.006,1687,44,Clear,29.5,0.0,0,84.35,67.35
2026-07-21 17:00:00,R101,Highway,2000,40.7128,-74.006,1619,46,Clear,29.5,0.0,0,80.95,84.35
2026-07-21 18:00:00,R101,Highway,2000,40.7128,-74.006,2139,31,Clear,29.5,0.0,0,106.95,80.95
2026-07-21 19:00:00,R101,Highway,2000,40.7128,-74.006,1746,42,Clear,29.5,0.0,0,87.3,106.95
2026-07-21 20:00:00,R101,Highway,2000,40.7128,-74.006,356,100,Clear,29.5,0.0,0,17.8,87.3
2026-07-21 21:00:00,R101,Highway,2000,40.7128,-74.006,450,100,Clear,29.5,0.0,0,22.5,17.8
2026-07-21 22:00:00,R101,Highway,2000,40.7128,-74.006,352,100,Clear,29.5,0.0,0,17.6,22.5
2026-07-21 23:00:00,R101,Highway,2000,40.7128,-74.006,436,100,Clear,29.5,0.0,0,21.8,17.6
2026-07-22 00:00:00,R101,Highway,2000,40.7128,-74.006,344,80,Rainy,17.2,4.6,0,17.2,21.8
2026-07-22 01:00:00,R101,Highway,2000,40.7128,-74.006,369,80,Rainy,17.2,4.6,0,18.45,17.2
2026-07-22 02:00:00,R101,Highway,2000,40.7128,-74.006,422,80,Rainy,17.2,4.6,0,21.1,18.45
2026-07-22 03:00:00,R101,Highway,2000,40.7128,-74.006,342,80,Rainy,17.2,4.6,0,17.1,21.1
2026-07-22 04:00:00,R101,Highway,2000,40.7128,-74.006,364,80,Rainy,17.2,4.6,0,18.2,17.1
2026-07-22 05:00:00,R101,Highway,2000,40.7128,-74.006,402,80,Rainy,17.2,4.6,0,20.1,18.2
2026-07-22 06:00:00,R101,Highway,2000,40.7128,-74.006,349,80,Rainy,17.2,4.6,0,17.45,20.1
2026-07-22 07:00:00,R101,Highway,2000,40.7128,-74.006,1605,37,Rainy,17.2,4.6,0,80.25,17.45
2026-07-22 08:00:00,R101,Highway,2000,40.7128,-74.006,1711,34,Rainy,17.2,4.6,0,85.55,80.25
2026-07-22 09:00:00,R101,Highway,2000,40.7128,-74.006,1543,39,Rainy,17.2,4.6,0,77.15,85.55
2026-07-22 10:00:00,R101,Highway,2000,40.7128,-74.006,1108,54,Rainy,17.2,4.6,0,55.4,77.15
2026-07-22 11:00:00,R101,Highway,2000,40.7128,-74.006,1084,55,Rainy,17.2,4.6,0,54.2,55.4
2026-07-22 12:00:00,R101,Highway,2000,40.7128,-74.006,1300,47,Rainy,17.2,4.6,0,65.0,54.2
2026-07-22 13:00:00,R101,Highway,2000,40.7128,-74.006,1308,47,Rainy,17.2,4.6,0,65.4,65.0
2026-07-22 14:00:00,R101,Highway,2000,40.7128,-74.006,1180,51,Rainy,17.2,4.6,0,59.0,65.4
2026-07-22 15:00:00,R101,Highway,2000,40.7128,-74.006,1222,50,Rainy,17.2,4.6,0,61.1,59.0
2026-07-22 16:00:00,R101,Highway,2000,40.7128,-74.006,1958,28,Rainy,17.2,4.6,0,97.9,61.1
2026-07-22 17:00:00,R101,Highway,2000,40.7128,-74.006,2031,27,Rainy,17.2,4.6,0,101.55,97.9
2026-07-22 18:00:00,R101,Highway,2000,40.7128,-74.006,1916,29,Rainy,17.2,4.6,0,95.8,101.55
2026-07-22 19:00:00,R101,Highway,2000,40.7128,-74.006,1719,34,Rainy,17.2,4.6,0,85.95,95.8
2026-07-22 20:00:00,R101,Highway,2000,40.7128,-74.006,351,80,Rainy,17.2,4.6,0,17.55,85.95
2026-07-22 21:00:00,R101,Highway,2000,40.7128,-74.006,349,80,Rainy,17.2,4.6,0,17.45,17.55
2026-07-22 22:00:00,R101,Highway,2000,40.7128,-74.006,386,80,Rainy,17.2,4.6,0,19.3,17.45
2026-07-22 23:00:00,R101,Highway,2000,40.7128,-74.006,374,80,Rainy,17.2,4.6,0,18.7,19.3
2026-07-23 00:00:00,R101,Highway,2000,40.7128,-74.006,379,100,Cloudy,17.2,13.4,0,18.95,18.7
2026-07-23 01:00:00,R101,Highway,2000,40.7128,-74.006,426,100,Cloudy,17.2,13.4,0,21.3,18.95
2026-07-23 02:00:00,R101,Highway,2000,40.7128,-74.006,431,100,Cloudy,17.2,13.4,0,21.55,21.3
2026-07-23 03:00:00,R101,Highway,2000,40.7128,-74.006,428,100,Cloudy,17.2,13.4,0,21.4,21.55
2026-07-23 04:00:00,R101,Highway,2000,40.7128,-74.006,406,100,Cloudy,17.2,13.4,0,20.3,21.4
2026-07-23 05:00:00,R101,Highway,2000,40.7128,-74.006,401,100,Cloudy,17.2,13.4,0,20.05,20.3
2026-07-23 06:00:00,R101,Highway,2000,40.7128,-74.006,373,100,Cloudy,17.2,13.4,0,18.65,20.05
2026-07-23 07:00:00,R101,Highway,2000,40.7128,-74.006,1938,36,Cloudy,17.2,13.4,0,96.9,18.65
2026-07-23 08:00:00,R101,Highway,2000,40.7128,-74.006,1719,43,Cloudy,17.2,13.4,0,85.95,96.9
2026-07-23 09:00:00,R101,Highway,2000,40.7128,-74.006,1712,43,Cloudy,17.2,13.4,0,85.6,85.95
2026-07-23 10:00:00,R101,Highway,2000,40.7128,-74.006,1284,59,Cloudy,17.2,13.4,0,64.2,85.6
2026-07-23 11:00:00,R101,Highway,2000,40.7128,-74.006,1099,68,Cloudy,17.2,13.4,0,54.95,64.2
2026-07-23 12:00:00,R101,Highway,2000,40.7128,-74.006,1216,63,Cloudy,17.2,13.4,0,60.8,54.95
2026-07-23 13:00:00,R101,Highway,2000,40.7128,-74.006,1188,64,Cloudy,17.2,13.4,0,59.4,60.8
2026-07-23 14:00:00,R101,Highway,2000,40.7128,-74.006,1046,71,Cloudy,17.2,13.4,0,52.3,59.4
2026-07-23 15:00:00,R101,Highway,2000,40.7128,-74.006,1143,66,Cloudy,17.2,13.4,0,57.15,52.3
2026-07-23 16:00:00,R101,Highway,2000,40.7128,-74.006,1996,35,Cloudy,17.2,13.4,0,99.8,57.15
2026-07-23 17:00:00,R101,Highway,2000,40.7128,-74.006,1667,44,Cloudy,17.2,13.4,0,83.35,99.8
2026-07-23 18:00:00,R101,Highway,2000,40.7128,-74.006,2400,7,Cloudy,17.2,13.4,1,120.0,83.35
2026-07-23 19:00:00,R101,Highway,2000,40.7128,-74.006,2100,32,Cloudy,17.2,13.4,0,105.0,120.0
2026-07-23 20:00:00,R101,Highway,2000,40.7128,-74.006,374,100,Cloudy,17.2,13.4,0,18.7,105.0
2026-07-23 21:00:00,R101,Highway,2000,40.7128,-74.006,390,100,Cloudy,17.2,13.4,0,19.5,18.7
2026-07-23 22:00:00,R101,Highway,2000,40.7128,-74.006,387,100,Cloudy,17.2,13.4,0,19.35,19.5
2026-07-23 23:00:00,R101,Highway,2000,40.7128,-74.006,348,100,Cloudy,17.2,13.4,0,17.4,19.35
2026-07-24 00:00:00,R101,Highway,2000,40.7128,-74.006,364,100,Clear,22.9,0.0,0,18.2,17.4
2026-07-24 01:00:00,R101,Highway,2000,40.7128,-74.006,432,100,Clear,22.9,0.0,0,21.6,18.2
2026-07-24 02:00:00,R101,Highway,2000,40.7128,-74.006,447,100,Clear,22.9,0.0,0,22.35,21.6
2026-07-24 03:00:00,R101,Highway,2000,40.7128,-74.006,455,100,Clear,22.9,0.0,0,22.75,22.35
2026-07-24 04:00:00,R101,Highway,2000,40.7128,-74.006,447,100,Clear,22.9,0.0,0,22.35,22.75
2026-07-24 05:00:00,R101,Highway,2000,40.7128,-74.006,445,100,Clear,22.9,0.0,0,22.25,22.35
2026-07-24 06:00:00,R101,Highway,2000,40.7128,-74.006,411,100,Clear,22.9,0.0,0,20.55,22.25
2026-07-24 07:00:00,R101,Highway,2000,40.7128,-74.006,2003,34,Clear,22.9,0.0,0,100.15,20.55
2026-07-24 08:00:00,R101,Highway,2000,40.7128,-74.006,1651,45,Clear,22.9,0.0,0,82.55,100.15
2026-07-24 09:00:00,R101,Highway,2000,40.7128,-74.006,1656,45,Clear,22.9,0.0,0,82.8,82.55
2026-07-24 10:00:00,R101,Highway,2000,40.7128,-74.006,1108,68,Clear,22.9,0.0,0,55.4,82.8
2026-07-24 11:00:00,R101,Highway,2000,40.7128,-74.006,1045,71,Clear,22.9,0.0,0,52.25,55.4
2026-07-24 12:00:00,R101,Highway,2000,40.7128,-74.006,1190,64,Clear,22.9,0.0,0,59.5,52.25
2026-07-24 13:00:00,R101,Highway,2000,40.7128,-74.006,1058,70,Clear,22.9,0.0,0,52.9,59.5
2026-07-24 14:00:00,R101,Highway,2000,40.7128,-74.006,1364,56,Clear,22.9,0.0,0,68.2,52.9
2026-07-24 15:00:00,R101,Highway,2000,40.7128,-74.006,1204,63,Clear,22.9,0.0,0,60.2,68.2
2026-07-24 16:00:00,R101,Highway,2000,40.7128,-74.006,2186,9,Clear,22.9,0.0,1,109.3,60.2
2026-07-24 17:00:00,R101,Highway,2000,40.7128,-74.006,1820,40,Clear,22.9,0.0,0,91.0,109.3
2026-07-24 18:00:00,R101,Highway,2000,40.7128,-74.006,1910,37,Clear,22.9,0.0,0,95.5,91.0
2026-07-24 19:00:00,R101,Highway,2000,40.7128,-74.006,1882,38,Clear,22.9,0.0,0,94.1,95.5
2026-07-24 20:00:00,R101,Highway,2000,40.7128,-74.006,356,100,Clear,22.9,0.0,0,17.8,94.1
2026-07-24 21:00:00,R101,Highway,2000,40.7128,-74.006,407,100,Clear,22.9,0.0,0,20.35,17.8
2026-07-24 22:00:00,R101,Highway,2000,40.7128,-74.006,421,100,Clear,22.9,0.0,0,21.05,20.35
2026-07-24 23:00:00,R101,Highway,2000,40.7128,-74.006,428,100,Clear,22.9,0.0,0,21.4,21.05
2026-07-25 00:00:00,R101,Highway,2000,40.7128,-74.006,400,100,Clear,25.7,0.0,0,20.0,21.4
2026-07-25 01:00:00,R101,Highway,2000,40.7128,-74.006,447,100,Clear,25.7,0.0,0,22.35,20.0
2026-07-25 02:00:00,R101,Highway,2000,40.7128,-74.006,374,100,Clear,25.7,0.0,0,18.7,22.35
2026-07-25 03:00:00,R101,Highway,2000,40.7128,-74.006,360,100,Clear,25.7,0.0,0,18.0,18.7
2026-07-25 04:00:00,R101,Highway,2000,40.7128,-74.006,455,100,Clear,25.7,0.0,0,22.75,18.0
2026-07-25 05:00:00,R101,Highway,2000,40.7128,-74.006,401,100,Clear,25.7,0.0,0,20.05,22.75
2026-07-25 06:00:00,R101,Highway,2000,40.7128,-74.006,378,100,Clear,25.7,0.0,0,18.9,20.05
2026-07-25 07:00:00,R101,Highway,2000,40.7128,-74.006,441,100,Clear,25.7,0.0,0,22.05,18.9
2026-07-25 08:00:00,R101,Highway,2000,40.7128,-74.006,403,100,Clear,25.7,0.0,0,20.15,22.05
2026-07-25 09:00:00,R101,Highway,2000,40.7128,-74.006,434,100,Clear,25.7,0.0,0,21.7,20.15
2026-07-25 10:00:00,R101,Highway,2000,40.7128,-74.006,373,100,Clear,25.7,0.0,0,18.65,21.7
2026-07-25 11:00:00,R101,Highway,2000,40.7128,-74.006,1599,47,Clear,25.7,0.0,0,79.95,18.65
2026-07-25 12:00:00,R101,Highway,2000,40.7128,-74.006,1360,56,Clear,25.7,0.0,0,68.0,79.95
2026-07-25 13:00:00,R101,Highway,2000,40.7128,-74.006,1595,47,Clear,25.7,0.0,0,79.75,68.0
2026-07-25 14:00:00,R101,Highway,2000,40.7128,-74.006,1338,57,Clear,25.7,0.0,0,66.9,79.75
2026-07-25 15:00:00,R101,Highway,2000,40.7128,-74.006,1597,47,Clear,25.7,0.0,0,79.85,66.9
2026-07-25 16:00:00,R101,Highway,2000,40.7128,-74.006,1324,58,Clear,25.7,0.0,0,66.2,79.85
2026-07-25 17:00:00,R101,Highway,2000,40.7128,-74.006,1152,66,Clear,25.7,0.0,0,57.6,66.2
2026-07-25 18:00:00,R101,Highway,2000,40.7128,-74.006,1266,60,Clear,25.7,0.0,0,63.3,57.6
2026-07-25 19:00:00,R101,Highway,2000,40.7128,-74.006,1122,67,Clear,25.7,0.0,0,56.1,63.3
2026-07-25 20:00:00,R101,Highway,2000,40.7128,-74.006,1228,62,Clear,25.7,0.0,0,61.4,56.1
2026-07-25 21:00:00,R101,Highway,2000,40.7128,-74.006,347,100,Clear,25.7,0.0,0,17.35,61.4
2026-07-25 22:00:00,R101,Highway,2000,40.7128,-74.006,457,100,Clear,25.7,0.0,0,22.85,17.35
2026-07-25 23:00:00,R101,Highway,2000,40.7128,-74.006,349,100,Clear,25.7,0.0,0,17.45,22.85
2026-07-26 00:00:00,R101,Highway,2000,40.7128,-74.006,382,100,Clear,24.4,0.0,0,19.1,17.45
2026-07-26 01:00:00,R101,Highway,2000,40.7128,-74.006,408,100,Clear,24.4,0.0,0,20.4,19.1
2026-07-26 02:00:00,R101,Highway,2000,40.7128,-74.006,431,100,Clear,24.4,0.0,0,21.55,20.4
2026-07-26 03:00:00,R101,Highway,2000,40.7128,-74.006,436,100,Clear,24.4,0.0,0,21.8,21.55
2026-07-26 04:00:00,R101,Highway,2000,40.7128,-74.006,387,100,Clear,24.4,0.0,0,19.35,21.8
2026-07-26 05:00:00,R101,Highway,2000,40.7128,-74.006,412,100,Clear,24.4,0.0,0,20.6,19.35
2026-07-26 06:00:00,R101,Highway,2000,40.7128,-74.006,368,100,Clear,24.4,0.0,0,18.4,20.6
2026-07-26 07:00:00,R101,Highway,2000,40.7128,-74.006,431,100,Clear,24.4,0.0,0,21.55,18.4
2026-07-26 08:00:00,R101,Highway,2000,40.7128,-74.006,431,100,Clear,24.4,0.0,0,21.55,21.55
2026-07-26 09:00:00,R101,Highway,2000,40.7128,-74.006,389,100,Clear,24.4,0.0,0,19.45,21.55
2026-07-26 10:00:00,R101,Highway,2000,40.7128,-74.006,420,100,Clear,24.4,0.0,0,21.0,19.45
2026-07-26 11:00:00,R101,Highway,2000,40.7128,-74.006,1445,53,Clear,24.4,0.0,0,72.25,21.0
2026-07-26 12:00:00,R101,Highway,2000,40.7128,-74.006,1261,60,Clear,24.4,0.0,0,63.05,72.25
2026-07-26 13:00:00,R101,Highway,2000,40.7128,-74.006,1389,55,Clear,24.4,0.0,0,69.45,63.05
2026-07-26 14:00:00,R101,Highway,2000,40.7128,-74.006,1571,48,Clear,24.4,0.0,0,78.55,69.45
2026-07-26 15:00:00,R101,Highway,2000,40.7128,-74.006,1289,59,Clear,24.4,0.0,0,64.45,78.55
2026-07-26 16:00:00,R101,Highway,2000,40.7128,-74.006,1076,69,Clear,24.4,0.0,0,53.8,64.45
2026-07-26 17:00:00,R101,Highway,2000,40.7128,-74.006,1378,55,Clear,24.4,0.0,0,68.9,53.8
2026-07-26 18:00:00,R101,Highway,2000,40.7128,-74.006,1145,66,Clear,24.4,0.0,0,57.25,68.9
2026-07-26 19:00:00,R101,Highway,2000,40.7128,-74.006,1260,60,Clear,24.4,0.0,0,63.0,57.25
2026-07-26 20:00:00,R101,Highway,2000,40.7128,-74.006,1112,68,Clear,24.4,0.0,0,55.6,63.0
2026-07-26 21:00:00,R101,Highway,2000,40.7128,-74.006,390,100,Clear,24.4,0.0,0,19.5,55.6
2026-07-26 22:00:00,R101,Highway,2000,40.7128,-74.006,385,100,Clear,24.4,0.0,0,19.25,19.5
2026-07-26 23:00:00,R101,Highway,2000,40.7128,-74.006,413,100,Clear,24.4,0.0,0,20.65,19.25
2026-07-27 00:00:00,R101,Highway,2000,40.7128,-74.006,440,100,Cloudy,15.8,0.0,0,22.0,20.65
2026-07-27 01:00:00,R101,Highway,2000,40.7128,-74.006,443,100,Cloudy,15.8,0.0,0,22.15,22.0
2026-07-27 02:00:00,R101,Highway,2000,40.7128,-74.006,347,100,Cloudy,15.8,0.0,0,17.35,22.15
2026-07-27 03:00:00,R101,Highway,2000,40.7128,-74.006,374,100,Cloudy,15.8,0.0,0,18.7,17.35
2026-07-27 04:00:00,R101,Highway,2000,40.7128,-74.006,451,100,Cloudy,15.8,0.0,0,22.55,18.7
2026-07-27 05:00:00,R101,Highway,2000,40.7128,-74.006,398,100,Cloudy,15.8,0.0,0,19.9,22.55
2026-07-27 06:00:00,R101,Highway,2000,40.7128,-74.006,395,100,Cloudy,15.8,0.0,0,19.75,19.9
2026-07-27 07:00:00,R101,Highway,2000,40.7128,-74.006,1993,35,Cloudy,15.8,0.0,0,99.65,19.75
2026-07-27 08:00:00,R101,Highway,2000,40.7128,-74.006,2016,34,Cloudy,15.8,0.0,0,100.8,99.65
2026-07-27 09:00:00,R101,Highway,2000,40.7128,-74.006,1743,42,Cloudy,15.8,0.0,0,87.15,100.8
2026-07-27 10:00:00,R101,Highway,2000,40.7128,-74.006,1348,57,Cloudy,15.8,0.0,0,67.4,87.15
2026-07-27 11:00:00,R101,Highway,2000,40.7128,-74.006,1311,58,Cloudy,15.8,0.0,0,65.55,67.4
2026-07-27 12:00:00,R101,Highway,2000,40.7128,-74.006,1309,58,Cloudy,15.8,0.0,0,65.45,65.55
2026-07-27 13:00:00,R101,Highway,2000,40.7128,-74.006,1202,63,Cloudy,15.8,0.0,0,60.1,65.45
2026-07-27 14:00:00,R101,Highway,2000,40.7128,-74.006,1045,71,Cloudy,15.8,0.0,0,52.25,60.1
2026-07-27 15:00:00,R101,Highway,2000,40.7128,-74.006,1138,66,Cloudy,15.8,0.0,0,56.9,52.25
2026-07-27 16:00:00,R101,Highway,2000,40.7128,-74.006,1918,37,Cloudy,15.8,0.0,0,95.9,56.9
2026-07-27 17:00:00,R101,Highway,2000,40.7128,-74.006,2131,31,Cloudy,15.8,0.0,0,106.55,95.9
2026-07-27 18:00:00,R101,Highway,2000,40.7128,-74.006,1737,42,Cloudy,15.8,0.0,0,86.85,106.55
2026-07-27 19:00:00,R101,Highway,2000,40.7128,-74.006,2166,30,Cloudy,15.8,0.0,0,108.3,86.85
2026-07-27 20:00:00,R101,Highway,2000,40.7128,-74.006,343,100,Cloudy,15.8,0.0,0,17.15,108.3
2026-07-27 21:00:00,R101,Highway,2000,40.7128,-74.006,399,100,Cloudy,15.8,0.0,0,19.95,17.15
2026-07-27 22:00:00,R101,Highway,2000,40.7128,-74.006,416,100,Cloudy,15.8,0.0,0,20.8,19.95
2026-07-27 23:00:00,R101,Highway,2000,40.7128,-74.006,412,100,Cloudy,15.8,0.0,0,20.6,20.8
2026-07-28 00:00:00,R101,Highway,2000,40.7128,-74.006,395,100,Clear,30.4,0.0,0,19.75,20.6
2026-07-28 01:00:00,R101,Highway,2000,40.7128,-74.006,390,100,Clear,30.4,0.0,0,19.5,19.75
2026-07-28 02:00:00,R101,Highway,2000,40.7128,-74.006,370,100,Clear,30.4,0.0,0,18.5,19.5
2026-07-28 03:00:00,R101,Highway,2000,40.7128,-74.006,354,100,Clear,30.4,0.0,0,17.7,18.5
2026-07-28 04:00:00,R101,Highway,2000,40.7128,-74.006,378,100,Clear,30.4,0.0,0,18.9,17.7
2026-07-28 05:00:00,R101,Highway,2000,40.7128,-74.006,380,100,Clear,30.4,0.0,0,19.0,18.9
2026-07-28 06:00:00,R101,Highway,2000,40.7128,-74.006,346,100,Clear,30.4,0.0,0,17.3,19.0
2026-07-28 07:00:00,R101,Highway,2000,40.7128,-74.006,1738,42,Clear,30.4,0.0,0,86.9,17.3
2026-07-28 08:00:00,R101,Highway,2000,40.7128,-74.006,1906,37,Clear,30.4,0.0,0,95.3,86.9
2026-07-28 09:00:00,R101,Highway,2000,40.7128,-74.006,1802,40,Clear,30.4,0.0,0,90.1,95.3
2026-07-28 10:00:00,R101,Highway,2000,40.7128,-74.006,1120,67,Clear,30.4,0.0,0,56.0,90.1
2026-07-28 11:00:00,R101,Highway,2000,40.7128,-74.006,1129,67,Clear,30.4,0.0,0,56.45,56.0
2026-07-28 12:00:00,R101,Highway,2000,40.7128,-74.006,1120,67,Clear,30.4,0.0,0,56.0,56.45
2026-07-28 13:00:00,R101,Highway,2000,40.7128,-74.006,1144,66,Clear,30.4,0.0,0,57.2,56.0
2026-07-28 14:00:00,R101,Highway,2000,40.7128,-74.006,1206,63,Clear,30.4,0.0,0,60.3,57.2
2026-07-28 15:00:00,R101,Highway,2000,40.7128,-74.006,1112,68,Clear,30.4,0.0,0,55.6,60.3
2026-07-28 16:00:00,R101,Highway,2000,40.7128,-74.006,1700,43,Clear,30.4,0.0,0,85.0,55.6
2026-07-28 17:00:00,R101,Highway,2000,40.7128,-74.006,1844,39,Clear,30.4,0.0,0,92.2,85.0
2026-07-28 18:00:00,R101,Highway,2000,40.7128,-74.006,2167,30,Clear,30.4,0.0,0,108.35,92.2
2026-07-28 19:00:00,R101,Highway,2000,40.7128,-74.006,1725,43,Clear,30.4,0.0,0,86.25,108.35
2026-07-28 20:00:00,R101,Highway,2000,40.7128,-74.006,420,100,Clear,30.4,0.0,0,21.0,86.25
2026-07-28 21:00:00,R101,Highway,2000,40.7128,-74.006,397,100,Clear,30.4,0.0,0,19.85,21.0
2026-07-28 22:00:00,R101,Highway,2000,40.7128,-74.006,421,100,Clear,30.4,0.0,0,21.05,19.85
2026-07-28 23:00:00,R101,Highway,2000,40.7128,-74.006,395,100,Clear,30.4,0.0,0,19.75,21.05
2026-07-29 00:00:00,R101,Highway,2000,40.7128,-74.006,441,100,Cloudy,16.4,0.0,0,22.05,19.75
2026-07-29 01:00:00,R101,Highway,2000,40.7128,-74.006,352,100,Cloudy,16.4,0.0,0,17.6,22.05
2026-07-29 02:00:00,R101,Highway,2000,40.7128,-74.006,379,100,Cloudy,16.4,0.0,0,18.95,17.6
2026-07-29 03:00:00,R101,Highway,2000,40.7128,-74.006,415,100,Cloudy,16.4,0.0,0,20.75,18.95
2026-07-29 04:00:00,R101,Highway,2000,40.7128,-74.006,376,100,Cloudy,16.4,0.0,0,18.8,20.75
2026-07-29 05:00:00,R101,Highway,2000,40.7128,-74.006,391,100,Cloudy,16.4,0.0,0,19.55,18.8
2026-07-29 06:00:00,R101,Highway,2000,40.7128,-74.006,352,100,Cloudy,16.4,0.0,0,17.6,19.55
2026-07-29 07:00:00,R101,Highway,2000,40.7128,-74.006,2077,9,Cloudy,16.4,0.0,1,103.85,17.6
2026-07-29 08:00:00,R101,Highway,2000,40.7128,-74.006,2059,33,Cloudy,16.4,0.0,0,102.95,103.85
2026-07-29 09:00:00,R101,Highway,2000,40.7128,-74.006,1758,41,Cloudy,16.4,0.0,0,87.9,102.95
2026-07-29 10:00:00,R101,Highway,2000,40.7128,-74.006,1051,71,Cloudy,16.4,0.0,0,52.55,87.9
2026-07-29 11:00:00,R101,Highway,2000,40.7128,-74.006,1066,70,Cloudy,16.4,0.0,0,53.3,52.55
2026-07-29 12:00:00,R101,Highway,2000,40.7128,-74.006,1309,58,Cloudy,16.4,0.0,0,65.45,53.3
2026-07-29 13:00:00,R101,Highway,2000,40.7128,-74.006,1243,61,Cloudy,16.4,0.0,0,62.15,65.45
2026-07-29 14:00:00,R101,Highway,2000,40.7128,-74.006,1199,63,Cloudy,16.4,0.0,0,59.95,62.15
2026-07-29 15:00:00,R101,Highway,2000,40.7128,-74.006,1030,72,Cloudy,16.4,0.0,0,51.5,59.95
2026-07-29 16:00:00,R101,Highway,2000,40.7128,-74.006,1646,45,Cloudy,16.4,0.0,0,82.3,51.5
2026-07-29 17:00:00,R101,Highway,2000,40.7128,-74.006,1744,42,Cloudy,16.4,0.0,0,87.2,82.3
2026-07-29 18:00:00,R101,Highway,2000,40.7128,-74.006,1929,36,Cloudy,16.4,0.0,0,96.45,87.2
2026-07-29 19:00:00,R101,Highway,2000,40.7128,-74.006,2400,7,Cloudy,16.4,0.0,1,120.0,96.45
2026-07-29 20:00:00,R101,Highway,2000,40.7128,-74.006,421,100,Cloudy,16.4,0.0,0,21.05,120.0
2026-07-29 21:00:00,R101,Highway,2000,40.7128,-74.006,355,100,Cloudy,16.4,0.0,0,17.75,21.05
2026-07-29 22:00:00,R101,Highway,2000,40.7128,-74.006,346,100,Cloudy,16.4,0.0,0,17.3,17.75
2026-07-29 23:00:00,R101,Highway,2000,40.7128,-74.006,448,100,Cloudy,16.4,0.0,0,22.4,17.3
2026-07-30 00:00:00,R101,Highway,2000,40.7128,-74.006,399,100,Clear,24.5,0.0,0,19.95,22.4
2026-07-30 01:00:00,R101,Highway,2000,40.7128,-74.006,396,100,Clear,24.5,0.0,0,19.8,19.95
2026-07-30 02:00:00,R101,Highway,2000,40.7128,-74.006,444,100,Clear,24.5,0.0,0,22.2,19.8
2026-07-30 03:00:00,R101,Highway,2000,40.7128,-74.006,414,100,Clear,24.5,0.0,0,20.7,22.2
2026-07-30 04:00:00,R101,Highway,2000,40.7128,-74.006,410,100,Clear,24.5,0.0,0,20.5,20.7
2026-07-30 05:00:00,R101,Highway,2000,40.7128,-74.006,432,100,Clear,24.5,0.0,0,21.6,20.5
2026-07-30 06:00:00,R101,Highway,2000,40.7128,-74.006,423,100,Clear,24.5,0.0,0,21.15,21.6
2026-07-30 07:00:00,R101,Highway,2000,40.7128,-74.006,1882,38,Clear,24.5,0.0,0,94.1,21.15
2026-07-30 08:00:00,R101,Highway,2000,40.7128,-74.006,1862,38,Clear,24.5,0.0,0,93.1,94.1
2026-07-30 09:00:00,R101,Highway,2000,40.7128,-74.006,1683,44,Clear,24.5,0.0,0,84.15,93.1
2026-07-30 10:00:00,R101,Highway,2000,40.7128,-74.006,1304,58,Clear,24.5,0.0,0,65.2,84.15
2026-07-30 11:00:00,R101,Highway,2000,40.7128,-74.006,1210,63,Clear,24.5,0.0,0,60.5,65.2
2026-07-30 12:00:00,R101,Highway,2000,40.7128,-74.006,1168,65,Clear,24.5,0.0,0,58.4,60.5
2026-07-30 13:00:00,R101,Highway,2000,40.7128,-74.006,1307,58,Clear,24.5,0.0,0,65.35,58.4
2026-07-30 14:00:00,R101,Highway,2000,40.7128,-74.006,1195,64,Clear,24.5,0.0,0,59.75,65.35
2026-07-30 15:00:00,R101,Highway,2000,40.7128,-74.006,1362,56,Clear,24.5,0.0,0,68.1,59.75
2026-07-30 16:00:00,R101,Highway,2000,40.7128,-74.006,1957,36,Clear,24.5,0.0,0,97.85,68.1
2026-07-30 17:00:00,R101,Highway,2000,40.7128,-74.006,1729,42,Clear,24.5,0.0,0,86.45,97.85
2026-07-30 18:00:00,R101,Highway,2000,40.7128,-74.006,2072,33,Clear,24.5,0.0,0,103.6,86.45
2026-07-30 19:00:00,R101,Highway,2000,40.7128,-74.006,1891,37,Clear,24.5,0.0,0,94.55,103.6
2026-07-30 20:00:00,R101,Highway,2000,40.7128,-74.006,414,100,Clear,24.5,0.0,0,20.7,94.55
2026-07-30 21:00:00,R101,Highway,2000,40.7128,-74.006,417,100,Clear,24.5,0.0,0,20.85,20.7
2026-07-30 22:00:00,R101,Highway,2000,40.7128,-74.006,371,100,Clear,24.5,0.0,0,18.55,20.85
2026-07-30 23:00:00,R101,Highway,2000,40.7128,-74.006,456,100,Clear,24.5,0.0,0,22.8,18.55
2026-07-31 00:00:00,R101,Highway,2000,40.7128,-74.006,386,100,Clear,25.7,0.0,0,19.3,22.8
2026-07-31 01:00:00,R101,Highway,2000,40.7128,-74.006,347,100,Clear,25.7,0.0,0,17.35,19.3
2026-07-31 02:00:00,R101,Highway,2000,40.7128,-74.006,358,100,Clear,25.7,0.0,0,17.9,17.35
2026-07-31 03:00:00,R101,Highway,2000,40.7128,-74.006,415,100,Clear,25.7,0.0,0,20.75,17.9
2026-07-31 04:00:00,R101,Highway,2000,40.7128,-74.006,347,100,Clear,25.7,0.0,0,17.35,20.75
2026-07-31 05:00:00,R101,Highway,2000,40.7128,-74.006,406,100,Clear,25.7,0.0,0,20.3,17.35
2026-07-31 06:00:00,R101,Highway,2000,40.7128,-74.006,422,100,Clear,25.7,0.0,0,21.1,20.3
2026-07-31 07:00:00,R101,Highway,2000,40.7128,-74.006,1857,38,Clear,25.7,0.0,0,92.85,21.1
2026-07-31 08:00:00,R101,Highway,2000,40.7128,-74.006,1831,39,Clear,25.7,0.0,0,91.55,92.85
2026-07-31 09:00:00,R101,Highway,2000,40.7128,-74.006,1622,46,Clear,25.7,0.0,0,81.1,91.55
2026-07-31 10:00:00,R101,Highway,2000,40.7128,-74.006,1379,55,Clear,25.7,0.0,0,68.95,81.1
2026-07-31 11:00:00,R101,Highway,2000,40.7128,-74.006,1089,69,Clear,25.7,0.0,0,54.45,68.95
2026-07-31 12:00:00,R101,Highway,2000,40.7128,-74.006,1279,60,Clear,25.7,0.0,0,63.95,54.45
2026-07-31 13:00:00,R101,Highway,2000,40.7128,-74.006,1294,59,Clear,25.7,0.0,0,64.7,63.95
2026-07-31 14:00:00,R101,Highway,2000,40.7128,-74.006,1181,64,Clear,25.7,0.0,0,59.05,64.7
2026-07-31 15:00:00,R101,Highway,2000,40.7128,-74.006,1375,55,Clear,25.7,0.0,0,68.75,59.05
2026-07-31 16:00:00,R101,Highway,2000,40.7128,-74.006,2107,32,Clear,25.7,0.0,0,105.35,68.75
2026-07-31 17:00:00,R101,Highway,2000,40.7128,-74.006,1819,40,Clear,25.7,0.0,0,90.95,105.35
2026-07-31 18:00:00,R101,Highway,2000,40.7128,-74.006,1950,36,Clear,25.7,0.0,0,97.5,90.95
2026-07-31 19:00:00,R101,Highway,2000,40.7128,-74.006,1744,42,Clear,25.7,0.0,0,87.2,97.5
2026-07-31 20:00:00,R101,Highway,2000,40.7128,-74.006,389,100,Clear,25.7,0.0,0,19.45,87.2
2026-07-31 21:00:00,R101,Highway,2000,40.7128,-74.006,401,100,Clear,25.7,0.0,0,20.05,19.45
2026-07-31 22:00:00,R101,Highway,2000,40.7128,-74.006,370,100,Clear,25.7,0.0,0,18.5,20.05
2026-07-31 23:00:00,R101,Highway,2000,40.7128,-74.006,426,100,Clear,25.7,0.0,0,21.3,18.5
2026-08-01 00:00:00,R101,Highway,2000,40.7128,-74.006,418,100,Clear,29.0,0.0,0,20.9,21.3
2026-08-01 01:00:00,R101,Highway,2000,40.7128,-74.006,340,100,Clear,29.0,0.0,0,17.0,20.9
2026-08-01 02:00:00,R101,Highway,2000,40.7128,-74.006,346,100,Clear,29.0,0.0,0,17.3,17.0
2026-08-01 03:00:00,R101,Highway,2000,40.7128,-74.006,380,100,Clear,29.0,0.0,0,19.0,17.3
2026-08-01 04:00:00,R101,Highway,2000,40.7128,-74.006,340,100,Clear,29.0,0.0,0,17.0,19.0
2026-08-01 05:00:00,R101,Highway,2000,40.7128,-74.006,416,100,Clear,29.0,0.0,0,20.8,17.0
2026-08-01 06:00:00,R101,Highway,2000,40.7128,-74.006,432,100,Clear,29.0,0.0,0,21.6,20.8
2026-08-01 07:00:00,R101,Highway,2000,40.7128,-74.006,391,100,Clear,29.0,0.0,0,19.55,21.6
2026-08-01 08:00:00,R101,Highway,2000,40.7128,-74.006,374,100,Clear,29.0,0.0,0,18.7,19.55
2026-08-01 09:00:00,R101,Highway,2000,40.7128,-74.006,441,100,Clear,29.0,0.0,0,22.05,18.7
2026-08-01 10:00:00,R101,Highway,2000,40.7128,-74.006,456,100,Clear,29.0,0.0,0,22.8,22.05
2026-08-01 11:00:00,R101,Highway,2000,40.7128,-74.006,1322,58,Clear,29.0,0.0,0,66.1,22.8
2026-08-01 12:00:00,R101,Highway,2000,40.7128,-74.006,1394,55,Clear,29.0,0.0,0,69.7,66.1
2026-08-01 13:00:00,R101,Highway,2000,40.7128,-74.006,1317,58,Clear,29.0,0.0,0,65.85,69.7
2026-08-01 14:00:00,R101,Highway,2000,40.7128,-74.006,1314,58,Clear,29.0,0.0,0,65.7,65.85
2026-08-01 15:00:00,R101,Highway,2000,40.7128,-74.006,1520,50,Clear,29.0,0.0,0,76.0,65.7
2026-08-01 16:00:00,R101,Highway,2000,40.7128,-74.006,1085,69,Clear,29.0,0.0,0,54.25,76.0
2026-08-01 17:00:00,R101,Highway,2000,40.7128,-74.006,1339,57,Clear,29.0,0.0,0,66.95,54.25
2026-08-01 18:00:00,R101,Highway,2000,40.7128,-74.006,1155,65,Clear,29.0,0.0,0,57.75,66.95
2026-08-01 19:00:00,R101,Highway,2000,40.7128,-74.006,1078,69,Clear,29.0,0.0,0,53.9,57.75
2026-08-01 20:00:00,R101,Highway,2000,40.7128,-74.006,1253,61,Clear,29.0,0.0,0,62.65,53.9
2026-08-01 21:00:00,R101,Highway,2000,40.7128,-74.006,341,100,Clear,29.0,0.0,0,17.05,62.65
2026-08-01 22:00:00,R101,Highway,2000,40.7128,-74.006,448,100,Clear,29.0,0.0,0,22.4,17.05
2026-08-01 23:00:00,R101,Highway,2000,40.7128,-74.006,371,100,Clear,29.0,0.0,0,18.55,22.4
2026-08-02 00:00:00,R101,Highway,2000,40.7128,-74.006,364,100,Clear,31.6,0.0,0,18.2,18.55
2026-08-02 01:00:00,R101,Highway,2000,40.7128,-74.006,360,100,Clear,31.6,0.0,0,18.0,18.2
2026-08-02 02:00:00,R101,Highway,2000,40.7128,-74.006,438,100,Clear,31.6,0.0,0,21.9,18.0
2026-08-02 03:00:00,R101,Highway,2000,40.7128,-74.006,420,100,Clear,31.6,0.0,0,21.0,21.9
2026-08-02 04:00:00,R101,Highway,2000,40.7128,-74.006,466,30,Clear,31.6,0.0,1,23.3,21.0
2026-08-02 05:00:00,R101,Highway,2000,40.7128,-74.006,367,100,Clear,31.6,0.0,0,18.35,23.3
2026-08-02 06:00:00,R101,Highway,2000,40.7128,-74.006,342,100,Clear,31.6,0.0,0,17.1,18.35
2026-08-02 07:00:00,R101,Highway,2000,40.7128,-74.006,370,100,Clear,31.6,0.0,0,18.5,17.1
2026-08-02 08:00:00,R101,Highway,2000,40.7128,-74.006,403,100,Clear,31.6,0.0,0,20.15,18.5
2026-08-02 09:00:00,R101,Highway,2000,40.7128,-74.006,386,100,Clear,31.6,0.0,0,19.3,20.15
2026-08-02 10:00:00,R101,Highway,2000,40.7128,-74.006,353,100,Clear,31.6,0.0,0,17.65,19.3
2026-08-02 11:00:00,R101,Highway,2000,40.7128,-74.006,1567,48,Clear,31.6,0.0,0,78.35,17.65
2026-08-02 12:00:00,R101,Highway,2000,40.7128,-74.006,1229,62,Clear,31.6,0.0,0,61.45,78.35
2026-08-02 13:00:00,R101,Highway,2000,40.7128,-74.006,1315,58,Clear,31.6,0.0,0,65.75,61.45
2026-08-02 14:00:00,R101,Highway,2000,40.7128,-74.006,1520,50,Clear,31.6,0.0,0,76.0,65.75
2026-08-02 15:00:00,R101,Highway,2000,40.7128,-74.006,1264,60,Clear,31.6,0.0,0,63.2,76.0
2026-08-02 16:00:00,R101,Highway,2000,40.7128,-74.006,1145,66,Clear,31.6,0.0,0,57.25,63.2
2026-08-02 17:00:00,R101,Highway,2000,40.7128,-74.006,1282,59,Clear,31.6,0.0,0,64.1,57.25
2026-08-02 18:00:00,R101,Highway,2000,40.7128,-74.006,1376,55,Clear,31.6,0.0,0,68.8,64.1
2026-08-02 19:00:00,R101,Highway,2000,40.7128,-74.006,1066,70,Clear,31.6,0.0,0,53.3,68.8
2026-08-02 20:00:00,R101,Highway,2000,40.7128,-74.006,1057,70,Clear,31.6,0.0,0,52.85,53.3
2026-08-02 21:00:00,R101,Highway,2000,40.7128,-74.006,424,100,Clear,31.6,0.0,0,21.2,52.85
2026-08-02 22:00:00,R101,Highway,2000,40.7128,-74.006,407,100,Clear,31.6,0.0,0,20.35,21.2
2026-08-02 23:00:00,R101,Highway,2000,40.7128,-74.006,436,100,Clear,31.6,0.0,0,21.8,20.35
2026-08-03 00:00:00,R101,Highway,2000,40.7128,-74.006,344,100,Cloudy,18.0,0.0,0,17.2,21.8
2026-08-03 01:00:00,R101,Highway,2000,40.7128,-74.006,374,100,Cloudy,18.0,0.0,0,18.7,17.2
2026-08-03 02:00:00,R101,Highway,2000,40.7128,-74.006,366,100,Cloudy,18.0,0.0,0,18.3,18.7
2026-08-03 03:00:00,R101,Highway,2000,40.7128,-74.006,443,100,Cloudy,18.0,0.0,0,22.15,18.3
2026-08-03 04:00:00,R101,Highway,2000,40.7128,-74.006,415,100,Cloudy,18.0,0.0,0,20.75,22.15
2026-08-03 05:00:00,R101,Highway,2000,40.7128,-74.006,444,100,Cloudy,18.0,0.0,0,22.2,20.75
2026-08-03 06:00:00,R101,Highway,2000,40.7128,-74.006,444,100,Cloudy,18.0,0.0,0,22.2,22.2
2026-08-03 07:00:00,R101,Highway,2000,40.7128,-74.006,1876,11,Cloudy,18.0,0.0,1,93.8,22.2
2026-08-03 08:00:00,R101,Highway,2000,40.7128,-74.006,1589,47,Cloudy,18.0,0.0,0,79.45,93.8
2026-08-03 09:00:00,R101,Highway,2000,40.7128,-74.006,2012,34,Cloudy,18.0,0.0,0,100.6,79.45
2026-08-03 10:00:00,R101,Highway,2000,40.7128,-74.006,1368,56,Cloudy,18.0,0.0,0,68.4,100.6
2026-08-03 11:00:00,R101,Highway,2000,40.7128,-74.006,1177,64,Cloudy,18.0,0.0,0,58.85,68.4
2026-08-03 12:00:00,R101,Highway,2000,40.7128,-74.006,1047,71,Cloudy,18.0,0.0,0,52.35,58.85
2026-08-03 13:00:00,R101,Highway,2000,40.7128,-74.006,1166,65,Cloudy,18.0,0.0,0,58.3,52.35
2026-08-03 14:00:00,R101,Highway,2000,40.7128,-74.006,1228,62,Cloudy,18.0,0.0,0,61.4,58.3
2026-08-03 15:00:00,R101,Highway,2000,40.7128,-74.006,1254,61,Cloudy,18.0,0.0,0,62.7,61.4
2026-08-03 16:00:00,R101,Highway,2000,40.7128,-74.006,1795,40,Cloudy,18.0,0.0,0,89.75,62.7
2026-08-03 17:00:00,R101,Highway,2000,40.7128,-74.006,1798,40,Cloudy,18.0,0.0,0,89.9,89.75
2026-08-03 18:00:00,R101,Highway,2000,40.7128,-74.006,1819,40,Cloudy,18.0,0.0,0,90.95,89.9
2026-08-03 19:00:00,R101,Highway,2000,40.7128,-74.006,1745,42,Cloudy,18.0,0.0,0,87.25,90.95
2026-08-03 20:00:00,R101,Highway,2000,40.7128,-74.006,366,100,Cloudy,18.0,0.0,0,18.3,87.25
2026-08-03 21:00:00,R101,Highway,2000,40.7128,-74.006,410,100,Cloudy,18.0,0.0,0,20.5,18.3
2026-08-03 22:00:00,R101,Highway,2000,40.7128,-74.006,444,100,Cloudy,18.0,0.0,0,22.2,20.5
2026-08-03 23:00:00,R101,Highway,2000,40.7128,-74.006,340,100,Cloudy,18.0,0.0,0,17.0,22.2
2026-08-04 00:00:00,R101,Highway,2000,40.7128,-74.006,434,80,Rainy,10.1,3.0,0,21.7,17.0
2026-08-04 01:00:00,R101,Highway,2000,40.7128,-74.006,414,80,Rainy,10.1,3.0,0,20.7,21.7
2026-08-04 02:00:00,R101,Highway,2000,40.7128,-74.006,378,80,Rainy,10.1,3.0,0,18.9,20.7
2026-08-04 03:00:00,R101,Highway,2000,40.7128,-74.006,359,80,Rainy,10.1,3.0,0,17.95,18.9
2026-08-04 04:00:00,R101,Highway,2000,40.7128,-74.006,414,80,Rainy,10.1,3.0,0,20.7,17.95
2026-08-04 05:00:00,R101,Highway,2000,40.7128,-74.006,348,80,Rainy,10.1,3.0,0,17.4,20.7
2026-08-04 06:00:00,R101,Highway,2000,40.7128,-74.006,360,80,Rainy,10.1,3.0,0,18.0,17.4
2026-08-04 07:00:00,R101,Highway,2000,40.7128,-74.006,1719,34,Rainy,10.1,3.0,0,85.95,18.0
2026-08-04 08:00:00,R101,Highway,2000,40.7128,-74.006,1961,28,Rainy,10.1,3.0,0,98.05,85.95
2026-08-04 09:00:00,R101,Highway,2000,40.7128,-74.006,1570,38,Rainy,10.1,3.0,0,78.5,98.05
2026-08-04 10:00:00,R101,Highway,2000,40.7128,-74.006,1131,53,Rainy,10.1,3.0,0,56.55,78.5
2026-08-04 11:00:00,R101,Highway,2000,40.7128,-74.006,1042,57,Rainy,10.1,3.0,0,52.1,56.55
2026-08-04 12:00:00,R101,Highway,2000,40.7128,-74.006,1307,47,Rainy,10.1,3.0,0,65.35,52.1
2026-08-04 13:00:00,R101,Highway,2000,40.7128,-74.006,1330,46,Rainy,10.1,3.0,0,66.5,65.35
2026-08-04 14:00:00,R101,Highway,2000,40.7128,-74.006,1312,46,Rainy,10.1,3.0,0,65.6,66.5
2026-08-04 15:00:00,R101,Highway,2000,40.7128,-74.006,1226,50,Rainy,10.1,3.0,0,61.3,65.6
2026-08-04 16:00:00,R101,Highway,2000,40.7128,-74.006,2070,26,Rainy,10.1,3.0,0,103.5,61.3
2026-08-04 17:00:00,R101,Highway,2000,40.7128,-74.006,1722,34,Rainy,10.1,3.0,0,86.1,103.5
2026-08-04 18:00:00,R101,Highway,2000,40.7128,-74.006,1844,31,Rainy,10.1,3.0,0,92.2,86.1
2026-08-04 19:00:00,R101,Highway,2000,40.7128,-74.006,1838,31,Rainy,10.1,3.0,0,91.9,92.2
2026-08-04 20:00:00,R101,Highway,2000,40.7128,-74.006,370,80,Rainy,10.1,3.0,0,18.5,91.9
2026-08-04 21:00:00,R101,Highway,2000,40.7128,-74.006,380,80,Rainy,10.1,3.0,0,19.0,18.5
2026-08-04 22:00:00,R101,Highway,2000,40.7128,-74.006,433,80,Rainy,10.1,3.0,0,21.65,19.0
2026-08-04 23:00:00,R101,Highway,2000,40.7128,-74.006,354,80,Rainy,10.1,3.0,0,17.7,21.65
2026-08-05 00:00:00,R101,Highway,2000,40.7128,-74.006,438,100,Clear,22.3,0.0,0,21.9,17.7
2026-08-05 01:00:00,R101,Highway,2000,40.7128,-74.006,341,100,Clear,22.3,0.0,0,17.05,21.9
2026-08-05 02:00:00,R101,Highway,2000,40.7128,-74.006,448,100,Clear,22.3,0.0,0,22.4,17.05
2026-08-05 03:00:00,R101,Highway,2000,40.7128,-74.006,433,100,Clear,22.3,0.0,0,21.65,22.4
2026-08-05 04:00:00,R101,Highway,2000,40.7128,-74.006,428,100,Clear,22.3,0.0,0,21.4,21.65
2026-08-05 05:00:00,R101,Highway,2000,40.7128,-74.006,425,100,Clear,22.3,0.0,0,21.25,21.4
2026-08-05 06:00:00,R101,Highway,2000,40.7128,-74.006,427,100,Clear,22.3,0.0,0,21.35,21.25
2026-08-05 07:00:00,R101,Highway,2000,40.7128,-74.006,1825,39,Clear,22.3,0.0,0,91.25,21.35
2026-08-05 08:00:00,R101,Highway,2000,40.7128,-74.006,2023,10,Clear,22.3,0.0,1,101.15,91.25
2026-08-05 09:00:00,R101,Highway,2000,40.7128,-74.006,1803,40,Clear,22.3,0.0,0,90.15,101.15
2026-08-05 10:00:00,R101,Highway,2000,40.7128,-74.006,1132,67,Clear,22.3,0.0,0,56.6,90.15
2026-08-05 11:00:00,R101,Highway,2000,40.7128,-74.006,1124,67,Clear,22.3,0.0,0,56.2,56.6
2026-08-05 12:00:00,R101,Highway,2000,40.7128,-74.006,1301,59,Clear,22.3,0.0,0,65.05,56.2
2026-08-05 13:00:00,R101,Highway,2000,40.7128,-74.006,1216,63,Clear,22.3,0.0,0,60.8,65.05
2026-08-05 14:00:00,R101,Highway,2000,40.7128,-74.006,1193,64,Clear,22.3,0.0,0,59.65,60.8
2026-08-05 15:00:00,R101,Highway,2000,40.7128,-74.006,1335,57,Clear,22.3,0.0,0,66.75,59.65
2026-08-05 16:00:00,R101,Highway,2000,40.7128,-74.006,1882,38,Clear,22.3,0.0,0,94.1,66.75
2026-08-05 17:00:00,R101,Highway,2000,40.7128,-74.006,1960,36,Clear,22.3,0.0,0,98.0,94.1
2026-08-05 18:00:00,R101,Highway,2000,40.7128,-74.006,1996,35,Clear,22.3,0.0,0,99.8,98.0
2026-08-05 19:00:00,R101,Highway,2000,40.7128,-74.006,2156,31,Clear,22.3,0.0,0,107.8,99.8
2026-08-05 20:00:00,R101,Highway,2000,40.7128,-74.006,376,100,Clear,22.3,0.0,0,18.8,107.8
2026-08-05 21:00:00,R101,Highway,2000,40.7128,-74.006,397,100,Clear,22.3,0.0,0,19.85,18.8
2026-08-05 22:00:00,R101,Highway,2000,40.7128,-74.006,439,100,Clear,22.3,0.0,0,21.95,19.85
2026-08-05 23:00:00,R101,Highway,2000,40.7128,-74.006,414,100,Clear,22.3,0.0,0,20.7,21.95
2026-08-06 00:00:00,R101,Highway,2000,40.7128,-74.006,414,100,Cloudy,16.2,0.0,0,20.7,20.7
2026-08-06 01:00:00,R101,Highway,2000,40.7128,-74.006,347,100,Cloudy,16.2,0.0,0,17.35,20.7
2026-08-06 02:00:00,R101,Highway,2000,40.7128,-74.006,450,100,Cloudy,16.2,0.0,0,22.5,17.35
2026-08-06 03:00:00,R101,Highway,2000,40.7128,-74.006,429,100,Cloudy,16.2,0.0,0,21.45,22.5
2026-08-06 04:00:00,R101,Highway,2000,40.7128,-74.006,417,100,Cloudy,16.2,0.0,0,20.85,21.45
2026-08-06 05:00:00,R101,Highway,2000,40.7128,-74.006,415,100,Cloudy,16.2,0.0,0,20.75,20.85
2026-08-06 06:00:00,R101,Highway,2000,40.7128,-74.006,428,100,Cloudy,16.2,0.0,0,21.4,20.75
2026-08-06 07:00:00,R101,Highway,2000,40.7128,-74.006,1764,41,Cloudy,16.2,0.0,0,88.2,21.4
2026-08-06 08:00:00,R101,Highway,2000,40.7128,-74.006,1556,48,Cloudy,16.2,0.0,0,77.8,88.2
2026-08-06 09:00:00,R101,Highway,2000,40.7128,-74.006,1963,35,Cloudy,16.2,0.0,0,98.15,77.8
2026-08-06 10:00:00,R101,Highway,2000,40.7128,-74.006,1195,64,Cloudy,16.2,0.0,0,59.75,98.15
2026-08-06 11:00:00,R101,Highway,2000,40.7128,-74.006,1150,66,Cloudy,16.2,0.0,0,57.5,59.75
2026-08-06 12:00:00,R101,Highway,2000,40.7128,-74.006,1103,68,Cloudy,16.2,0.0,0,55.15,57.5
2026-08-06 13:00:00,R101,Highway,2000,40.7128,-74.006,1268,60,Cloudy,16.2,0.0,0,63.4,55.15
2026-08-06 14:00:00,R101,Highway,2000,40.7128,-74.006,1070,70,Cloudy,16.2,0.0,0,53.5,63.4
2026-08-06 15:00:00,R101,Highway,2000,40.7128,-74.006,1338,57,Cloudy,16.2,0.0,0,66.9,53.5
2026-08-06 16:00:00,R101,Highway,2000,40.7128,-74.006,2027,34,Cloudy,16.2,0.0,0,101.35,66.9
2026-08-06 17:00:00,R101,Highway,2000,40.7128,-74.006,1719,43,Cloudy,16.2,0.0,0,85.95,101.35
2026-08-06 18:00:00,R101,Highway,2000,40.7128,-74.006,2122,31,Cloudy,16.2,0.0,0,106.1,85.95
2026-08-06 19:00:00,R101,Highway,2000,40.7128,-74.006,2004,34,Cloudy,16.2,0.0,0,100.2,106.1
2026-08-06 20:00:00,R101,Highway,2000,40.7128,-74.006,407,100,Cloudy,16.2,0.0,0,20.35,100.2
2026-08-06 21:00:00,R101,Highway,2000,40.7128,-74.006,385,100,Cloudy,16.2,0.0,0,19.25,20.35
2026-08-06 22:00:00,R101,Highway,2000,40.7128,-74.006,356,100,Cloudy,16.2,0.0,0,17.8,19.25
2026-08-06 23:00:00,R101,Highway,2000,40.7128,-74.006,394,100,Cloudy,16.2,0.0,0,19.7,17.8
2026-08-07 00:00:00,R101,Highway,2000,40.7128,-74.006,365,100,Clear,25.9,0.0,0,18.25,19.7
2026-08-07 01:00:00,R101,Highway,2000,40.7128,-74.006,352,100,Clear,25.9,0.0,0,17.6,18.25
2026-08-07 02:00:00,R101,Highway,2000,40.7128,-74.006,380,100,Clear,25.9,0.0,0,19.0,17.6
2026-08-07 03:00:00,R101,Highway,2000,40.7128,-74.006,414,100,Clear,25.9,0.0,0,20.7,19.0
2026-08-07 04:00:00,R101,Highway,2000,40.7128,-74.006,355,100,Clear,25.9,0.0,0,17.75,20.7
2026-08-07 05:00:00,R101,Highway,2000,40.7128,-74.006,389,100,Clear,25.9,0.0,0,19.45,17.75
2026-08-07 06:00:00,R101,Highway,2000,40.7128,-74.006,402,100,Clear,25.9,0.0,0,20.1,19.45
2026-08-07 07:00:00,R101,Highway,2000,40.7128,-74.006,1909,37,Clear,25.9,0.0,0,95.45,20.1
2026-08-07 08:00:00,R101,Highway,2000,40.7128,-74.006,1530,49,Clear,25.9,0.0,0,76.5,95.45
2026-08-07 09:00:00,R101,Highway,2000,40.7128,-74.006,1920,37,Clear,25.9,0.0,0,96.0,76.5
2026-08-07 10:00:00,R101,Highway,2000,40.7128,-74.006,1079,69,Clear,25.9,0.0,0,53.95,96.0
2026-08-07 11:00:00,R101,Highway,2000,40.7128,-74.006,1363,56,Clear,25.9,0.0,0,68.15,53.95
2026-08-07 12:00:00,R101,Highway,2000,40.7128,-74.006,1165,65,Clear,25.9,0.0,0,58.25,68.15
2026-08-07 13:00:00,R101,Highway,2000,40.7128,-74.006,1264,60,Clear,25.9,0.0,0,63.2,58.25
2026-08-07 14:00:00,R101,Highway,2000,40.7128,-74.006,1195,64,Clear,25.9,0.0,0,59.75,63.2
2026-08-07 15:00:00,R101,Highway,2000,40.7128,-74.006,1090,69,Clear,25.9,0.0,0,54.5,59.75
2026-08-07 16:00:00,R101,Highway,2000,40.7128,-74.006,1730,42,Clear,25.9,0.0,0,86.5,54.5
2026-08-07 17:00:00,R101,Highway,2000,40.7128,-74.006,2095,32,Clear,25.9,0.0,0,104.75,86.5
2026-08-07 18:00:00,R101,Highway,2000,40.7128,-74.006,1838,39,Clear,25.9,0.0,0,91.9,104.75
2026-08-07 19:00:00,R101,Highway,2000,40.7128,-74.006,1960,36,Clear,25.9,0.0,0,98.0,91.9
2026-08-07 20:00:00,R101,Highway,2000,40.7128,-74.006,445,100,Clear,25.9,0.0,0,22.25,98.0
2026-08-07 21:00:00,R101,Highway,2000,40.7128,-74.006,363,100,Clear,25.9,0.0,0,18.15,22.25
2026-08-07 22:00:00,R101,Highway,2000,40.7128,-74.006,457,100,Clear,25.9,0.0,0,22.85,18.15
2026-08-07 23:00:00,R101,Highway,2000,40.7128,-74.006,409,100,Clear,25.9,0.0,0,20.45,22.85
2026-08-08 00:00:00,R101,Highway,2000,40.7128,-74.006,410,100,Clear,22.2,0.0,0,20.5,20.45
2026-08-08 01:00:00,R101,Highway,2000,40.7128,-74.006,366,100,Clear,22.2,0.0,0,18.3,20.5
2026-08-08 02:00:00,R101,Highway,2000,40.7128,-74.006,399,100,Clear,22.2,0.0,0,19.95,18.3
2026-08-08 03:00:00,R101,Highway,2000,40.7128,-74.006,378,100,Clear,22.2,0.0,0,18.9,19.95
2026-08-08 04:00:00,R101,Highway,2000,40.7128,-74.006,383,100,Clear,22.2,0.0,0,19.15,18.9
2026-08-08 05:00:00,R101,Highway,2000,40.7128,-74.006,453,100,Clear,22.2,0.0,0,22.65,19.15
2026-08-08 06:00:00,R101,Highway,2000,40.7128,-74.006,357,100,Clear,22.2,0.0,0,17.85,22.65
2026-08-08 07:00:00,R101,Highway,2000,40.7128,-74.006,429,100,Clear,22.2,0.0,0,21.45,17.85
2026-08-08 08:00:00,R101,Highway,2000,40.7128,-74.006,399,100,Clear,22.2,0.0,0,19.95,21.45
2026-08-08 09:00:00,R101,Highway,2000,40.7128,-74.006,341,100,Clear,22.2,0.0,0,17.05,19.95
2026-08-08 10:00:00,R101,Highway,2000,40.7128,-74.006,379,100,Clear,22.2,0.0,0,18.95,17.05
2026-08-08 11:00:00,R101,Highway,2000,40.7128,-74.006,1282,59,Clear,22.2,0.0,0,64.1,18.95
2026-08-08 12:00:00,R101,Highway,2000,40.7128,-74.006,1257,61,Clear,22.2,0.0,0,62.85,64.1
2026-08-08 13:00:00,R101,Highway,2000,40.7128,-74.006,1290,59,Clear,22.2,0.0,0,64.5,62.85
2026-08-08 14:00:00,R101,Highway,2000,40.7128,-74.006,1315,58,Clear,22.2,0.0,0,65.75,64.5
2026-08-08 15:00:00,R101,Highway,2000,40.7128,-74.006,1465,52,Clear,22.2,0.0,0,73.25,65.75
2026-08-08 16:00:00,R101,Highway,2000,40.7128,-74.006,1297,59,Clear,22.2,0.0,0,64.85,73.25
2026-08-08 17:00:00,R101,Highway,2000,40.7128,-74.006,1057,70,Clear,22.2,0.0,0,52.85,64.85
2026-08-08 18:00:00,R101,Highway,2000,40.7128,-74.006,1126,67,Clear,22.2,0.0,0,56.3,52.85
2026-08-08 19:00:00,R101,Highway,2000,40.7128,-74.006,1371,56,Clear,22.2,0.0,0,68.55,56.3
2026-08-08 20:00:00,R101,Highway,2000,40.7128,-74.006,1346,57,Clear,22.2,0.0,0,67.3,68.55
2026-08-08 21:00:00,R101,Highway,2000,40.7128,-74.006,343,100,Clear,22.2,0.0,0,17.15,67.3
2026-08-08 22:00:00,R101,Highway,2000,40.7128,-74.006,455,100,Clear,22.2,0.0,0,22.75,17.15
2026-08-08 23:00:00,R101,Highway,2000,40.7128,-74.006,427,100,Clear,22.2,0.0,0,21.35,22.75
2026-08-09 00:00:00,R101,Highway,2000,40.7128,-74.006,402,100,Clear,31.5,0.0,0,20.1,21.35
2026-08-09 01:00:00,R101,Highway,2000,40.7128,-74.006,422,100,Clear,31.5,0.0,0,21.1,20.1
2026-08-09 02:00:00,R101,Highway,2000,40.7128,-74.006,362,100,Clear,31.5,0.0,0,18.1,21.1
2026-08-09 03:00:00,R101,Highway,2000,40.7128,-74.006,422,100,Clear,31.5,0.0,0,21.1,18.1
2026-08-09 04:00:00,R101,Highway,2000,40.7128,-74.006,371,100,Clear,31.5,0.0,0,18.55,21.1
2026-08-09 05:00:00,R101,Highway,2000,40.7128,-74.006,366,100,Clear,31.5,0.0,0,18.3,18.55
2026-08-09 06:00:00,R101,Highway,2000,40.7128,-74.006,377,100,Clear,31.5,0.0,0,18.85,18.3
2026-08-09 07:00:00,R101,Highway,2000,40.7128,-74.006,385,100,Clear,31.5,0.0,0,19.25,18.85
2026-08-09 08:00:00,R101,Highway,2000,40.7128,-74.006,459,100,Clear,31.5,0.0,0,22.95,19.25
2026-08-09 09:00:00,R101,Highway,2000,40.7128,-74.006,341,100,Clear,31.5,0.0,0,17.05,22.95
2026-08-09 10:00:00,R101,Highway,2000,40.7128,-74.006,371,100,Clear,31.5,0.0,0,18.55,17.05
2026-08-09 11:00:00,R101,Highway,2000,40.7128,-74.006,1330,57,Clear,31.5,0.0,0,66.5,18.55
2026-08-09 12:00:00,R101,Highway,2000,40.7128,-74.006,1593,47,Clear,31.5,0.0,0,79.65,66.5
2026-08-09 13:00:00,R101,Highway,2000,40.7128,-74.006,1565,48,Clear,31.5,0.0,0,78.25,79.65
2026-08-09 14:00:00,R101,Highway,2000,40.7128,-74.006,1517,50,Clear,31.5,0.0,0,75.85,78.25
2026-08-09 15:00:00,R101,Highway,2000,40.7128,-74.006,1450,52,Clear,31.5,0.0,0,72.5,75.85
2026-08-09 16:00:00,R101,Highway,2000,40.7128,-74.006,1171,65,Clear,31.5,0.0,0,58.55,72.5
2026-08-09 17:00:00,R101,Highway,2000,40.7128,-74.006,1160,65,Clear,31.5,0.0,0,58.0,58.55
2026-08-09 18:00:00,R101,Highway,2000,40.7128,-74.006,1028,72,Clear,31.5,0.0,0,51.4,58.0
2026-08-09 19:00:00,R101,Highway,2000,40.7128,-74.006,1351,56,Clear,31.5,0.0,0,67.55,51.4
2026-08-09 20:00:00,R101,Highway,2000,40.7128,-74.006,1125,67,Clear,31.5,0.0,0,56.25,67.55
2026-08-09 21:00:00,R101,Highway,2000,40.7128,-74.006,444,100,Clear,31.5,0.0,0,22.2,56.25
2026-08-09 22:00:00,R101,Highway,2000,40.7128,-74.006,347,100,Clear,31.5,0.0,0,17.35,22.2
2026-08-09 23:00:00,R101,Highway,2000,40.7128,-74.006,404,100,Clear,31.5,0.0,0,20.2,17.35
2026-08-10 00:00:00,R101,Highway,2000,40.7128,-74.006,356,100,Cloudy,19.6,0.0,0,17.8,20.2
2026-08-10 01:00:00,R101,Highway,2000,40.7128,-74.006,368,100,Cloudy,19.6,0.0,0,18.4,17.8
2026-08-10 02:00:00,R101,Highway,2000,40.7128,-74.006,353,100,Cloudy,19.6,0.0,0,17.65,18.4
2026-08-10 03:00:00,R101,Highway,2000,40.7128,-74.006,349,100,Cloudy,19.6,0.0,0,17.45,17.65
2026-08-10 04:00:00,R101,Highway,2000,40.7128,-74.006,429,100,Cloudy,19.6,0.0,0,21.45,17.45
2026-08-10 05:00:00,R101,Highway,2000,40.7128,-74.006,459,30,Cloudy,19.6,0.0,1,22.95,21.45
2026-08-10 06:00:00,R101,Highway,2000,40.7128,-74.006,389,100,Cloudy,19.6,0.0,0,19.45,22.95
2026-08-10 07:00:00,R101,Highway,2000,40.7128,-74.006,1631,46,Cloudy,19.6,0.0,0,81.55,19.45
2026-08-10 08:00:00,R101,Highway,2000,40.7128,-74.006,1794,40,Cloudy,19.6,0.0,0,89.7,81.55
2026-08-10 09:00:00,R101,Highway,2000,40.7128,-74.006,2124,9,Cloudy,19.6,0.0,1,106.2,89.7
2026-08-10 10:00:00,R101,Highway,2000,40.7128,-74.006,1135,66,Cloudy,19.6,0.0,0,56.75,106.2
2026-08-10 11:00:00,R101,Highway,2000,40.7128,-74.006,1160,65,Cloudy,19.6,0.0,0,58.0,56.75
2026-08-10 12:00:00,R101,Highway,2000,40.7128,-74.006,1252,61,Cloudy,19.6,0.0,0,62.6,58.0
2026-08-10 13:00:00,R101,Highway,2000,40.7128,-74.006,1077,69,Cloudy,19.6,0.0,0,53.85,62.6
2026-08-10 14:00:00,R101,Highway,2000,40.7128,-74.006,1172,65,Cloudy,19.6,0.0,0,58.6,53.85
2026-08-10 15:00:00,R101,Highway,2000,40.7128,-74.006,1249,61,Cloudy,19.6,0.0,0,62.45,58.6
2026-08-10 16:00:00,R101,Highway,2000,40.7128,-74.006,1878,38,Cloudy,19.6,0.0,0,93.9,62.45
2026-08-10 17:00:00,R101,Highway,2000,40.7128,-74.006,2073,33,Cloudy,19.6,0.0,0,103.65,93.9
2026-08-10 18:00:00,R101,Highway,2000,40.7128,-74.006,1737,42,Cloudy,19.6,0.0,0,86.85,103.65
2026-08-10 19:00:00,R101,Highway,2000,40.7128,-74.006,2072,33,Cloudy,19.6,0.0,0,103.6,86.85
2026-08-10 20:00:00,R101,Highway,2000,40.7128,-74.006,381,100,Cloudy,19.6,0.0,0,19.05,103.6
2026-08-10 21:00:00,R101,Highway,2000,40.7128,-74.006,404,100,Cloudy,19.6,0.0,0,20.2,19.05
2026-08-10 22:00:00,R101,Highway,2000,40.7128,-74.006,407,100,Cloudy,19.6,0.0,0,20.35,20.2
2026-08-10 23:00:00,R101,Highway,2000,40.7128,-74.006,412,100,Cloudy,19.6,0.0,0,20.6,20.35
2026-08-11 00:00:00,R101,Highway,2000,40.7128,-74.006,371,100,Clear,25.0,0.0,0,18.55,20.6
2026-08-11 01:00:00,R101,Highway,2000,40.7128,-74.006,370,100,Clear,25.0,0.0,0,18.5,18.55
2026-08-11 02:00:00,R101,Highway,2000,40.7128,-74.006,444,100,Clear,25.0,0.0,0,22.2,18.5
2026-08-11 03:00:00,R101,Highway,2000,40.7128,-74.006,359,100,Clear,25.0,0.0,0,17.95,22.2
2026-08-11 04:00:00,R101,Highway,2000,40.7128,-74.006,447,100,Clear,25.0,0.0,0,22.35,17.95
2026-08-11 05:00:00,R101,Highway,2000,40.7128,-74.006,411,100,Clear,25.0,0.0,0,20.55,22.35
2026-08-11 06:00:00,R101,Highway,2000,40.7128,-74.006,417,100,Clear,25.0,0.0,0,20.85,20.55
2026-08-11 07:00:00,R101,Highway,2000,40.7128,-74.006,1609,46,Clear,25.0,0.0,0,80.45,20.85
2026-08-11 08:00:00,R101,Highway,2000,40.7128,-74.006,1758,41,Clear,25.0,0.0,0,87.9,80.45
2026-08-11 09:00:00,R101,Highway,2000,40.7128,-74.006,1966,35,Clear,25.0,0.0,0,98.3,87.9
2026-08-11 10:00:00,R101,Highway,2000,40.7128,-74.006,1235,62,Clear,25.0,0.0,0,61.75,98.3
2026-08-11 11:00:00,R101,Highway,2000,40.7128,-74.006,1326,58,Clear,25.0,0.0,0,66.3,61.75
2026-08-11 12:00:00,R101,Highway,2000,40.7128,-74.006,1023,72,Clear,25.0,0.0,0,51.15,66.3
2026-08-11 13:00:00,R101,Highway,2000,40.7128,-74.006,1146,66,Clear,25.0,0.0,0,57.3,51.15
2026-08-11 14:00:00,R101,Highway,2000,40.7128,-74.006,1025,72,Clear,25.0,0.0,0,51.25,57.3
2026-08-11 15:00:00,R101,Highway,2000,40.7128,-74.006,1070,70,Clear,25.0,0.0,0,53.5,51.25
2026-08-11 16:00:00,R101,Highway,2000,40.7128,-74.006,2262,8,Clear,25.0,0.0,1,113.1,53.5
2026-08-11 17:00:00,R101,Highway,2000,40.7128,-74.006,2006,34,Clear,25.0,0.0,0,100.3,113.1
2026-08-11 18:00:00,R101,Highway,2000,40.7128,-74.006,1771,41,Clear,25.0,0.0,0,88.55,100.3
2026-08-11 19:00:00,R101,Highway,2000,40.7128,-74.006,2063,33,Clear,25.0,0.0,0,103.15,88.55
2026-08-11 20:00:00,R101,Highway,2000,40.7128,-74.006,389,100,Clear,25.0,0.0,0,19.45,103.15
2026-08-11 21:00:00,R101,Highway,2000,40.7128,-74.006,440,100,Clear,25.0,0.0,0,22.0,19.45
2026-08-11 22:00:00,R101,Highway,2000,40.7128,-74.006,398,100,Clear,25.0,0.0,0,19.9,22.0
2026-08-11 23:00:00,R101,Highway,2000,40.7128,-74.006,424,100,Clear,25.0,0.0,0,21.2,19.9
2026-08-12 00:00:00,R101,Highway,2000,40.7128,-74.006,421,100,Clear,24.5,0.0,0,21.05,21.2
2026-08-12 01:00:00,R101,Highway,2000,40.7128,-74.006,352,100,Clear,24.5,0.0,0,17.6,21.05
2026-08-12 02:00:00,R101,Highway,2000,40.7128,-74.006,355,100,Clear,24.5,0.0,0,17.75,17.6
2026-08-12 03:00:00,R101,Highway,2000,40.7128,-74.006,404,100,Clear,24.5,0.0,0,20.2,17.75
2026-08-12 04:00:00,R101,Highway,2000,40.7128,-74.006,459,100,Clear,24.5,0.0,0,22.95,20.2
2026-08-12 05:00:00,R101,Highway,2000,40.7128,-74.006,340,100,Clear,24.5,0.0,0,17.0,22.95
2026-08-12 06:00:00,R101,Highway,2000,40.7128,-74.006,370,100,Clear,24.5,0.0,0,18.5,17.0
2026-08-12 07:00:00,R101,Highway,2000,40.7128,-74.006,1697,43,Clear,24.5,0.0,0,84.85,18.5
2026-08-12 08:00:00,R101,Highway,2000,40.7128,-74.006,1605,47,Clear,24.5,0.0,0,80.25,84.85
2026-08-12 09:00:00,R101,Highway,2000,40.7128,-74.006,1653,45,Clear,24.5,0.0,0,82.65,80.25
2026-08-12 10:00:00,R101,Highway,2000,40.7128,-74.006,1033,72,Clear,24.5,0.0,0,51.65,82.65
2026-08-12 11:00:00,R101,Highway,2000,40.7128,-74.006,1066,70,Clear,24.5,0.0,0,53.3,51.65
2026-08-12 12:00:00,R101,Highway,2000,40.7128,-74.006,1259,61,Clear,24.5,0.0,0,62.95,53.3
2026-08-12 13:00:00,R101,Highway,2000,40.7128,-74.006,1080,69,Clear,24.5,0.0,0,54.0,62.95
2026-08-12 14:00:00,R101,Highway,2000,40.7128,-74.006,1298,59,Clear,24.5,0.0,0,64.9,54.0
2026-08-12 15:00:00,R101,Highway,2000,40.7128,-74.006,1293,59,Clear,24.5,0.0,0,64.65,64.9
2026-08-12 16:00:00,R101,Highway,2000,40.7128,-74.006,1697,43,Clear,24.5,0.0,0,84.85,64.65
2026-08-12 17:00:00,R101,Highway,2000,40.7128,-74.006,2081,32,Clear,24.5,0.0,0,104.05,84.85
2026-08-12 18:00:00,R101,Highway,2000,40.7128,-74.006,2021,34,Clear,24.5,0.0,0,101.05,104.05
2026-08-12 19:00:00,R101,Highway,2000,40.7128,-74.006,1729,42,Clear,24.5,0.0,0,86.45,101.05
2026-08-12 20:00:00,R101,Highway,2000,40.7128,-74.006,340,100,Clear,24.5,0.0,0,17.0,86.45
2026-08-12 21:00:00,R101,Highway,2000,40.7128,-74.006,454,100,Clear,24.5,0.0,0,22.7,17.0
2026-08-12 22:00:00,R101,Highway,2000,40.7128,-74.006,411,100,Clear,24.5,0.0,0,20.55,22.7
2026-08-12 23:00:00,R101,Highway,2000,40.7128,-74.006,402,100,Clear,24.5,0.0,0,20.1,20.55
2026-08-13 00:00:00,R101,Highway,2000,40.7128,-74.006,433,24,Heavy Rain,15.1,13.9,1,21.65,20.1
2026-08-13 01:00:00,R101,Highway,2000,40.7128,-74.006,360,80,Heavy Rain,15.1,13.9,0,18.0,21.65
2026-08-13 02:00:00,R101,Highway,2000,40.7128,-74.006,394,80,Heavy Rain,15.1,13.9,0,19.7,18.0
2026-08-13 03:00:00,R101,Highway,2000,40.7128,-74.006,390,80,Heavy Rain,15.1,13.9,0,19.5,19.7
2026-08-13 04:00:00,R101,Highway,2000,40.7128,-74.006,313,80,Heavy Rain,15.1,13.9,0,15.65,19.5
2026-08-13 05:00:00,R101,Highway,2000,40.7128,-74.006,366,80,Heavy Rain,15.1,13.9,0,18.3,15.65
2026-08-13 06:00:00,R101,Highway,2000,40.7128,-74.006,342,80,Heavy Rain,15.1,13.9,0,17.1,18.3
2026-08-13 07:00:00,R101,Highway,2000,40.7128,-74.006,1609,37,Heavy Rain,15.1,13.9,0,80.45,17.1
2026-08-13 08:00:00,R101,Highway,2000,40.7128,-74.006,1548,39,Heavy Rain,15.1,13.9,0,77.4,80.45
2026-08-13 09:00:00,R101,Highway,2000,40.7128,-74.006,1538,39,Heavy Rain,15.1,13.9,0,76.9,77.4
2026-08-13 10:00:00,R101,Highway,2000,40.7128,-74.006,1211,50,Heavy Rain,15.1,13.9,0,60.55,76.9
2026-08-13 11:00:00,R101,Highway,2000,40.7128,-74.006,968,60,Heavy Rain,15.1,13.9,0,48.4,60.55
2026-08-13 12:00:00,R101,Highway,2000,40.7128,-74.006,1230,49,Heavy Rain,15.1,13.9,0,61.5,48.4
2026-08-13 13:00:00,R101,Highway,2000,40.7128,-74.006,945,61,Heavy Rain,15.1,13.9,0,47.25,61.5
2026-08-13 14:00:00,R101,Highway,2000,40.7128,-74.006,972,60,Heavy Rain,15.1,13.9,0,48.6,47.25
2026-08-13 15:00:00,R101,Highway,2000,40.7128,-74.006,1207,50,Heavy Rain,15.1,13.9,0,60.35,48.6
2026-08-13 16:00:00,R101,Highway,2000,40.7128,-74.006,1539,39,Heavy Rain,15.1,13.9,0,76.95,60.35
2026-08-13 17:00:00,R101,Highway,2000,40.7128,-74.006,1620,37,Heavy Rain,15.1,13.9,0,81.0,76.95
2026-08-13 18:00:00,R101,Highway,2000,40.7128,-74.006,1964,28,Heavy Rain,15.1,13.9,0,98.2,81.0
2026-08-13 19:00:00,R101,Highway,2000,40.7128,-74.006,1929,29,Heavy Rain,15.1,13.9,0,96.45,98.2
2026-08-13 20:00:00,R101,Highway,2000,40.7128,-74.006,324,80,Heavy Rain,15.1,13.9,0,16.2,96.45
2026-08-13 21:00:00,R101,Highway,2000,40.7128,-74.006,357,80,Heavy Rain,15.1,13.9,0,17.85,16.2
2026-08-13 22:00:00,R101,Highway,2000,40.7128,-74.006,408,80,Heavy Rain,15.1,13.9,0,20.4,17.85
2026-08-13 23:00:00,R101,Highway,2000,40.7128,-74.006,401,80,Heavy Rain,15.1,13.9,0,20.05,20.4
2026-08-14 00:00:00,R101,Highway,2000,40.7128,-74.006,356,100,Cloudy,19.9,0.0,0,17.8,20.05
2026-08-14 01:00:00,R101,Highway,2000,40.7128,-74.006,431,100,Cloudy,19.9,0.0,0,21.55,17.8
2026-08-14 02:00:00,R101,Highway,2000,40.7128,-74.006,343,100,Cloudy,19.9,0.0,0,17.15,21.55
2026-08-14 03:00:00,R101,Highway,2000,40.7128,-74.006,396,100,Cloudy,19.9,0.0,0,19.8,17.15
2026-08-14 04:00:00,R101,Highway,2000,40.7128,-74.006,423,100,Cloudy,19.9,0.0,0,21.15,19.8
2026-08-14 05:00:00,R101,Highway,2000,40.7128,-74.006,455,100,Cloudy,19.9,0.0,0,22.75,21.15
2026-08-14 06:00:00,R101,Highway,2000,40.7128,-74.006,341,100,Cloudy,19.9,0.0,0,17.05,22.75
2026-08-14 07:00:00,R101,Highway,2000,40.7128,-74.006,1869,38,Cloudy,19.9,0.0,0,93.45,17.05
2026-08-14 08:00:00,R101,Highway,2000,40.7128,-74.006,1845,39,Cloudy,19.9,0.0,0,92.25,93.45
2026-08-14 09:00:00,R101,Highway,2000,40.7128,-74.006,1531,49,Cloudy,19.9,0.0,0,76.55,92.25
2026-08-14 10:00:00,R101,Highway,2000,40.7128,-74.006,1371,56,Cloudy,19.9,0.0,0,68.55,76.55
2026-08-14 11:00:00,R101,Highway,2000,40.7128,-74.006,1414,16,Cloudy,19.9,0.0,1,70.7,68.55
2026-08-14 12:00:00,R101,Highway,2000,40.7128,-74.006,1195,64,Cloudy,19.9,0.0,0,59.75,70.7
2026-08-14 13:00:00,R101,Highway,2000,40.7128,-74.006,1366,56,Cloudy,19.9,0.0,0,68.3,59.75
2026-08-14 14:00:00,R101,Highway,2000,40.7128,-74.006,1068,70,Cloudy,19.9,0.0,0,53.4,68.3
2026-08-14 15:00:00,R101,Highway,2000,40.7128,-74.006,1084,69,Cloudy,19.9,0.0,0,54.2,53.4
2026-08-14 16:00:00,R101,Highway,2000,40.7128,-74.006,2128,31,Cloudy,19.9,0.0,0,106.4,54.2
2026-08-14 17:00:00,R101,Highway,2000,40.7128,-74.006,2030,34,Cloudy,19.9,0.0,0,101.5,106.4
2026-08-14 18:00:00,R101,Highway,2000,40.7128,-74.006,2145,31,Cloudy,19.9,0.0,0,107.25,101.5
2026-08-14 19:00:00,R101,Highway,2000,40.7128,-74.006,1721,43,Cloudy,19.9,0.0,0,86.05,107.25
2026-08-14 20:00:00,R101,Highway,2000,40.7128,-74.006,402,100,Cloudy,19.9,0.0,0,20.1,86.05
2026-08-14 21:00:00,R101,Highway,2000,40.7128,-74.006,407,100,Cloudy,19.9,0.0,0,20.35,20.1
2026-08-14 22:00:00,R101,Highway,2000,40.7128,-74.006,340,100,Cloudy,19.9,0.0,0,17.0,20.35
2026-08-14 23:00:00,R101,Highway,2000,40.7128,-74.006,366,100,Cloudy,19.9,0.0,0,18.3,17.0
2026-08-15 00:00:00,R101,Highway,2000,40.7128,-74.006,361,100,Clear,25.7,0.0,0,18.05,18.3
2026-08-15 01:00:00,R101,Highway,2000,40.7128,-74.006,426,100,Clear,25.7,0.0,0,21.3,18.05
2026-08-15 02:00:00,R101,Highway,2000,40.7128,-74.006,405,100,Clear,25.7,0.0,0,20.25,21.3
2026-08-15 03:00:00,R101,Highway,2000,40.7128,-74.006,433,100,Clear,25.7,0.0,0,21.65,20.25
2026-08-15 04:00:00,R101,Highway,2000,40.7128,-74.006,347,100,Clear,25.7,0.0,0,17.35,21.65
2026-08-15 05:00:00,R101,Highway,2000,40.7128,-74.006,435,100,Clear,25.7,0.0,0,21.75,17.35
2026-08-15 06:00:00,R101,Highway,2000,40.7128,-74.006,443,100,Clear,25.7,0.0,0,22.15,21.75
2026-08-15 07:00:00,R101,Highway,2000,40.7128,-74.006,425,100,Clear,25.7,0.0,0,21.25,22.15
2026-08-15 08:00:00,R101,Highway,2000,40.7128,-74.006,355,100,Clear,25.7,0.0,0,17.75,21.25
2026-08-15 09:00:00,R101,Highway,2000,40.7128,-74.006,381,100,Clear,25.7,0.0,0,19.05,17.75
2026-08-15 10:00:00,R101,Highway,2000,40.7128,-74.006,421,100,Clear,25.7,0.0,0,21.05,19.05
2026-08-15 11:00:00,R101,Highway,2000,40.7128,-74.006,1371,56,Clear,25.7,0.0,0,68.55,21.05
2026-08-15 12:00:00,R101,Highway,2000,40.7128,-74.006,1348,57,Clear,25.7,0.0,0,67.4,68.55
2026-08-15 13:00:00,R101,Highway,2000,40.7128,-74.006,1487,51,Clear,25.7,0.0,0,74.35,67.4
2026-08-15 14:00:00,R101,Highway,2000,40.7128,-74.006,1527,49,Clear,25.7,0.0,0,76.35,74.35
2026-08-15 15:00:00,R101,Highway,2000,40.7128,-74.006,1352,56,Clear,25.7,0.0,0,67.6,76.35
2026-08-15 16:00:00,R101,Highway,2000,40.7128,-74.006,1066,70,Clear,25.7,0.0,0,53.3,67.6
2026-08-15 17:00:00,R101,Highway,2000,40.7128,-74.006,1332,57,Clear,25.7,0.0,0,66.6,53.3
2026-08-15 18:00:00,R101,Highway,2000,40.7128,-74.006,1292,59,Clear,25.7,0.0,0,64.6,66.6
2026-08-15 19:00:00,R101,Highway,2000,40.7128,-74.006,1075,70,Clear,25.7,0.0,0,53.75,64.6
2026-08-15 20:00:00,R101,Highway,2000,40.7128,-74.006,1180,64,Clear,25.7,0.0,0,59.0,53.75
2026-08-15 21:00:00,R101,Highway,2000,40.7128,-74.006,380,100,Clear,25.7,0.0,0,19.0,59.0
2026-08-15 22:00:00,R101,Highway,2000,40.7128,-74.006,383,100,Clear,25.7,0.0,0,19.15,19.0
2026-08-15 23:00:00,R101,Highway,2000,40.7128,-74.006,438,100,Clear,25.7,0.0,0,21.9,19.15
2026-08-16 00:00:00,R101,Highway,2000,40.7128,-74.006,444,100,Clear,25.4,0.0,0,22.2,21.9
2026-08-16 01:00:00,R101,Highway,2000,40.7128,-74.006,380,100,Clear,25.4,0.0,0,19.0,22.2
2026-08-16 02:00:00,R101,Highway,2000,40.7128,-74.006,342,100,Clear,25.4,0.0,0,17.1,19.0
2026-08-16 03:00:00,R101,Highway,2000,40.7128,-74.006,423,100,Clear,25.4,0.0,0,21.15,17.1
2026-08-16 04:00:00,R101,Highway,2000,40.7128,-74.006,418,100,Clear,25.4,0.0,0,20.9,21.15
2026-08-16 05:00:00,R101,Highway,2000,40.7128,-74.006,447,100,Clear,25.4,0.0,0,22.35,20.9
2026-08-16 06:00:00,R101,Highway,2000,40.7128,-74.006,367,100,Clear,25.4,0.0,0,18.35,22.35
2026-08-16 07:00:00,R101,Highway,2000,40.7128,-74.006,436,100,Clear,25.4,0.0,0,21.8,18.35
2026-08-16 08:00:00,R101,Highway,2000,40.7128,-74.006,423,100,Clear,25.4,0.0,0,21.15,21.8
2026-08-16 09:00:00,R101,Highway,2000,40.7128,-74.006,453,100,Clear,25.4,0.0,0,22.65,21.15
2026-08-16 10:00:00,R101,Highway,2000,40.7128,-74.006,400,100,Clear,25.4,0.0,0,20.0,22.65
2026-08-16 11:00:00,R101,Highway,2000,40.7128,-74.006,1597,47,Clear,25.4,0.0,0,79.85,20.0
2026-08-16 12:00:00,R101,Highway,2000,40.7128,-74.006,1571,48,Clear,25.4,0.0,0,78.55,79.85
2026-08-16 13:00:00,R101,Highway,2000,40.7128,-74.006,1205,63,Clear,25.4,0.0,0,60.25,78.55
2026-08-16 14:00:00,R101,Highway,2000,40.7128,-74.006,1586,47,Clear,25.4,0.0,0,79.3,60.25
2026-08-16 15:00:00,R101,Highway,2000,40.7128,-74.006,1364,56,Clear,25.4,0.0,0,68.2,79.3
2026-08-16 16:00:00,R101,Highway,2000,40.7128,-74.006,1027,72,Clear,25.4,0.0,0,51.35,68.2
2026-08-16 17:00:00,R101,Highway,2000,40.7128,-74.006,1372,56,Clear,25.4,0.0,0,68.6,51.35
2026-08-16 18:00:00,R101,Highway,2000,40.7128,-74.006,1327,57,Clear,25.4,0.0,0,66.35,68.6
2026-08-16 19:00:00,R101,Highway,2000,40.7128,-74.006,1290,59,Clear,25.4,0.0,0,64.5,66.35
2026-08-16 20:00:00,R101,Highway,2000,40.7128,-74.006,1227,62,Clear,25.4,0.0,0,61.35,64.5
2026-08-16 21:00:00,R101,Highway,2000,40.7128,-74.006,422,100,Clear,25.4,0.0,0,21.1,61.35
2026-08-16 22:00:00,R101,Highway,2000,40.7128,-74.006,455,100,Clear,25.4,0.0,0,22.75,21.1
2026-08-16 23:00:00,R101,Highway,2000,40.7128,-74.006,371,100,Clear,25.4,0.0,0,18.55,22.75
2026-08-17 00:00:00,R101,Highway,2000,40.7128,-74.006,416,100,Cloudy,23.2,0.0,0,20.8,18.55
2026-08-17 01:00:00,R101,Highway,2000,40.7128,-74.006,418,100,Cloudy,23.2,0.0,0,20.9,20.8
2026-08-17 02:00:00,R101,Highway,2000,40.7128,-74.006,345,100,Cloudy,23.2,0.0,0,17.25,20.9
2026-08-17 03:00:00,R101,Highway,2000,40.7128,-74.006,454,100,Cloudy,23.2,0.0,0,22.7,17.25
2026-08-17 04:00:00,R101,Highway,2000,40.7128,-74.006,407,100,Cloudy,23.2,0.0,0,20.35,22.7
2026-08-17 05:00:00,R101,Highway,2000,40.7128,-74.006,425,100,Cloudy,23.2,0.0,0,21.25,20.35
2026-08-17 06:00:00,R101,Highway,2000,40.7128,-74.006,380,100,Cloudy,23.2,0.0,0,19.0,21.25
2026-08-17 07:00:00,R101,Highway,2000,40.7128,-74.006,1815,40,Cloudy,23.2,0.0,0,90.75,19.0
2026-08-17 08:00:00,R101,Highway,2000,40.7128,-74.006,1563,48,Cloudy,23.2,0.0,0,78.15,90.75
2026-08-17 09:00:00,R101,Highway,2000,40.7128,-74.006,1807,40,Cloudy,23.2,0.0,0,90.35,78.15
2026-08-17 10:00:00,R101,Highway,2000,40.7128,-74.006,1140,66,Cloudy,23.2,0.0,0,57.0,90.35
2026-08-17 11:00:00,R101,Highway,2000,40.7128,-74.006,1302,59,Cloudy,23.2,0.0,0,65.1,57.0
2026-08-17 12:00:00,R101,Highway,2000,40.7128,-74.006,1351,56,Cloudy,23.2,0.0,0,67.55,65.1
2026-08-17 13:00:00,R101,Highway,2000,40.7128,-74.006,1315,58,Cloudy,23.2,0.0,0,65.75,67.55
2026-08-17 14:00:00,R101,Highway,2000,40.7128,-74.006,1141,66,Cloudy,23.2,0.0,0,57.05,65.75
2026-08-17 15:00:00,R101,Highway,2000,40.7128,-74.006,1327,57,Cloudy,23.2,0.0,0,66.35,57.05
2026-08-17 16:00:00,R101,Highway,2000,40.7128,-74.006,2241,8,Cloudy,23.2,0.0,1,112.05,66.35
2026-08-17 17:00:00,R101,Highway,2000,40.7128,-74.006,2043,33,Cloudy,23.2,0.0,0,102.15,112.05
2026-08-17 18:00:00,R101,Highway,2000,40.7128,-74.006,1881,38,Cloudy,23.2,0.0,0,94.05,102.15
2026-08-17 19:00:00,R101,Highway,2000,40.7128,-74.006,2145,31,Cloudy,23.2,0.0,0,107.25,94.05
2026-08-17 20:00:00,R101,Highway,2000,40.7128,-74.006,456,100,Cloudy,23.2,0.0,0,22.8,107.25
2026-08-17 21:00:00,R101,Highway,2000,40.7128,-74.006,442,100,Cloudy,23.2,0.0,0,22.1,22.8
2026-08-17 22:00:00,R101,Highway,2000,40.7128,-74.006,432,100,Cloudy,23.2,0.0,0,21.6,22.1
2026-08-17 23:00:00,R101,Highway,2000,40.7128,-74.006,423,100,Cloudy,23.2,0.0,0,21.15,21.6
2026-08-18 00:00:00,R101,Highway,2000,40.7128,-74.006,365,80,Rainy,10.1,12.7,0,18.25,21.15
2026-08-18 01:00:00,R101,Highway,2000,40.7128,-74.006,453,80,Rainy,10.1,12.7,0,22.65,18.25
2026-08-18 02:00:00,R101,Highway,2000,40.7128,-74.006,390,80,Rainy,10.1,12.7,0,19.5,22.65
2026-08-18 03:00:00,R101,Highway,2000,40.7128,-74.006,421,80,Rainy,10.1,12.7,0,21.05,19.5
2026-08-18 04:00:00,R101,Highway,2000,40.7128,-74.006,407,80,Rainy,10.1,12.7,0,20.35,21.05
2026-08-18 05:00:00,R101,Highway,2000,40.7128,-74.006,407,80,Rainy,10.1,12.7,0,20.35,20.35
2026-08-18 06:00:00,R101,Highway,2000,40.7128,-74.006,418,80,Rainy,10.1,12.7,0,20.9,20.35
2026-08-18 07:00:00,R101,Highway,2000,40.7128,-74.006,1679,35,Rainy,10.1,12.7,0,83.95,20.9
2026-08-18 08:00:00,R101,Highway,2000,40.7128,-74.006,1687,35,Rainy,10.1,12.7,0,84.35,83.95
2026-08-18 09:00:00,R101,Highway,2000,40.7128,-74.006,1559,38,Rainy,10.1,12.7,0,77.95,84.35
2026-08-18 10:00:00,R101,Highway,2000,40.7128,-74.006,1118,54,Rainy,10.1,12.7,0,55.9,77.95
2026-08-18 11:00:00,R101,Highway,2000,40.7128,-74.006,1043,57,Rainy,10.1,12.7,0,52.15,55.9
2026-08-18 12:00:00,R101,Highway,2000,40.7128,-74.006,1119,54,Rainy,10.1,12.7,0,55.95,52.15
2026-08-18 13:00:00,R101,Highway,2000,40.7128,-74.006,1024,58,Rainy,10.1,12.7,0,51.2,55.95
2026-08-18 14:00:00,R101,Highway,2000,40.7128,-74.006,1290,47,Rainy,10.1,12.7,0,64.5,51.2
2026-08-18 15:00:00,R101,Highway,2000,40.7128,-74.006,1069,56,Rainy,10.1,12.7,0,53.45,64.5
2026-08-18 16:00:00,R101,Highway,2000,40.7128,-74.006,2071,26,Rainy,10.1,12.7,0,103.55,53.45
2026-08-18 17:00:00,R101,Highway,2000,40.7128,-74.006,1954,28,Rainy,10.1,12.7,0,97.7,103.55
2026-08-18 18:00:00,R101,Highway,2000,40.7128,-74.006,2266,6,Rainy,10.1,12.7,1,113.3,97.7
2026-08-18 19:00:00,R101,Highway,2000,40.7128,-74.006,1744,33,Rainy,10.1,12.7,0,87.2,113.3
2026-08-18 20:00:00,R101,Highway,2000,40.7128,-74.006,401,80,Rainy,10.1,12.7,0,20.05,87.2
2026-08-18 21:00:00,R101,Highway,2000,40.7128,-74.006,427,80,Rainy,10.1,12.7,0,21.35,20.05
2026-08-18 22:00:00,R101,Highway,2000,40.7128,-74.006,343,80,Rainy,10.1,12.7,0,17.15,21.35
2026-08-18 23:00:00,R101,Highway,2000,40.7128,-74.006,404,80,Rainy,10.1,12.7,0,20.2,17.15
2026-08-19 00:00:00,R101,Highway,2000,40.7128,-74.006,357,100,Cloudy,24.5,0.0,0,17.85,20.2
2026-08-19 01:00:00,R101,Highway,2000,40.7128,-74.006,430,100,Cloudy,24.5,0.0,0,21.5,17.85
2026-08-19 02:00:00,R101,Highway,2000,40.7128,-74.006,344,100,Cloudy,24.5,0.0,0,17.2,21.5
2026-08-19 03:00:00,R101,Highway,2000,40.7128,-74.006,449,100,Cloudy,24.5,0.0,0,22.45,17.2
2026-08-19 04:00:00,R101,Highway,2000,40.7128,-74.006,375,100,Cloudy,24.5,0.0,0,18.75,22.45
2026-08-19 05:00:00,R101,Highway,2000,40.7128,-74.006,344,100,Cloudy,24.5,0.0,0,17.2,18.75
2026-08-19 06:00:00,R101,Highway,2000,40.7128,-74.006,418,100,Cloudy,24.5,0.0,0,20.9,17.2
2026-08-19 07:00:00,R101,Highway,2000,40.7128,-74.006,1559,48,Cloudy,24.5,0.0,0,77.95,20.9
2026-08-19 08:00:00,R101,Highway,2000,40.7128,-74.006,1688,44,Cloudy,24.5,0.0,0,84.4,77.95
2026-08-19 09:00:00,R101,Highway,2000,40.7128,-74.006,1607,46,Cloudy,24.5,0.0,0,80.35,84.4
2026-08-19 10:00:00,R101,Highway,2000,40.7128,-74.006,1289,59,Cloudy,24.5,0.0,0,64.45,80.35
2026-08-19 11:00:00,R101,Highway,2000,40.7128,-74.006,1322,58,Cloudy,24.5,0.0,0,66.1,64.45
2026-08-19 12:00:00,R101,Highway,2000,40.7128,-74.006,1084,69,Cloudy,24.5,0.0,0,54.2,66.1
2026-08-19 13:00:00,R101,Highway,2000,40.7128,-74.006,1094,69,Cloudy,24.5,0.0,0,54.7,54.2
2026-08-19 14:00:00,R101,Highway,2000,40.7128,-74.006,1142,66,Cloudy,24.5,0.0,0,57.1,54.7
2026-08-19 15:00:00,R101,Highway,2000,40.7128,-74.006,1292,59,Cloudy,24.5,0.0,0,64.6,57.1
2026-08-19 16:00:00,R101,Highway,2000,40.7128,-74.006,2096,32,Cloudy,24.5,0.0,0,104.8,64.6
2026-08-19 17:00:00,R101,Highway,2000,40.7128,-74.006,2052,33,Cloudy,24.5,0.0,0,102.6,104.8
2026-08-19 18:00:00,R101,Highway,2000,40.7128,-74.006,1957,36,Cloudy,24.5,0.0,0,97.85,102.6
2026-08-19 19:00:00,R101,Highway,2000,40.7128,-74.006,2132,31,Cloudy,24.5,0.0,0,106.6,97.85
2026-08-19 20:00:00,R101,Highway,2000,40.7128,-74.006,418,100,Cloudy,24.5,0.0,0,20.9,106.6
2026-08-19 21:00:00,R101,Highway,2000,40.7128,-74.006,412,100,Cloudy,24.5,0.0,0,20.6,20.9
2026-08-19 22:00:00,R101,Highway,2000,40.7128,-74.006,371,100,Cloudy,24.5,0.0,0,18.55,20.6
2026-08-19 23:00:00,R101,Highway,2000,40.7128,-74.006,451,100,Cloudy,24.5,0.0,0,22.55,18.55
2026-08-20 00:00:00,R101,Highway,2000,40.7128,-74.006,365,100,Clear,28.0,0.0,0,18.25,22.55
2026-08-20 01:00:00,R101,Highway,2000,40.7128,-74.006,414,100,Clear,28.0,0.0,0,20.7,18.25
2026-08-20 02:00:00,R101,Highway,2000,40.7128,-74.006,388,100,Clear,28.0,0.0,0,19.4,20.7
2026-08-20 03:00:00,R101,Highway,2000,40.7128,-74.006,437,100,Clear,28.0,0.0,0,21.85,19.4
2026-08-20 04:00:00,R101,Highway,2000,40.7128,-74.006,405,100,Clear,28.0,0.0,0,20.25,21.85
2026-08-20 05:00:00,R101,Highway,2000,40.7128,-74.006,389,100,Clear,28.0,0.0,0,19.45,20.25
2026-08-20 06:00:00,R101,Highway,2000,40.7128,-74.006,390,100,Clear,28.0,0.0,0,19.5,19.45
2026-08-20 07:00:00,R101,Highway,2000,40.7128,-74.006,1561,48,Clear,28.0,0.0,0,78.05,19.5
2026-08-20 08:00:00,R101,Highway,2000,40.7128,-74.006,2028,34,Clear,28.0,0.0,0,101.4,78.05
2026-08-20 09:00:00,R101,Highway,2000,40.7128,-74.006,1688,44,Clear,28.0,0.0,0,84.4,101.4
2026-08-20 10:00:00,R101,Highway,2000,40.7128,-74.006,1100,68,Clear,28.0,0.0,0,55.0,84.4
2026-08-20 11:00:00,R101,Highway,2000,40.7128,-74.006,1307,58,Clear,28.0,0.0,0,65.35,55.0
2026-08-20 12:00:00,R101,Highway,2000,40.7128,-74.006,1110,68,Clear,28.0,0.0,0,55.5,65.35
2026-08-20 13:00:00,R101,Highway,2000,40.7128,-74.006,1268,60,Clear,28.0,0.0,0,63.4,55.5
2026-08-20 14:00:00,R101,Highway,2000,40.7128,-74.006,1354,56,Clear,28.0,0.0,0,67.7,63.4
2026-08-20 15:00:00,R101,Highway,2000,40.7128,-74.006,1229,62,Clear,28.0,0.0,0,61.45,67.7
2026-08-20 16:00:00,R101,Highway,2000,40.7128,-74.006,1723,43,Clear,28.0,0.0,0,86.15,61.45
2026-08-20 17:00:00,R101,Highway,2000,40.7128,-74.006,2035,34,Clear,28.0,0.0,0,101.75,86.15
2026-08-20 18:00:00,R101,Highway,2000,40.7128,-74.006,1750,42,Clear,28.0,0.0,0,87.5,101.75
2026-08-20 19:00:00,R101,Highway,2000,40.7128,-74.006,1994,35,Clear,28.0,0.0,0,99.7,87.5
2026-08-20 20:00:00,R101,Highway,2000,40.7128,-74.006,428,100,Clear,28.0,0.0,0,21.4,99.7
2026-08-20 21:00:00,R101,Highway,2000,40.7128,-74.006,459,100,Clear,28.0,0.0,0,22.95,21.4
2026-08-20 22:00:00,R101,Highway,2000,40.7128,-74.006,453,100,Clear,28.0,0.0,0,22.65,22.95
2026-08-20 23:00:00,R101,Highway,2000,40.7128,-74.006,380,100,Clear,28.0,0.0,0,19.0,22.65
2026-08-21 00:00:00,R101,Highway,2000,40.7128,-74.006,393,100,Cloudy,22.2,11.0,0,19.65,19.0
2026-08-21 01:00:00,R101,Highway,2000,40.7128,-74.006,421,100,Cloudy,22.2,11.0,0,21.05,19.65
2026-08-21 02:00:00,R101,Highway,2000,40.7128,-74.006,366,100,Cloudy,22.2,11.0,0,18.3,21.05
2026-08-21 03:00:00,R101,Highway,2000,40.7128,-74.006,426,100,Cloudy,22.2,11.0,0,21.3,18.3
2026-08-21 04:00:00,R101,Highway,2000,40.7128,-74.006,390,100,Cloudy,22.2,11.0,0,19.5,21.3
2026-08-21 05:00:00,R101,Highway,2000,40.7128,-74.006,446,100,Cloudy,22.2,11.0,0,22.3,19.5
2026-08-21 06:00:00,R101,Highway,2000,40.7128,-74.006,397,100,Cloudy,22.2,11.0,0,19.85,22.3
2026-08-21 07:00:00,R101,Highway,2000,40.7128,-74.006,1588,47,Cloudy,22.2,11.0,0,79.4,19.85
2026-08-21 08:00:00,R101,Highway,2000,40.7128,-74.006,1646,45,Cloudy,22.2,11.0,0,82.3,79.4
2026-08-21 09:00:00,R101,Highway,2000,40.7128,-74.006,1828,39,Cloudy,22.2,11.0,0,91.4,82.3
2026-08-21 10:00:00,R101,Highway,2000,40.7128,-74.006,1134,66,Cloudy,22.2,11.0,0,56.7,91.4
2026-08-21 11:00:00,R101,Highway,2000,40.7128,-74.006,1027,72,Cloudy,22.2,11.0,0,51.35,56.7
2026-08-21 12:00:00,R101,Highway,2000,40.7128,-74.006,1165,65,Cloudy,22.2,11.0,0,58.25,51.35
2026-08-21 13:00:00,R101,Highway,2000,40.7128,-74.006,1041,71,Cloudy,22.2,11.0,0,52.05,58.25
2026-08-21 14:00:00,R101,Highway,2000,40.7128,-74.006,1197,63,Cloudy,22.2,11.0,0,59.85,52.05
2026-08-21 15:00:00,R101,Highway,2000,40.7128,-74.006,1366,56,Cloudy,22.2,11.0,0,68.3,59.85
2026-08-21 16:00:00,R101,Highway,2000,40.7128,-74.006,1844,39,Cloudy,22.2,11.0,0,92.2,68.3
2026-08-21 17:00:00,R101,Highway,2000,40.7128,-74.006,2104,32,Cloudy,22.2,11.0,0,105.2,92.2
2026-08-21 18:00:00,R101,Highway,2000,40.7128,-74.006,2177,30,Cloudy,22.2,11.0,0,108.85,105.2
2026-08-21 19:00:00,R101,Highway,2000,40.7128,-74.006,2018,34,Cloudy,22.2,11.0,0,100.9,108.85
2026-08-21 20:00:00,R101,Highway,2000,40.7128,-74.006,362,100,Cloudy,22.2,11.0,0,18.1,100.9
2026-08-21 21:00:00,R101,Highway,2000,40.7128,-74.006,417,100,Cloudy,22.2,11.0,0,20.85,18.1
2026-08-21 22:00:00,R101,Highway,2000,40.7128,-74.006,417,100,Cloudy,22.2,11.0,0,20.85,20.85
2026-08-21 23:00:00,R101,Highway,2000,40.7128,-74.006,345,100,Cloudy,22.2,11.0,0,17.25,20.85
2026-08-22 00:00:00,R101,Highway,2000,40.7128,-74.006,340,100,Clear,25.6,0.0,0,17.0,17.25
2026-08-22 01:00:00,R101,Highway,2000,40.7128,-74.006,395,100,Clear,25.6,0.0,0,19.75,17.0
2026-08-22 02:00:00,R101,Highway,2000,40.7128,-74.006,361,100,Clear,25.6,0.0,0,18.05,19.75
2026-08-22 03:00:00,R101,Highway,2000,40.7128,-74.006,433,100,Clear,25.6,0.0,0,21.65,18.05
2026-08-22 04:00:00,R101,Highway,2000,40.7128,-74.006,430,30,Clear,25.6,0.0,1,21.5,21.65
2026-08-22 05:00:00,R101,Highway,2000,40.7128,-74.006,451,100,Clear,25.6,0.0,0,22.55,21.5
2026-08-22 06:00:00,R101,Highway,2000,40.7128,-74.006,426,100,Clear,25.6,0.0,0,21.3,22.55
2026-08-22 07:00:00,R101,Highway,2000,40.7128,-74.006,429,100,Clear,25.6,0.0,0,21.45,21.3
2026-08-22 08:00:00,R101,Highway,2000,40.7128,-74.006,404,100,Clear,25.6,0.0,0,20.2,21.45
2026-08-22 09:00:00,R101,Highway,2000,40.7128,-74.006,423,100,Clear,25.6,0.0,0,21.15,20.2
2026-08-22 10:00:00,R101,Highway,2000,40.7128,-74.006,458,100,Clear,25.6,0.0,0,22.9,21.15
2026-08-22 11:00:00,R101,Highway,2000,40.7128,-74.006,1292,59,Clear,25.6,0.0,0,64.6,22.9
2026-08-22 12:00:00,R101,Highway,2000,40.7128,-74.006,1551,49,Clear,25.6,0.0,0,77.55,64.6
2026-08-22 13:00:00,R101,Highway,2000,40.7128,-74.006,1544,49,Clear,25.6,0.0,0,77.2,77.55
2026-08-22 14:00:00,R101,Highway,2000,40.7128,-74.006,1354,56,Clear,25.6,0.0,0,67.7,77.2
2026-08-22 15:00:00,R101,Highway,2000,40.7128,-74.006,1221,62,Clear,25.6,0.0,0,61.05,67.7
2026-08-22 16:00:00,R101,Highway,2000,40.7128,-74.006,1378,55,Clear,25.6,0.0,0,68.9,61.05
2026-08-22 17:00:00,R101,Highway,2000,40.7128,-74.006,1302,59,Clear,25.6,0.0,0,65.1,68.9
2026-08-22 18:00:00,R101,Highway,2000,40.7128,-74.006,1028,72,Clear,25.6,0.0,0,51.4,65.1
2026-08-22 19:00:00,R101,Highway,2000,40.7128,-74.006,1317,58,Clear,25.6,0.0,0,65.85,51.4
2026-08-22 20:00:00,R101,Highway,2000,40.7128,-74.006,1142,66,Clear,25.6,0.0,0,57.1,65.85
2026-08-22 21:00:00,R101,Highway,2000,40.7128,-74.006,362,100,Clear,25.6,0.0,0,18.1,57.1
2026-08-22 22:00:00,R101,Highway,2000,40.7128,-74.006,447,100,Clear,25.6,0.0,0,22.35,18.1
2026-08-22 23:00:00,R101,Highway,2000,40.7128,-74.006,358,100,Clear,25.6,0.0,0,17.9,22.35
2026-08-23 00:00:00,R101,Highway,2000,40.7128,-74.006,439,80,Rainy,17.6,3.5,0,21.95,17.9
2026-08-23 01:00:00,R101,Highway,2000,40.7128,-74.006,451,80,Rainy,17.6,3.5,0,22.55,21.95
2026-08-23 02:00:00,R101,Highway,2000,40.7128,-74.006,340,80,Rainy,17.6,3.5,0,17.0,22.55
2026-08-23 03:00:00,R101,Highway,2000,40.7128,-74.006,440,80,Rainy,17.6,3.5,0,22.0,17.0
2026-08-23 04:00:00,R101,Highway,2000,40.7128,-74.006,400,80,Rainy,17.6,3.5,0,20.0,22.0
2026-08-23 05:00:00,R101,Highway,2000,40.7128,-74.006,421,80,Rainy,17.6,3.5,0,21.05,20.0
2026-08-23 06:00:00,R101,Highway,2000,40.7128,-74.006,356,80,Rainy,17.6,3.5,0,17.8,21.05
2026-08-23 07:00:00,R101,Highway,2000,40.7128,-74.006,443,80,Rainy,17.6,3.5,0,22.15,17.8
2026-08-23 08:00:00,R101,Highway,2000,40.7128,-74.006,347,80,Rainy,17.6,3.5,0,17.35,22.15
2026-08-23 09:00:00,R101,Highway,2000,40.7128,-74.006,358,80,Rainy,17.6,3.5,0,17.9,17.35
2026-08-23 10:00:00,R101,Highway,2000,40.7128,-74.006,352,80,Rainy,17.6,3.5,0,17.6,17.9
2026-08-23 11:00:00,R101,Highway,2000,40.7128,-74.006,1416,43,Rainy,17.6,3.5,0,70.8,17.6
2026-08-23 12:00:00,R101,Highway,2000,40.7128,-74.006,1209,50,Rainy,17.6,3.5,0,60.45,70.8
2026-08-23 13:00:00,R101,Highway,2000,40.7128,-74.006,1324,46,Rainy,17.6,3.5,0,66.2,60.45
2026-08-23 14:00:00,R101,Highway,2000,40.7128,-74.006,1256,48,Rainy,17.6,3.5,0,62.8,66.2
2026-08-23 15:00:00,R101,Highway,2000,40.7128,-74.006,1244,49,Rainy,17.6,3.5,0,62.2,62.8
2026-08-23 16:00:00,R101,Highway,2000,40.7128,-74.006,1034,57,Rainy,17.6,3.5,0,51.7,62.2
2026-08-23 17:00:00,R101,Highway,2000,40.7128,-74.006,1372,44,Rainy,17.6,3.5,0,68.6,51.7
2026-08-23 18:00:00,R101,Highway,2000,40.7128,-74.006,1122,54,Rainy,17.6,3.5,0,56.1,68.6
2026-08-23 19:00:00,R101,Highway,2000,40.7128,-74.006,1232,49,Rainy,17.6,3.5,0,61.6,56.1
2026-08-23 20:00:00,R101,Highway,2000,40.7128,-74.006,1048,57,Rainy,17.6,3.5,0,52.4,61.6
2026-08-23 21:00:00,R101,Highway,2000,40.7128,-74.006,378,80,Rainy,17.6,3.5,0,18.9,52.4
2026-08-23 22:00:00,R101,Highway,2000,40.7128,-74.006,368,80,Rainy,17.6,3.5,0,18.4,18.9
2026-08-23 23:00:00,R101,Highway,2000,40.7128,-74.006,435,80,Rainy,17.6,3.5,0,21.75,18.4
2026-08-24 00:00:00,R101,Highway,2000,40.7128,-74.006,374,100,Cloudy,16.3,0.0,0,18.7,21.75
2026-08-24 01:00:00,R101,Highway,2000,40.7128,-74.006,366,100,Cloudy,16.3,0.0,0,18.3,18.7
2026-08-24 02:00:00,R101,Highway,2000,40.7128,-74.006,447,100,Cloudy,16.3,0.0,0,22.35,18.3
2026-08-24 03:00:00,R101,Highway,2000,40.7128,-74.006,424,100,Cloudy,16.3,0.0,0,21.2,22.35
2026-08-24 04:00:00,R101,Highway,2000,40.7128,-74.006,382,100,Cloudy,16.3,0.0,0,19.1,21.2
2026-08-24 05:00:00,R101,Highway,2000,40.7128,-74.006,368,100,Cloudy,16.3,0.0,0,18.4,19.1
2026-08-24 06:00:00,R101,Highway,2000,40.7128,-74.006,427,100,Cloudy,16.3,0.0,0,21.35,18.4
2026-08-24 07:00:00,R101,Highway,2000,40.7128,-74.006,2198,9,Cloudy,16.3,0.0,1,109.9,21.35
2026-08-24 08:00:00,R101,Highway,2000,40.7128,-74.006,1882,38,Cloudy,16.3,0.0,0,94.1,109.9
2026-08-24 09:00:00,R101,Highway,2000,40.7128,-74.006,1872,38,Cloudy,16.3,0.0,0,93.6,94.1
2026-08-24 10:00:00,R101,Highway,2000,40.7128,-74.006,1279,60,Cloudy,16.3,0.0,0,63.95,93.6
2026-08-24 11:00:00,R101,Highway,2000,40.7128,-74.006,1057,70,Cloudy,16.3,0.0,0,52.85,63.95
2026-08-24 12:00:00,R101,Highway,2000,40.7128,-74.006,1193,64,Cloudy,16.3,0.0,0,59.65,52.85
2026-08-24 13:00:00,R101,Highway,2000,40.7128,-74.006,1114,68,Cloudy,16.3,0.0,0,55.7,59.65
2026-08-24 14:00:00,R101,Highway,2000,40.7128,-74.006,1118,67,Cloudy,16.3,0.0,0,55.9,55.7
2026-08-24 15:00:00,R101,Highway,2000,40.7128,-74.006,1096,68,Cloudy,16.3,0.0,0,54.8,55.9
2026-08-24 16:00:00,R101,Highway,2000,40.7128,-74.006,1833,39,Cloudy,16.3,0.0,0,91.65,54.8
2026-08-24 17:00:00,R101,Highway,2000,40.7128,-74.006,1825,39,Cloudy,16.3,0.0,0,91.25,91.65
2026-08-24 18:00:00,R101,Highway,2000,40.7128,-74.006,1940,36,Cloudy,16.3,0.0,0,97.0,91.25
2026-08-24 19:00:00,R101,Highway,2000,40.7128,-74.006,1837,39,Cloudy,16.3,0.0,0,91.85,97.0
2026-08-24 20:00:00,R101,Highway,2000,40.7128,-74.006,428,100,Cloudy,16.3,0.0,0,21.4,91.85
2026-08-24 21:00:00,R101,Highway,2000,40.7128,-74.006,419,100,Cloudy,16.3,0.0,0,20.95,21.4
2026-08-24 22:00:00,R101,Highway,2000,40.7128,-74.006,362,100,Cloudy,16.3,0.0,0,18.1,20.95
2026-08-24 23:00:00,R101,Highway,2000,40.7128,-74.006,385,100,Cloudy,16.3,0.0,0,19.25,18.1
2026-08-25 00:00:00,R101,Highway,2000,40.7128,-74.006,381,100,Clear,34.8,0.0,0,19.05,19.25
2026-08-25 01:00:00,R101,Highway,2000,40.7128,-74.006,426,100,Clear,34.8,0.0,0,21.3,19.05
2026-08-25 02:00:00,R101,Highway,2000,40.7128,-74.006,441,100,Clear,34.8,0.0,0,22.05,21.3
2026-08-25 03:00:00,R101,Highway,2000,40.7128,-74.006,357,100,Clear,34.8,0.0,0,17.85,22.05
2026-08-25 04:00:00,R101,Highway,2000,40.7128,-74.006,424,100,Clear,34.8,0.0,0,21.2,17.85
2026-08-25 05:00:00,R101,Highway,2000,40.7128,-74.006,345,100,Clear,34.8,0.0,0,17.25,21.2
2026-08-25 06:00:00,R101,Highway,2000,40.7128,-74.006,399,100,Clear,34.8,0.0,0,19.95,17.25
2026-08-25 07:00:00,R101,Highway,2000,40.7128,-74.006,1984,35,Clear,34.8,0.0,0,99.2,19.95
2026-08-25 08:00:00,R101,Highway,2000,40.7128,-74.006,1562,48,Clear,34.8,0.0,0,78.1,99.2
2026-08-25 09:00:00,R101,Highway,2000,40.7128,-74.006,1898,37,Clear,34.8,0.0,0,94.9,78.1
2026-08-25 10:00:00,R101,Highway,2000,40.7128,-74.006,1174,65,Clear,34.8,0.0,0,58.7,94.9
2026-08-25 11:00:00,R101,Highway,2000,40.7128,-74.006,1170,65,Clear,34.8,0.0,0,58.5,58.7
2026-08-25 12:00:00,R101,Highway,2000,40.7128,-74.006,1076,69,Clear,34.8,0.0,0,53.8,58.5
2026-08-25 13:00:00,R101,Highway,2000,40.7128,-74.006,1133,67,Clear,34.8,0.0,0,56.65,53.8
2026-08-25 14:00:00,R101,Highway,2000,40.7128,-74.006,1339,57,Clear,34.8,0.0,0,66.95,56.65
2026-08-25 15:00:00,R101,Highway,2000,40.7128,-74.006,1233,62,Clear,34.8,0.0,0,61.65,66.95
2026-08-25 16:00:00,R101,Highway,2000,40.7128,-74.006,1666,44,Clear,34.8,0.0,0,83.3,61.65
2026-08-25 17:00:00,R101,Highway,2000,40.7128,-74.006,1866,38,Clear,34.8,0.0,0,93.3,83.3
2026-08-25 18:00:00,R101,Highway,2000,40.7128,-74.006,2040,33,Clear,34.8,0.0,0,102.0,93.3
2026-08-25 19:00:00,R101,Highway,2000,40.7128,-74.006,1669,44,Clear,34.8,0.0,0,83.45,102.0
2026-08-25 20:00:00,R101,Highway,2000,40.7128,-74.006,423,100,Clear,34.8,0.0,0,21.15,83.45
2026-08-25 21:00:00,R101,Highway,2000,40.7128,-74.006,385,100,Clear,34.8,0.0,0,19.25,21.15
2026-08-25 22:00:00,R101,Highway,2000,40.7128,-74.006,455,100,Clear,34.8,0.0,0,22.75,19.25
2026-08-25 23:00:00,R101,Highway,2000,40.7128,-74.006,386,100,Clear,34.8,0.0,0,19.3,22.75
2026-08-26 00:00:00,R101,Highway,2000,40.7128,-74.006,445,100,Clear,31.2,0.0,0,22.25,19.3
2026-08-26 01:00:00,R101,Highway,2000,40.7128,-74.006,389,100,Clear,31.2,0.0,0,19.45,22.25
2026-08-26 02:00:00,R101,Highway,2000,40.7128,-74.006,442,100,Clear,31.2,0.0,0,22.1,19.45
2026-08-26 03:00:00,R101,Highway,2000,40.7128,-74.006,441,100,Clear,31.2,0.0,0,22.05,22.1
2026-08-26 04:00:00,R101,Highway,2000,40.7128,-74.006,437,100,Clear,31.2,0.0,0,21.85,22.05
2026-08-26 05:00:00,R101,Highway,2000,40.7128,-74.006,375,100,Clear,31.2,0.0,0,18.75,21.85
2026-08-26 06:00:00,R101,Highway,2000,40.7128,-74.006,438,100,Clear,31.2,0.0,0,21.9,18.75
2026-08-26 07:00:00,R101,Highway,2000,40.7128,-74.006,2064,33,Clear,31.2,0.0,0,103.2,21.9
2026-08-26 08:00:00,R101,Highway,2000,40.7128,-74.006,1735,42,Clear,31.2,0.0,0,86.75,103.2
2026-08-26 09:00:00,R101,Highway,2000,40.7128,-74.006,1745,42,Clear,31.2,0.0,0,87.25,86.75
2026-08-26 10:00:00,R101,Highway,2000,40.7128,-74.006,1326,58,Clear,31.2,0.0,0,66.3,87.25
2026-08-26 11:00:00,R101,Highway,2000,40.7128,-74.006,1113,68,Clear,31.2,0.0,0,55.65,66.3
2026-08-26 12:00:00,R101,Highway,2000,40.7128,-74.006,1027,72,Clear,31.2,0.0,0,51.35,55.65
2026-08-26 13:00:00,R101,Highway,2000,40.7128,-74.006,1046,71,Clear,31.2,0.0,0,52.3,51.35
2026-08-26 14:00:00,R101,Highway,2000,40.7128,-74.006,1378,55,Clear,31.2,0.0,0,68.9,52.3
2026-08-26 15:00:00,R101,Highway,2000,40.7128,-74.006,1067,70,Clear,31.2,0.0,0,53.35,68.9
2026-08-26 16:00:00,R101,Highway,2000,40.7128,-74.006,1710,43,Clear,31.2,0.0,0,85.5,53.35
2026-08-26 17:00:00,R101,Highway,2000,40.7128,-74.006,2076,33,Clear,31.2,0.0,0,103.8,85.5
2026-08-26 18:00:00,R101,Highway,2000,40.7128,-74.006,2103,32,Clear,31.2,0.0,0,105.15,103.8
2026-08-26 19:00:00,R101,Highway,2000,40.7128,-74.006,2286,8,Clear,31.2,0.0,1,114.3,105.15
2026-08-26 20:00:00,R101,Highway,2000,40.7128,-74.006,412,100,Clear,31.2,0.0,0,20.6,114.3
2026-08-26 21:00:00,R101,Highway,2000,40.7128,-74.006,351,100,Clear,31.2,0.0,0,17.55,20.6
2026-08-26 22:00:00,R101,Highway,2000,40.7128,-74.006,432,100,Clear,31.2,0.0,0,21.6,17.55
2026-08-26 23:00:00,R101,Highway,2000,40.7128,-74.006,427,100,Clear,31.2,0.0,0,21.35,21.6
2026-08-27 00:00:00,R101,Highway,2000,40.7128,-74.006,379,100,Clear,26.6,0.0,0,18.95,21.35
2026-08-27 01:00:00,R101,Highway,2000,40.7128,-74.006,403,100,Clear,26.6,0.0,0,20.15,18.95
2026-08-27 02:00:00,R101,Highway,2000,40.7128,-74.006,380,100,Clear,26.6,0.0,0,19.0,20.15
2026-08-27 03:00:00,R101,Highway,2000,40.7128,-74.006,441,100,Clear,26.6,0.0,0,22.05,19.0
2026-08-27 04:00:00,R101,Highway,2000,40.7128,-74.006,370,100,Clear,26.6,0.0,0,18.5,22.05
2026-08-27 05:00:00,R101,Highway,2000,40.7128,-74.006,417,100,Clear,26.6,0.0,0,20.85,18.5
2026-08-27 06:00:00,R101,Highway,2000,40.7128,-74.006,443,100,Clear,26.6,0.0,0,22.15,20.85
2026-08-27 07:00:00,R101,Highway,2000,40.7128,-74.006,2048,33,Clear,26.6,0.0,0,102.4,22.15
2026-08-27 08:00:00,R101,Highway,2000,40.7128,-74.006,1977,35,Clear,26.6,0.0,0,98.85,102.4
2026-08-27 09:00:00,R101,Highway,2000,40.7128,-74.006,1676,44,Clear,26.6,0.0,0,83.8,98.85
2026-08-27 10:00:00,R101,Highway,2000,40.7128,-74.006,1285,59,Clear,26.6,0.0,0,64.25,83.8
2026-08-27 11:00:00,R101,Highway,2000,40.7128,-74.006,1204,63,Clear,26.6,0.0,0,60.2,64.25
2026-08-27 12:00:00,R101,Highway,2000,40.7128,-74.006,1365,56,Clear,26.6,0.0,0,68.25,60.2
2026-08-27 13:00:00,R101,Highway,2000,40.7128,-74.006,1275,60,Clear,26.6,0.0,0,63.75,68.25
2026-08-27 14:00:00,R101,Highway,2000,40.7128,-74.006,1359,56,Clear,26.6,0.0,0,67.95,63.75
2026-08-27 15:00:00,R101,Highway,2000,40.7128,-74.006,1271,60,Clear,26.6,0.0,0,63.55,67.95
2026-08-27 16:00:00,R101,Highway,2000,40.7128,-74.006,1989,35,Clear,26.6,0.0,0,99.45,63.55
2026-08-27 17:00:00,R101,Highway,2000,40.7128,-74.006,1632,46,Clear,26.6,0.0,0,81.6,99.45
2026-08-27 18:00:00,R101,Highway,2000,40.7128,-74.006,1663,45,Clear,26.6,0.0,0,83.15,81.6
2026-08-27 19:00:00,R101,Highway,2000,40.7128,-74.006,1816,40,Clear,26.6,0.0,0,90.8,83.15
2026-08-27 20:00:00,R101,Highway,2000,40.7128,-74.006,367,100,Clear,26.6,0.0,0,18.35,90.8
2026-08-27 21:00:00,R101,Highway,2000,40.7128,-74.006,371,100,Clear,26.6,0.0,0,18.55,18.35
2026-08-27 22:00:00,R101,Highway,2000,40.7128,-74.006,449,100,Clear,26.6,0.0,0,22.45,18.55
2026-08-27 23:00:00,R101,Highway,2000,40.7128,-74.006,419,100,Clear,26.6,0.0,0,20.95,22.45
2026-08-28 00:00:00,R101,Highway,2000,40.7128,-74.006,377,100,Cloudy,16.6,0.0,0,18.85,20.95
2026-08-28 01:00:00,R101,Highway,2000,40.7128,-74.006,435,100,Cloudy,16.6,0.0,0,21.75,18.85
2026-08-28 02:00:00,R101,Highway,2000,40.7128,-74.006,428,100,Cloudy,16.6,0.0,0,21.4,21.75
2026-08-28 03:00:00,R101,Highway,2000,40.7128,-74.006,359,100,Cloudy,16.6,0.0,0,17.95,21.4
2026-08-28 04:00:00,R101,Highway,2000,40.7128,-74.006,434,100,Cloudy,16.6,0.0,0,21.7,17.95
2026-08-28 05:00:00,R101,Highway,2000,40.7128,-74.006,369,100,Cloudy,16.6,0.0,0,18.45,21.7
2026-08-28 06:00:00,R101,Highway,2000,40.7128,-74.006,513,30,Cloudy,16.6,0.0,1,25.65,18.45
2026-08-28 07:00:00,R101,Highway,2000,40.7128,-74.006,1993,35,Cloudy,16.6,0.0,0,99.65,25.65
2026-08-28 08:00:00,R101,Highway,2000,40.7128,-74.006,1996,35,Cloudy,16.6,0.0,0,99.8,99.65
2026-08-28 09:00:00,R101,Highway,2000,40.7128,-74.006,2059,33,Cloudy,16.6,0.0,0,102.95,99.8
2026-08-28 10:00:00,R101,Highway,2000,40.7128,-74.006,1161,65,Cloudy,16.6,0.0,0,58.05,102.95
2026-08-28 11:00:00,R101,Highway,2000,40.7128,-74.006,1085,69,Cloudy,16.6,0.0,0,54.25,58.05
2026-08-28 12:00:00,R101,Highway,2000,40.7128,-74.006,1187,64,Cloudy,16.6,0.0,0,59.35,54.25
2026-08-28 13:00:00,R101,Highway,2000,40.7128,-74.006,1208,63,Cloudy,16.6,0.0,0,60.4,59.35
2026-08-28 14:00:00,R101,Highway,2000,40.7128,-74.006,1122,67,Cloudy,16.6,0.0,0,56.1,60.4
2026-08-28 15:00:00,R101,Highway,2000,40.7128,-74.006,1083,69,Cloudy,16.6,0.0,0,54.15,56.1
2026-08-28 16:00:00,R101,Highway,2000,40.7128,-74.006,1616,46,Cloudy,16.6,0.0,0,80.8,54.15
2026-08-28 17:00:00,R101,Highway,2000,40.7128,-74.006,2060,33,Cloudy,16.6,0.0,0,103.0,80.8
2026-08-28 18:00:00,R101,Highway,2000,40.7128,-74.006,1634,46,Cloudy,16.6,0.0,0,81.7,103.0
2026-08-28 19:00:00,R101,Highway,2000,40.7128,-74.006,1704,43,Cloudy,16.6,0.0,0,85.2,81.7
2026-08-28 20:00:00,R101,Highway,2000,40.7128,-74.006,413,100,Cloudy,16.6,0.0,0,20.65,85.2
2026-08-28 21:00:00,R101,Highway,2000,40.7128,-74.006,382,100,Cloudy,16.6,0.0,0,19.1,20.65
2026-08-28 22:00:00,R101,Highway,2000,40.7128,-74.006,363,100,Cloudy,16.6,0.0,0,18.15,19.1
2026-08-28 23:00:00,R101,Highway,2000,40.7128,-74.006,445,100,Cloudy,16.6,0.0,0,22.25,18.15
2026-08-29 00:00:00,R101,Highway,2000,40.7128,-74.006,370,80,Rainy,14.4,14.4,0,18.5,22.25
2026-08-29 01:00:00,R101,Highway,2000,40.7128,-74.006,429,80,Rainy,14.4,14.4,0,21.45,18.5
2026-08-29 02:00:00,R101,Highway,2000,40.7128,-74.006,344,80,Rainy,14.4,14.4,0,17.2,21.45
2026-08-29 03:00:00,R101,Highway,2000,40.7128,-74.006,426,80,Rainy,14.4,14.4,0,21.3,17.2
2026-08-29 04:00:00,R101,Highway,2000,40.7128,-74.006,370,80,Rainy,14.4,14.4,0,18.5,21.3
2026-08-29 05:00:00,R101,Highway,2000,40.7128,-74.006,357,80,Rainy,14.4,14.4,0,17.85,18.5
2026-08-29 06:00:00,R101,Highway,2000,40.7128,-74.006,369,80,Rainy,14.4,14.4,0,18.45,17.85
2026-08-29 07:00:00,R101,Highway,2000,40.7128,-74.006,440,80,Rainy,14.4,14.4,0,22.0,18.45
2026-08-29 08:00:00,R101,Highway,2000,40.7128,-74.006,413,80,Rainy,14.4,14.4,0,20.65,22.0
2026-08-29 09:00:00,R101,Highway,2000,40.7128,-74.006,425,80,Rainy,14.4,14.4,0,21.25,20.65
2026-08-29 10:00:00,R101,Highway,2000,40.7128,-74.006,371,80,Rainy,14.4,14.4,0,18.55,21.25
2026-08-29 11:00:00,R101,Highway,2000,40.7128,-74.006,1419,43,Rainy,14.4,14.4,0,70.95,18.55
2026-08-29 12:00:00,R101,Highway,2000,40.7128,-74.006,1298,47,Rainy,14.4,14.4,0,64.9,70.95
2026-08-29 13:00:00,R101,Highway,2000,40.7128,-74.006,1292,47,Rainy,14.4,14.4,0,64.6,64.9
2026-08-29 14:00:00,R101,Highway,2000,40.7128,-74.006,1374,44,Rainy,14.4,14.4,0,68.7,64.6
2026-08-29 15:00:00,R101,Highway,2000,40.7128,-74.006,1236,49,Rainy,14.4,14.4,0,61.8,68.7
2026-08-29 16:00:00,R101,Highway,2000,40.7128,-74.006,1118,54,Rainy,14.4,14.4,0,55.9,61.8
2026-08-29 17:00:00,R101,Highway,2000,40.7128,-74.006,1095,55,Rainy,14.4,14.4,0,54.75,55.9
2026-08-29 18:00:00,R101,Highway,2000,40.7128,-74.006,1206,50,Rainy,14.4,14.4,0,60.3,54.75
2026-08-29 19:00:00,R101,Highway,2000,40.7128,-74.006,1122,54,Rainy,14.4,14.4,0,56.1,60.3
2026-08-29 20:00:00,R101,Highway,2000,40.7128,-74.006,1134,53,Rainy,14.4,14.4,0,56.7,56.1
2026-08-29 21:00:00,R101,Highway,2000,40.7128,-74.006,415,80,Rainy,14.4,14.4,0,20.75,56.7
2026-08-29 22:00:00,R101,Highway,2000,40.7128,-74.006,362,80,Rainy,14.4,14.4,0,18.1,20.75
2026-08-29 23:00:00,R101,Highway,2000,40.7128,-74.006,389,80,Rainy,14.4,14.4,0,19.45,18.1
2026-08-30 00:00:00,R101,Highway,2000,40.7128,-74.006,435,100,Clear,23.3,0.0,0,21.75,19.45
2026-08-30 01:00:00,R101,Highway,2000,40.7128,-74.006,353,100,Clear,23.3,0.0,0,17.65,21.75
2026-08-30 02:00:00,R101,Highway,2000,40.7128,-74.006,350,100,Clear,23.3,0.0,0,17.5,17.65
2026-08-30 03:00:00,R101,Highway,2000,40.7128,-74.006,391,100,Clear,23.3,0.0,0,19.55,17.5
2026-08-30 04:00:00,R101,Highway,2000,40.7128,-74.006,349,100,Clear,23.3,0.0,0,17.45,19.55
2026-08-30 05:00:00,R101,Highway,2000,40.7128,-74.006,359,100,Clear,23.3,0.0,0,17.95,17.45
2026-08-30 06:00:00,R101,Highway,2000,40.7128,-74.006,443,100,Clear,23.3,0.0,0,22.15,17.95
2026-08-30 07:00:00,R101,Highway,2000,40.7128,-74.006,408,100,Clear,23.3,0.0,0,20.4,22.15
2026-08-30 08:00:00,R101,Highway,2000,40.7128,-74.006,350,100,Clear,23.3,0.0,0,17.5,20.4
2026-08-30 09:00:00,R101,Highway,2000,40.7128,-74.006,352,100,Clear,23.3,0.0,0,17.6,17.5
2026-08-30 10:00:00,R101,Highway,2000,40.7128,-74.006,345,100,Clear,23.3,0.0,0,17.25,17.6
2026-08-30 11:00:00,R101,Highway,2000,40.7128,-74.006,1517,50,Clear,23.3,0.0,0,75.85,17.25
2026-08-30 12:00:00,R101,Highway,2000,40.7128,-74.006,1248,61,Clear,23.3,0.0,0,62.4,75.85
2026-08-30 13:00:00,R101,Highway,2000,40.7128,-74.006,1327,57,Clear,23.3,0.0,0,66.35,62.4
2026-08-30 14:00:00,R101,Highway,2000,40.7128,-74.006,1369,56,Clear,23.3,0.0,0,68.45,66.35
2026-08-30 15:00:00,R101,Highway,2000,40.7128,-74.006,1600,47,Clear,23.3,0.0,0,80.0,68.45
2026-08-30 16:00:00,R101,Highway,2000,40.7128,-74.006,1549,14,Clear,23.3,0.0,1,77.45,80.0
2026-08-30 17:00:00,R101,Highway,2000,40.7128,-74.006,1306,58,Clear,23.3,0.0,0,65.3,77.45
2026-08-30 18:00:00,R101,Highway,2000,40.7128,-74.006,1306,58,Clear,23.3,0.0,0,65.3,65.3
2026-08-30 19:00:00,R101,Highway,2000,40.7128,-74.006,1251,61,Clear,23.3,0.0,0,62.55,65.3
2026-08-30 20:00:00,R101,Highway,2000,40.7128,-74.006,1241,61,Clear,23.3,0.0,0,62.05,62.55
2026-08-30 21:00:00,R101,Highway,2000,40.7128,-74.006,413,100,Clear,23.3,0.0,0,20.65,62.05
2026-08-30 22:00:00,R101,Highway,2000,40.7128,-74.006,357,100,Clear,23.3,0.0,0,17.85,20.65
2026-08-30 23:00:00,R101,Highway,2000,40.7128,-74.006,401,100,Clear,23.3,0.0,0,20.05,17.85
2026-08-31 00:00:00,R101,Highway,2000,40.7128,-74.006,451,100,Cloudy,24.8,0.0,0,22.55,20.05
2026-08-31 01:00:00,R101,Highway,2000,40.7128,-74.006,416,100,Cloudy,24.8,0.0,0,20.8,22.55
2026-08-31 02:00:00,R101,Highway,2000,40.7128,-74.006,430,100,Cloudy,24.8,0.0,0,21.5,20.8
2026-08-31 03:00:00,R101,Highway,2000,40.7128,-74.006,445,100,Cloudy,24.8,0.0,0,22.25,21.5
2026-08-31 04:00:00,R101,Highway,2000,40.7128,-74.006,397,100,Cloudy,24.8,0.0,0,19.85,22.25
2026-08-31 05:00:00,R101,Highway,2000,40.7128,-74.006,435,100,Cloudy,24.8,0.0,0,21.75,19.85
2026-08-31 06:00:00,R101,Highway,2000,40.7128,-74.006,404,100,Cloudy,24.8,0.0,0,20.2,21.75
2026-08-31 07:00:00,R101,Highway,2000,40.7128,-74.006,1644,45,Cloudy,24.8,0.0,0,82.2,20.2
2026-08-31 08:00:00,R101,Highway,2000,40.7128,-74.006,1715,43,Cloudy,24.8,0.0,0,85.75,82.2
2026-08-31 09:00:00,R101,Highway,2000,40.7128,-74.006,1603,47,Cloudy,24.8,0.0,0,80.15,85.75
2026-08-31 10:00:00,R101,Highway,2000,40.7128,-74.006,1125,67,Cloudy,24.8,0.0,0,56.25,80.15
2026-08-31 11:00:00,R101,Highway,2000,40.7128,-74.006,1056,71,Cloudy,24.8,0.0,0,52.8,56.25
2026-08-31 12:00:00,R101,Highway,2000,40.7128,-74.006,1242,61,Cloudy,24.8,0.0,0,62.1,52.8
2026-08-31 13:00:00,R101,Highway,2000,40.7128,-74.006,1054,71,Cloudy,24.8,0.0,0,52.7,62.1
2026-08-31 14:00:00,R101,Highway,2000,40.7128,-74.006,1335,57,Cloudy,24.8,0.0,0,66.75,52.7
2026-08-31 15:00:00,R101,Highway,2000,40.7128,-74.006,1139,66,Cloudy,24.8,0.0,0,56.95,66.75
2026-08-31 16:00:00,R101,Highway,2000,40.7128,-74.006,1931,36,Cloudy,24.8,0.0,0,96.55,56.95
2026-08-31 17:00:00,R101,Highway,2000,40.7128,-74.006,1658,45,Cloudy,24.8,0.0,0,82.9,96.55
2026-08-31 18:00:00,R101,Highway,2000,40.7128,-74.006,2170,30,Cloudy,24.8,0.0,0,108.5,82.9
2026-08-31 19:00:00,R101,Highway,2000,40.7128,-74.006,1921,37,Cloudy,24.8,0.0,0,96.05,108.5
2026-08-31 20:00:00,R101,Highway,2000,40.7128,-74.006,435,100,Cloudy,24.8,0.0,0,21.75,96.05
2026-08-31 21:00:00,R101,Highway,2000,40.7128,-74.006,362,100,Cloudy,24.8,0.0,0,18.1,21.75
2026-08-31 22:00:00,R101,Highway,2000,40.7128,-74.006,398,100,Cloudy,24.8,0.0,0,19.9,18.1
2026-08-31 23:00:00,R101,Highway,2000,40.7128,-74.006,404,100,Cloudy,24.8,0.0,0,20.2,19.9
2026-09-01 00:00:00,R101,Highway,2000,40.7128,-74.006,354,100,Clear,27.0,0.0,0,17.7,20.2
2026-09-01 01:00:00,R101,Highway,2000,40.7128,-74.006,379,100,Clear,27.0,0.0,0,18.95,17.7
2026-09-01 02:00:00,R101,Highway,2000,40.7128,-74.006,457,100,Clear,27.0,0.0,0,22.85,18.95
2026-09-01 03:00:00,R101,Highway,2000,40.7128,-74.006,441,100,Clear,27.0,0.0,0,22.05,22.85
2026-09-01 04:00:00,R101,Highway,2000,40.7128,-74.006,367,100,Clear,27.0,0.0,0,18.35,22.05
2026-09-01 05:00:00,R101,Highway,2000,40.7128,-74.006,344,100,Clear,27.0,0.0,0,17.2,18.35
2026-09-01 06:00:00,R101,Highway,2000,40.7128,-74.006,371,100,Clear,27.0,0.0,0,18.55,17.2
2026-09-01 07:00:00,R101,Highway,2000,40.7128,-74.006,1624,46,Clear,27.0,0.0,0,81.2,18.55
2026-09-01 08:00:00,R101,Highway,2000,40.7128,-74.006,1779,41,Clear,27.0,0.0,0,88.95,81.2
2026-09-01 09:00:00,R101,Highway,2000,40.7128,-74.006,1612,46,Clear,27.0,0.0,0,80.6,88.95
2026-09-01 10:00:00,R101,Highway,2000,40.7128,-74.006,1064,70,Clear,27.0,0.0,0,53.2,80.6
2026-09-01 11:00:00,R101,Highway,2000,40.7128,-74.006,1365,56,Clear,27.0,0.0,0,68.25,53.2
2026-09-01 12:00:00,R101,Highway,2000,40.7128,-74.006,1054,71,Clear,27.0,0.0,0,52.7,68.25
2026-09-01 13:00:00,R101,Highway,2000,40.7128,-74.006,1341,57,Clear,27.0,0.0,0,67.05,52.7
2026-09-01 14:00:00,R101,Highway,2000,40.7128,-74.006,1149,66,Clear,27.0,0.0,0,57.45,67.05
2026-09-01 15:00:00,R101,Highway,2000,40.7128,-74.006,1326,58,Clear,27.0,0.0,0,66.3,57.45
2026-09-01 16:00:00,R101,Highway,2000,40.7128,-74.006,1875,38,Clear,27.0,0.0,0,93.75,66.3
2026-09-01 17:00:00,R101,Highway,2000,40.7128,-74.006,2070,33,Clear,27.0,0.0,0,103.5,93.75
2026-09-01 18:00:00,R101,Highway,2000,40.7128,-74.006,1870,38,Clear,27.0,0.0,0,93.5,103.5
2026-09-01 19:00:00,R101,Highway,2000,40.7128,-74.006,1733,42,Clear,27.0,0.0,0,86.65,93.5
2026-09-01 20:00:00,R101,Highway,2000,40.7128,-74.006,366,100,Clear,27.0,0.0,0,18.3,86.65
2026-09-01 21:00:00,R101,Highway,2000,40.7128,-74.006,374,100,Clear,27.0,0.0,0,18.7,18.3
2026-09-01 22:00:00,R101,Highway,2000,40.7128,-74.006,441,100,Clear,27.0,0.0,0,22.05,18.7
2026-09-01 23:00:00,R101,Highway,2000,40.7128,-74.006,456,100,Clear,27.0,0.0,0,22.8,22.05
2026-09-02 00:00:00,R101,Highway,2000,40.7128,-74.006,411,80,Rainy,15.9,8.4,0,20.55,22.8
2026-09-02 01:00:00,R101,Highway,2000,40.7128,-74.006,511,24,Rainy,15.9,8.4,1,25.55,20.55
2026-09-02 02:00:00,R101,Highway,2000,40.7128,-74.006,406,80,Rainy,15.9,8.4,0,20.3,25.55
2026-09-02 03:00:00,R101,Highway,2000,40.7128,-74.006,425,80,Rainy,15.9,8.4,0,21.25,20.3
2026-09-02 04:00:00,R101,Highway,2000,40.7128,-74.006,455,80,Rainy,15.9,8.4,0,22.75,21.25
2026-09-02 05:00:00,R101,Highway,2000,40.7128,-74.006,361,80,Rainy,15.9,8.4,0,18.05,22.75
2026-09-02 06:00:00,R101,Highway,2000,40.7128,-74.006,350,80,Rainy,15.9,8.4,0,17.5,18.05
2026-09-02 07:00:00,R101,Highway,2000,40.7128,-74.006,1870,30,Rainy,15.9,8.4,0,93.5,17.5
2026-09-02 08:00:00,R101,Highway,2000,40.7128,-74.006,2062,26,Rainy,15.9,8.4,0,103.1,93.5
2026-09-02 09:00:00,R101,Highway,2000,40.7128,-74.006,1667,35,Rainy,15.9,8.4,0,83.35,103.1
2026-09-02 10:00:00,R101,Highway,2000,40.7128,-74.006,1243,49,Rainy,15.9,8.4,0,62.15,83.35
2026-09-02 11:00:00,R101,Highway,2000,40.7128,-74.006,1113,54,Rainy,15.9,8.4,0,55.65,62.15
2026-09-02 12:00:00,R101,Highway,2000,40.7128,-74.006,1043,57,Rainy,15.9,8.4,0,52.15,55.65
2026-09-02 13:00:00,R101,Highway,2000,40.7128,-74.006,1096,55,Rainy,15.9,8.4,0,54.8,52.15
2026-09-02 14:00:00,R101,Highway,2000,40.7128,-74.006,1303,47,Rainy,15.9,8.4,0,65.15,54.8
2026-09-02 15:00:00,R101,Highway,2000,40.7128,-74.006,1192,51,Rainy,15.9,8.4,0,59.6,65.15
2026-09-02 16:00:00,R101,Highway,2000,40.7128,-74.006,2107,25,Rainy,15.9,8.4,0,105.35,59.6
2026-09-02 17:00:00,R101,Highway,2000,40.7128,-74.006,1971,28,Rainy,15.9,8.4,0,98.55,105.35
2026-09-02 18:00:00,R101,Highway,2000,40.7128,-74.006,1615,37,Rainy,15.9,8.4,0,80.75,98.55
2026-09-02 19:00:00,R101,Highway,2000,40.7128,-74.006,2166,24,Rainy,15.9,8.4,0,108.3,80.75
2026-09-02 20:00:00,R101,Highway,2000,40.7128,-74.006,424,80,Rainy,15.9,8.4,0,21.2,108.3
2026-09-02 21:00:00,R101,Highway,2000,40.7128,-74.006,390,80,Rainy,15.9,8.4,0,19.5,21.2
2026-09-02 22:00:00,R101,Highway,2000,40.7128,-74.006,414,80,Rainy,15.9,8.4,0,20.7,19.5
2026-09-02 23:00:00,R101,Highway,2000,40.7128,-74.006,477,24,Rainy,15.9,8.4,1,23.85,20.7
2026-09-03 00:00:00,R101,Highway,2000,40.7128,-74.006,441,100,Clear,31.2,0.0,0,22.05,23.85
2026-09-03 01:00:00,R101,Highway,2000,40.7128,-74.006,390,100,Clear,31.2,0.0,0,19.5,22.05
2026-09-03 02:00:00,R101,Highway,2000,40.7128,-74.006,422,100,Clear,31.2,0.0,0,21.1,19.5
2026-09-03 03:00:00,R101,Highway,2000,40.7128,-74.006,369,100,Clear,31.2,0.0,0,18.45,21.1
2026-09-03 04:00:00,R101,Highway,2000,40.7128,-74.006,365,100,Clear,31.2,0.0,0,18.25,18.45
2026-09-03 05:00:00,R101,Highway,2000,40.7128,-74.006,426,100,Clear,31.2,0.0,0,21.3,18.25
2026-09-03 06:00:00,R101,Highway,2000,40.7128,-74.006,390,100,Clear,31.2,0.0,0,19.5,21.3
2026-09-03 07:00:00,R101,Highway,2000,40.7128,-74.006,1580,47,Clear,31.2,0.0,0,79.0,19.5
2026-09-03 08:00:00,R101,Highway,2000,40.7128,-74.006,2010,34,Clear,31.2,0.0,0,100.5,79.0
2026-09-03 09:00:00,R101,Highway,2000,40.7128,-74.006,1883,38,Clear,31.2,0.0,0,94.15,100.5
2026-09-03 10:00:00,R101,Highway,2000,40.7128,-74.006,1033,72,Clear,31.2,0.0,0,51.65,94.15
2026-09-03 11:00:00,R101,Highway,2000,40.7128,-74.006,1375,55,Clear,31.2,0.0,0,68.75,51.65
2026-09-03 12:00:00,R101,Highway,2000,40.7128,-74.006,1052,71,Clear,31.2,0.0,0,52.6,68.75
2026-09-03 13:00:00,R101,Highway,2000,40.7128,-74.006,1178,64,Clear,31.2,0.0,0,58.9,52.6
2026-09-03 14:00:00,R101,Highway,2000,40.7128,-74.006,1269,60,Clear,31.2,0.0,0,63.45,58.9
2026-09-03 15:00:00,R101,Highway,2000,40.7128,-74.006,1303,59,Clear,31.2,0.0,0,65.15,63.45
2026-09-03 16:00:00,R101,Highway,2000,40.7128,-74.006,2108,32,Clear,31.2,0.0,0,105.4,65.15
2026-09-03 17:00:00,R101,Highway,2000,40.7128,-74.006,1997,35,Clear,31.2,0.0,0,99.85,105.4
2026-09-03 18:00:00,R101,Highway,2000,40.7128,-74.006,1725,43,Clear,31.2,0.0,0,86.25,99.85
2026-09-03 19:00:00,R101,Highway,2000,40.7128,-74.006,1707,43,Clear,31.2,0.0,0,85.35,86.25
2026-09-03 20:00:00,R101,Highway,2000,40.7128,-74.006,351,100,Clear,31.2,0.0,0,17.55,85.35
2026-09-03 21:00:00,R101,Highway,2000,40.7128,-74.006,396,100,Clear,31.2,0.0,0,19.8,17.55
2026-09-03 22:00:00,R101,Highway,2000,40.7128,-74.006,350,100,Clear,31.2,0.0,0,17.5,19.8
2026-09-03 23:00:00,R101,Highway,2000,40.7128,-74.006,457,100,Clear,31.2,0.0,0,22.85,17.5
2026-09-04 00:00:00,R101,Highway,2000,40.7128,-74.006,377,100,Cloudy,18.1,0.0,0,18.85,22.85
2026-09-04 01:00:00,R101,Highway,2000,40.7128,-74.006,407,100,Cloudy,18.1,0.0,0,20.35,18.85
2026-09-04 02:00:00,R101,Highway,2000,40.7128,-74.006,355,100,Cloudy,18.1,0.0,0,17.75,20.35
2026-09-04 03:00:00,R101,Highway,2000,40.7128,-74.006,430,100,Cloudy,18.1,0.0,0,21.5,17.75
2026-09-04 04:00:00,R101,Highway,2000,40.7128,-74.006,343,100,Cloudy,18.1,0.0,0,17.15,21.5
2026-09-04 05:00:00,R101,Highway,2000,40.7128,-74.006,358,100,Cloudy,18.1,0.0,0,17.9,17.15
2026-09-04 06:00:00,R101,Highway,2000,40.7128,-74.006,363,100,Cloudy,18.1,0.0,0,18.15,17.9
2026-09-04 07:00:00,R101,Highway,2000,40.7128,-74.006,2048,33,Cloudy,18.1,0.0,0,102.4,18.15
2026-09-04 08:00:00,R101,Highway,2000,40.7128,-74.006,2400,7,Cloudy,18.1,0.0,1,120.0,102.4
2026-09-04 09:00:00,R101,Highway,2000,40.7128,-74.006,1786,41,Cloudy,18.1,0.0,0,89.3,120.0
2026-09-04 10:00:00,R101,Highway,2000,40.7128,-74.006,1191,64,Cloudy,18.1,0.0,0,59.55,89.3
2026-09-04 11:00:00,R101,Highway,2000,40.7128,-74.006,1234,62,Cloudy,18.1,0.0,0,61.7,59.55
2026-09-04 12:00:00,R101,Highway,2000,40.7128,-74.006,1173,65,Cloudy,18.1,0.0,0,58.65,61.7
2026-09-04 13:00:00,R101,Highway,2000,40.7128,-74.006,1276,18,Cloudy,18.1,0.0,1,63.8,58.65
2026-09-04 14:00:00,R101,Highway,2000,40.7128,-74.006,1076,69,Cloudy,18.1,0.0,0,53.8,63.8
2026-09-04 15:00:00,R101,Highway,2000,40.7128,-74.006,1156,65,Cloudy,18.1,0.0,0,57.8,53.8
2026-09-04 16:00:00,R101,Highway,2000,40.7128,-74.006,1974,35,Cloudy,18.1,0.0,0,98.7,57.8
2026-09-04 17:00:00,R101,Highway,2000,40.7128,-74.006,1650,45,Cloudy,18.1,0.0,0,82.5,98.7
2026-09-04 18:00:00,R101,Highway,2000,40.7128,-74.006,1619,46,Cloudy,18.1,0.0,0,80.95,82.5
2026-09-04 19:00:00,R101,Highway,2000,40.7128,-74.006,1727,42,Cloudy,18.1,0.0,0,86.35,80.95
2026-09-04 20:00:00,R101,Highway,2000,40.7128,-74.006,445,100,Cloudy,18.1,0.0,0,22.25,86.35
2026-09-04 21:00:00,R101,Highway,2000,40.7128,-74.006,349,100,Cloudy,18.1,0.0,0,17.45,22.25
2026-09-04 22:00:00,R101,Highway,2000,40.7128,-74.006,418,100,Cloudy,18.1,0.0,0,20.9,17.45
2026-09-04 23:00:00,R101,Highway,2000,40.7128,-74.006,356,100,Cloudy,18.1,0.0,0,17.8,20.9
2026-09-05 00:00:00,R101,Highway,2000,40.7128,-74.006,543,24,Rainy,12.7,7.8,1,27.15,17.8
2026-09-05 01:00:00,R101,Highway,2000,40.7128,-74.006,465,24,Rainy,12.7,7.8,1,23.25,27.15
2026-09-05 02:00:00,R101,Highway,2000,40.7128,-74.006,408,80,Rainy,12.7,7.8,0,20.4,23.25
2026-09-05 03:00:00,R101,Highway,2000,40.7128,-74.006,530,24,Rainy,12.7,7.8,1,26.5,20.4
2026-09-05 04:00:00,R101,Highway,2000,40.7128,-74.006,439,80,Rainy,12.7,7.8,0,21.95,26.5
2026-09-05 05:00:00,R101,Highway,2000,40.7128,-74.006,381,80,Rainy,12.7,7.8,0,19.05,21.95
2026-09-05 06:00:00,R101,Highway,2000,40.7128,-74.006,374,80,Rainy,12.7,7.8,0,18.7,19.05
2026-09-05 07:00:00,R101,Highway,2000,40.7128,-74.006,387,80,Rainy,12.7,7.8,0,19.35,18.7
2026-09-05 08:00:00,R101,Highway,2000,40.7128,-74.006,419,80,Rainy,12.7,7.8,0,20.95,19.35
2026-09-05 09:00:00,R101,Highway,2000,40.7128,-74.006,444,80,Rainy,12.7,7.8,0,22.2,20.95
2026-09-05 10:00:00,R101,Highway,2000,40.7128,-74.006,359,80,Rainy,12.7,7.8,0,17.95,22.2
2026-09-05 11:00:00,R101,Highway,2000,40.7128,-74.006,1329,46,Rainy,12.7,7.8,0,66.45,17.95
2026-09-05 12:00:00,R101,Highway,2000,40.7128,-74.006,1381,44,Rainy,12.7,7.8,0,69.05,66.45
2026-09-05 13:00:00,R101,Highway,2000,40.7128,-74.006,1593,37,Rainy,12.7,7.8,0,79.65,69.05
2026-09-05 14:00:00,R101,Highway,2000,40.7128,-74.006,1227,49,Rainy,12.7,7.8,0,61.35,79.65
2026-09-05 15:00:00,R101,Highway,2000,40.7128,-74.006,1349,45,Rainy,12.7,7.8,0,67.45,61.35
2026-09-05 16:00:00,R101,Highway,2000,40.7128,-74.006,1255,48,Rainy,12.7,7.8,0,62.75,67.45
2026-09-05 17:00:00,R101,Highway,2000,40.7128,-74.006,1233,49,Rainy,12.7,7.8,0,61.65,62.75
2026-09-05 18:00:00,R101,Highway,2000,40.7128,-74.006,1050,57,Rainy,12.7,7.8,0,52.5,61.65
2026-09-05 19:00:00,R101,Highway,2000,40.7128,-74.006,1286,47,Rainy,12.7,7.8,0,64.3,52.5
2026-09-05 20:00:00,R101,Highway,2000,40.7128,-74.006,1489,12,Rainy,12.7,7.8,1,74.45,64.3
2026-09-05 21:00:00,R101,Highway,2000,40.7128,-74.006,437,80,Rainy,12.7,7.8,0,21.85,74.45
2026-09-05 22:00:00,R101,Highway,2000,40.7128,-74.006,396,80,Rainy,12.7,7.8,0,19.8,21.85
2026-09-05 23:00:00,R101,Highway,2000,40.7128,-74.006,421,80,Rainy,12.7,7.8,0,21.05,19.8
2026-09-06 00:00:00,R101,Highway,2000,40.7128,-74.006,402,100,Cloudy,16.1,0.0,0,20.1,21.05
2026-09-06 01:00:00,R101,Highway,2000,40.7128,-74.006,377,100,Cloudy,16.1,0.0,0,18.85,20.1
2026-09-06 02:00:00,R101,Highway,2000,40.7128,-74.006,370,100,Cloudy,16.1,0.0,0,18.5,18.85
2026-09-06 03:00:00,R101,Highway,2000,40.7128,-74.006,427,100,Cloudy,16.1,0.0,0,21.35,18.5
2026-09-06 04:00:00,R101,Highway,2000,40.7128,-74.006,429,100,Cloudy,16.1,0.0,0,21.45,21.35
2026-09-06 05:00:00,R101,Highway,2000,40.7128,-74.006,351,100,Cloudy,16.1,0.0,0,17.55,21.45
2026-09-06 06:00:00,R101,Highway,2000,40.7128,-74.006,365,100,Cloudy,16.1,0.0,0,18.25,17.55
2026-09-06 07:00:00,R101,Highway,2000,40.7128,-74.006,446,100,Cloudy,16.1,0.0,0,22.3,18.25
2026-09-06 08:00:00,R101,Highway,2000,40.7128,-74.006,391,100,Cloudy,16.1,0.0,0,19.55,22.3
2026-09-06 09:00:00,R101,Highway,2000,40.7128,-74.006,350,100,Cloudy,16.1,0.0,0,17.5,19.55
2026-09-06 10:00:00,R101,Highway,2000,40.7128,-74.006,418,100,Cloudy,16.1,0.0,0,20.9,17.5
2026-09-06 11:00:00,R101,Highway,2000,40.7128,-74.006,1277,60,Cloudy,16.1,0.0,0,63.85,20.9
2026-09-06 12:00:00,R101,Highway,2000,40.7128,-74.006,1470,52,Cloudy,16.1,0.0,0,73.5,63.85
2026-09-06 13:00:00,R101,Highway,2000,40.7128,-74.006,1383,55,Cloudy,16.1,0.0,0,69.15,73.5
2026-09-06 14:00:00,R101,Highway,2000,40.7128,-74.006,1508,50,Cloudy,16.1,0.0,0,75.4,69.15
2026-09-06 15:00:00,R101,Highway,2000,40.7128,-74.006,1450,52,Cloudy,16.1,0.0,0,72.5,75.4
2026-09-06 16:00:00,R101,Highway,2000,40.7128,-74.006,1242,61,Cloudy,16.1,0.0,0,62.1,72.5
2026-09-06 17:00:00,R101,Highway,2000,40.7128,-74.006,1279,60,Cloudy,16.1,0.0,0,63.95,62.1
2026-09-06 18:00:00,R101,Highway,2000,40.7128,-74.006,1172,65,Cloudy,16.1,0.0,0,58.6,63.95
2026-09-06 19:00:00,R101,Highway,2000,40.7128,-74.006,1026,72,Cloudy,16.1,0.0,0,51.3,58.6
2026-09-06 20:00:00,R101,Highway,2000,40.7128,-74.006,1035,72,Cloudy,16.1,0.0,0,51.75,51.3
2026-09-06 21:00:00,R101,Highway,2000,40.7128,-74.006,409,100,Cloudy,16.1,0.0,0,20.45,51.75
2026-09-06 22:00:00,R101,Highway,2000,40.7128,-74.006,398,100,Cloudy,16.1,0.0,0,19.9,20.45
2026-09-06 23:00:00,R101,Highway,2000,40.7128,-74.006,368,100,Cloudy,16.1,0.0,0,18.4,19.9
2026-09-07 00:00:00,R101,Highway,2000,40.7128,-74.006,452,100,Clear,33.7,0.0,0,22.6,18.4
2026-09-07 01:00:00,R101,Highway,2000,40.7128,-74.006,397,100,Clear,33.7,0.0,0,19.85,22.6
2026-09-07 02:00:00,R101,Highway,2000,40.7128,-74.006,367,100,Clear,33.7,0.0,0,18.35,19.85
2026-09-07 03:00:00,R101,Highway,2000,40.7128,-74.006,394,100,Clear,33.7,0.0,0,19.7,18.35
2026-09-07 04:00:00,R101,Highway,2000,40.7128,-74.006,449,100,Clear,33.7,0.0,0,22.45,19.7
2026-09-07 05:00:00,R101,Highway,2000,40.7128,-74.006,389,100,Clear,33.7,0.0,0,19.45,22.45
2026-09-07 06:00:00,R101,Highway,2000,40.7128,-74.006,440,100,Clear,33.7,0.0,0,22.0,19.45
2026-09-07 07:00:00,R101,Highway,2000,40.7128,-74.006,1933,36,Clear,33.7,0.0,0,96.65,22.0
2026-09-07 08:00:00,R101,Highway,2000,40.7128,-74.006,1604,47,Clear,33.7,0.0,0,80.2,96.65
2026-09-07 09:00:00,R101,Highway,2000,40.7128,-74.006,2029,34,Clear,33.7,0.0,0,101.45,80.2
2026-09-07 10:00:00,R101,Highway,2000,40.7128,-74.006,1223,62,Clear,33.7,0.0,0,61.15,101.45
2026-09-07 11:00:00,R101,Highway,2000,40.7128,-74.006,1275,60,Clear,33.7,0.0,0,63.75,61.15
2026-09-07 12:00:00,R101,Highway,2000,40.7128,-74.006,1095,68,Clear,33.7,0.0,0,54.75,63.75
2026-09-07 13:00:00,R101,Highway,2000,40.7128,-74.006,1063,70,Clear,33.7,0.0,0,53.15,54.75
2026-09-07 14:00:00,R101,Highway,2000,40.7128,-74.006,1188,64,Clear,33.7,0.0,0,59.4,53.15
2026-09-07 15:00:00,R101,Highway,2000,40.7128,-74.006,1318,58,Clear,33.7,0.0,0,65.9,59.4
2026-09-07 16:00:00,R101,Highway,2000,40.7128,-74.006,1847,39,Clear,33.7,0.0,0,92.35,65.9
2026-09-07 17:00:00,R101,Highway,2000,40.7128,-74.006,1618,46,Clear,33.7,0.0,0,80.9,92.35
2026-09-07 18:00:00,R101,Highway,2000,40.7128,-74.006,1886,38,Clear,33.7,0.0,0,94.3,80.9
2026-09-07 19:00:00,R101,Highway,2000,40.7128,-74.006,1878,38,Clear,33.7,0.0,0,93.9,94.3
2026-09-07 20:00:00,R101,Highway,2000,40.7128,-74.006,409,100,Clear,33.7,0.0,0,20.45,93.9
2026-09-07 21:00:00,R101,Highway,2000,40.7128,-74.006,426,100,Clear,33.7,0.0,0,21.3,20.45
2026-09-07 22:00:00,R101,Highway,2000,40.7128,-74.006,406,100,Clear,33.7,0.0,0,20.3,21.3
2026-09-07 23:00:00,R101,Highway,2000,40.7128,-74.006,449,100,Clear,33.7,0.0,0,22.45,20.3
2026-09-08 00:00:00,R101,Highway,2000,40.7128,-74.006,346,100,Clear,20.5,0.0,0,17.3,22.45
2026-09-08 01:00:00,R101,Highway,2000,40.7128,-74.006,409,100,Clear,20.5,0.0,0,20.45,17.3
2026-09-08 02:00:00,R101,Highway,2000,40.7128,-74.006,431,100,Clear,20.5,0.0,0,21.55,20.45
2026-09-08 03:00:00,R101,Highway,2000,40.7128,-74.006,340,100,Clear,20.5,0.0,0,17.0,21.55
2026-09-08 04:00:00,R101,Highway,2000,40.7128,-74.006,446,100,Clear,20.5,0.0,0,22.3,17.0
2026-09-08 05:00:00,R101,Highway,2000,40.7128,-74.006,358,100,Clear,20.5,0.0,0,17.9,22.3
2026-09-08 06:00:00,R101,Highway,2000,40.7128,-74.006,394,100,Clear,20.5,0.0,0,19.7,17.9
2026-09-08 07:00:00,R101,Highway,2000,40.7128,-74.006,1986,35,Clear,20.5,0.0,0,99.3,19.7
2026-09-08 08:00:00,R101,Highway,2000,40.7128,-74.006,1734,42,Clear,20.5,0.0,0,86.7,99.3
2026-09-08 09:00:00,R101,Highway,2000,40.7128,-74.006,1613,46,Clear,20.5,0.0,0,80.65,86.7
2026-09-08 10:00:00,R101,Highway,2000,40.7128,-74.006,1113,68,Clear,20.5,0.0,0,55.65,80.65
2026-09-08 11:00:00,R101,Highway,2000,40.7128,-74.006,1353,56,Clear,20.5,0.0,0,67.65,55.65
2026-09-08 12:00:00,R101,Highway,2000,40.7128,-74.006,1312,58,Clear,20.5,0.0,0,65.6,67.65
2026-09-08 13:00:00,R101,Highway,2000,40.7128,-74.006,1257,61,Clear,20.5,0.0,0,62.85,65.6
2026-09-08 14:00:00,R101,Highway,2000,40.7128,-74.006,1286,59,Clear,20.5,0.0,0,64.3,62.85
2026-09-08 15:00:00,R101,Highway,2000,40.7128,-74.006,1349,57,Clear,20.5,0.0,0,67.45,64.3
2026-09-08 16:00:00,R101,Highway,2000,40.7128,-74.006,1615,46,Clear,20.5,0.0,0,80.75,67.45
2026-09-08 17:00:00,R101,Highway,2000,40.7128,-74.006,1807,40,Clear,20.5,0.0,0,90.35,80.75
2026-09-08 18:00:00,R101,Highway,2000,40.7128,-74.006,1686,44,Clear,20.5,0.0,0,84.3,90.35
2026-09-08 19:00:00,R101,Highway,2000,40.7128,-74.006,1824,39,Clear,20.5,0.0,0,91.2,84.3
2026-09-08 20:00:00,R101,Highway,2000,40.7128,-74.006,393,100,Clear,20.5,0.0,0,19.65,91.2
2026-09-08 21:00:00,R101,Highway,2000,40.7128,-74.006,347,100,Clear,20.5,0.0,0,17.35,19.65
2026-09-08 22:00:00,R101,Highway,2000,40.7128,-74.006,351,100,Clear,20.5,0.0,0,17.55,17.35
2026-09-08 23:00:00,R101,Highway,2000,40.7128,-74.006,427,100,Clear,20.5,0.0,0,21.35,17.55
2026-09-09 00:00:00,R101,Highway,2000,40.7128,-74.006,426,100,Clear,24.7,0.0,0,21.3,21.35
2026-09-09 01:00:00,R101,Highway,2000,40.7128,-74.006,370,100,Clear,24.7,0.0,0,18.5,21.3
2026-09-09 02:00:00,R101,Highway,2000,40.7128,-74.006,394,100,Clear,24.7,0.0,0,19.7,18.5
2026-09-09 03:00:00,R101,Highway,2000,40.7128,-74.006,384,100,Clear,24.7,0.0,0,19.2,19.7
2026-09-09 04:00:00,R101,Highway,2000,40.7128,-74.006,413,100,Clear,24.7,0.0,0,20.65,19.2
2026-09-09 05:00:00,R101,Highway,2000,40.7128,-74.006,352,100,Clear,24.7,0.0,0,17.6,20.65
2026-09-09 06:00:00,R101,Highway,2000,40.7128,-74.006,449,100,Clear,24.7,0.0,0,22.45,17.6
2026-09-09 07:00:00,R101,Highway,2000,40.7128,-74.006,1591,47,Clear,24.7,0.0,0,79.55,22.45
2026-09-09 08:00:00,R101,Highway,2000,40.7128,-74.006,1989,35,Clear,24.7,0.0,0,99.45,79.55
2026-09-09 09:00:00,R101,Highway,2000,40.7128,-74.006,1894,37,Clear,24.7,0.0,0,94.7,99.45
2026-09-09 10:00:00,R101,Highway,2000,40.7128,-74.006,1306,17,Clear,24.7,0.0,1,65.3,94.7
2026-09-09 11:00:00,R101,Highway,2000,40.7128,-74.006,1110,68,Clear,24.7,0.0,0,55.5,65.3
2026-09-09 12:00:00,R101,Highway,2000,40.7128,-74.006,1159,65,Clear,24.7,0.0,0,57.95,55.5
2026-09-09 13:00:00,R101,Highway,2000,40.7128,-74.006,1190,64,Clear,24.7,0.0,0,59.5,57.95
2026-09-09 14:00:00,R101,Highway,2000,40.7128,-74.006,1312,58,Clear,24.7,0.0,0,65.6,59.5
2026-09-09 15:00:00,R101,Highway,2000,40.7128,-74.006,1182,64,Clear,24.7,0.0,0,59.1,65.6
2026-09-09 16:00:00,R101,Highway,2000,40.7128,-74.006,1747,42,Clear,24.7,0.0,0,87.35,59.1
2026-09-09 17:00:00,R101,Highway,2000,40.7128,-74.006,2062,33,Clear,24.7,0.0,0,103.1,87.35
2026-09-09 18:00:00,R101,Highway,2000,40.7128,-74.006,1671,44,Clear,24.7,0.0,0,83.55,103.1
2026-09-09 19:00:00,R101,Highway,2000,40.7128,-74.006,1631,46,Clear,24.7,0.0,0,81.55,83.55
2026-09-09 20:00:00,R101,Highway,2000,40.7128,-74.006,393,100,Clear,24.7,0.0,0,19.65,81.55
2026-09-09 21:00:00,R101,Highway,2000,40.7128,-74.006,376,100,Clear,24.7,0.0,0,18.8,19.65
2026-09-09 22:00:00,R101,Highway,2000,40.7128,-74.006,401,100,Clear,24.7,0.0,0,20.05,18.8
2026-09-09 23:00:00,R101,Highway,2000,40.7128,-74.006,348,100,Clear,24.7,0.0,0,17.4,20.05
2026-09-10 00:00:00,R101,Highway,2000,40.7128,-74.006,405,100,Clear,20.1,0.0,0,20.25,17.4
2026-09-10 01:00:00,R101,Highway,2000,40.7128,-74.006,440,100,Clear,20.1,0.0,0,22.0,20.25
2026-09-10 02:00:00,R101,Highway,2000,40.7128,-74.006,351,100,Clear,20.1,0.0,0,17.55,22.0
2026-09-10 03:00:00,R101,Highway,2000,40.7128,-74.006,387,100,Clear,20.1,0.0,0,19.35,17.55
2026-09-10 04:00:00,R101,Highway,2000,40.7128,-74.006,432,100,Clear,20.1,0.0,0,21.6,19.35
2026-09-10 05:00:00,R101,Highway,2000,40.7128,-74.006,376,100,Clear,20.1,0.0,0,18.8,21.6
2026-09-10 06:00:00,R101,Highway,2000,40.7128,-74.006,406,100,Clear,20.1,0.0,0,20.3,18.8
2026-09-10 07:00:00,R101,Highway,2000,40.7128,-74.006,1675,44,Clear,20.1,0.0,0,83.75,20.3
2026-09-10 08:00:00,R101,Highway,2000,40.7128,-74.006,1852,39,Clear,20.1,0.0,0,92.6,83.75
2026-09-10 09:00:00,R101,Highway,2000,40.7128,-74.006,1707,43,Clear,20.1,0.0,0,85.35,92.6
2026-09-10 10:00:00,R101,Highway,2000,40.7128,-74.006,1322,58,Clear,20.1,0.0,0,66.1,85.35
2026-09-10 11:00:00,R101,Highway,2000,40.7128,-74.006,1222,62,Clear,20.1,0.0,0,61.1,66.1
2026-09-10 12:00:00,R101,Highway,2000,40.7128,-74.006,1217,62,Clear,20.1,0.0,0,60.85,61.1
2026-09-10 13:00:00,R101,Highway,2000,40.7128,-74.006,1336,57,Clear,20.1,0.0,0,66.8,60.85
2026-09-10 14:00:00,R101,Highway,2000,40.7128,-74.006,1200,63,Clear,20.1,0.0,0,60.0,66.8
2026-09-10 15:00:00,R101,Highway,2000,40.7128,-74.006,1308,58,Clear,20.1,0.0,0,65.4,60.0
2026-09-10 16:00:00,R101,Highway,2000,40.7128,-74.006,2031,34,Clear,20.1,0.0,0,101.55,65.4
2026-09-10 17:00:00,R101,Highway,2000,40.7128,-74.006,1676,44,Clear,20.1,0.0,0,83.8,101.55
2026-09-10 18:00:00,R101,Highway,2000,40.7128,-74.006,1689,44,Clear,20.1,0.0,0,84.45,83.8
2026-09-10 19:00:00,R101,Highway,2000,40.7128,-74.006,2092,32,Clear,20.1,0.0,0,104.6,84.45
2026-09-10 20:00:00,R101,Highway,2000,40.7128,-74.006,408,100,Clear,20.1,0.0,0,20.4,104.6
2026-09-10 21:00:00,R101,Highway,2000,40.7128,-74.006,419,100,Clear,20.1,0.0,0,20.95,20.4
2026-09-10 22:00:00,R101,Highway,2000,40.7128,-74.006,372,100,Clear,20.1,0.0,0,18.6,20.95
2026-09-10 23:00:00,R101,Highway,2000,40.7128,-74.006,372,100,Clear,20.1,0.0,0,18.6,18.6
2026-09-11 00:00:00,R101,Highway,2000,40.7128,-74.006,457,100,Clear,22.1,0.0,0,22.85,18.6
2026-09-11 01:00:00,R101,Highway,2000,40.7128,-74.006,365,100,Clear,22.1,0.0,0,18.25,22.85
2026-09-11 02:00:00,R101,Highway,2000,40.7128,-74.006,385,100,Clear,22.1,0.0,0,19.25,18.25
2026-09-11 03:00:00,R101,Highway,2000,40.7128,-74.006,367,100,Clear,22.1,0.0,0,18.35,19.25
2026-09-11 04:00:00,R101,Highway,2000,40.7128,-74.006,436,100,Clear,22.1,0.0,0,21.8,18.35
2026-09-11 05:00:00,R101,Highway,2000,40.7128,-74.006,372,100,Clear,22.1,0.0,0,18.6,21.8
2026-09-11 06:00:00,R101,Highway,2000,40.7128,-74.006,372,100,Clear,22.1,0.0,0,18.6,18.6
2026-09-11 07:00:00,R101,Highway,2000,40.7128,-74.006,1670,44,Clear,22.1,0.0,0,83.5,18.6
2026-09-11 08:00:00,R101,Highway,2000,40.7128,-74.006,2053,33,Clear,22.1,0.0,0,102.65,83.5
2026-09-11 09:00:00,R101,Highway,2000,40.7128,-74.006,1762,41,Clear,22.1,0.0,0,88.1,102.65
2026-09-11 10:00:00,R101,Highway,2000,40.7128,-74.006,1216,63,Clear,22.1,0.0,0,60.8,88.1
2026-09-11 11:00:00,R101,Highway,2000,40.7128,-74.006,1061,70,Clear,22.1,0.0,0,53.05,60.8
2026-09-11 12:00:00,R101,Highway,2000,40.7128,-74.006,1197,63,Clear,22.1,0.0,0,59.85,53.05
2026-09-11 13:00:00,R101,Highway,2000,40.7128,-74.006,1189,64,Clear,22.1,0.0,0,59.45,59.85
2026-09-11 14:00:00,R101,Highway,2000,40.7128,-74.006,1367,56,Clear,22.1,0.0,0,68.35,59.45
2026-09-11 15:00:00,R101,Highway,2000,40.7128,-74.006,1084,69,Clear,22.1,0.0,0,54.2,68.35
2026-09-11 16:00:00,R101,Highway,2000,40.7128,-74.006,1876,38,Clear,22.1,0.0,0,93.8,54.2
2026-09-11 17:00:00,R101,Highway,2000,40.7128,-74.006,1799,40,Clear,22.1,0.0,0,89.95,93.8
2026-09-11 18:00:00,R101,Highway,2000,40.7128,-74.006,1745,42,Clear,22.1,0.0,0,87.25,89.95
2026-09-11 19:00:00,R101,Highway,2000,40.7128,-74.006,1941,36,Clear,22.1,0.0,0,97.05,87.25
2026-09-11 20:00:00,R101,Highway,2000,40.7128,-74.006,360,100,Clear,22.1,0.0,0,18.0,97.05
2026-09-11 21:00:00,R101,Highway,2000,40.7128,-74.006,347,100,Clear,22.1,0.0,0,17.35,18.0
2026-09-11 22:00:00,R101,Highway,2000,40.7128,-74.006,444,100,Clear,22.1,0.0,0,22.2,17.35
2026-09-11 23:00:00,R101,Highway,2000,40.7128,-74.006,371,100,Clear,22.1,0.0,0,18.55,22.2
2026-09-12 00:00:00,R101,Highway,2000,40.7128,-74.006,402,100,Cloudy,24.4,0.0,0,20.1,18.55
2026-09-12 01:00:00,R101,Highway,2000,40.7128,-74.006,349,100,Cloudy,24.4,0.0,0,17.45,20.1
2026-09-12 02:00:00,R101,Highway,2000,40.7128,-74.006,433,100,Cloudy,24.4,0.0,0,21.65,17.45
2026-09-12 03:00:00,R101,Highway,2000,40.7128,-74.006,448,100,Cloudy,24.4,0.0,0,22.4,21.65
2026-09-12 04:00:00,R101,Highway,2000,40.7128,-74.006,376,100,Cloudy,24.4,0.0,0,18.8,22.4
2026-09-12 05:00:00,R101,Highway,2000,40.7128,-74.006,421,100,Cloudy,24.4,0.0,0,21.05,18.8
2026-09-12 06:00:00,R101,Highway,2000,40.7128,-74.006,357,100,Cloudy,24.4,0.0,0,17.85,21.05
2026-09-12 07:00:00,R101,Highway,2000,40.7128,-74.006,351,100,Cloudy,24.4,0.0,0,17.55,17.85
2026-09-12 08:00:00,R101,Highway,2000,40.7128,-74.006,420,100,Cloudy,24.4,0.0,0,21.0,17.55
2026-09-12 09:00:00,R101,Highway,2000,40.7128,-74.006,374,100,Cloudy,24.4,0.0,0,18.7,21.0
2026-09-12 10:00:00,R101,Highway,2000,40.7128,-74.006,441,100,Cloudy,24.4,0.0,0,22.05,18.7
2026-09-12 11:00:00,R101,Highway,2000,40.7128,-74.006,1535,49,Cloudy,24.4,0.0,0,76.75,22.05
2026-09-12 12:00:00,R101,Highway,2000,40.7128,-74.006,1595,47,Cloudy,24.4,0.0,0,79.75,76.75
2026-09-12 13:00:00,R101,Highway,2000,40.7128,-74.006,1601,47,Cloudy,24.4,0.0,0,80.05,79.75
2026-09-12 14:00:00,R101,Highway,2000,40.7128,-74.006,1416,54,Cloudy,24.4,0.0,0,70.8,80.05
2026-09-12 15:00:00,R101,Highway,2000,40.7128,-74.006,1545,49,Cloudy,24.4,0.0,0,77.25,70.8
2026-09-12 16:00:00,R101,Highway,2000,40.7128,-74.006,1135,66,Cloudy,24.4,0.0,0,56.75,77.25
2026-09-12 17:00:00,R101,Highway,2000,40.7128,-74.006,1188,64,Cloudy,24.4,0.0,0,59.4,56.75
2026-09-12 18:00:00,R101,Highway,2000,40.7128,-74.006,1372,56,Cloudy,24.4,0.0,0,68.6,59.4
2026-09-12 19:00:00,R101,Highway,2000,40.7128,-74.006,1062,70,Cloudy,24.4,0.0,0,53.1,68.6
2026-09-12 20:00:00,R101,Highway,2000,40.7128,-74.006,1290,59,Cloudy,24.4,0.0,0,64.5,53.1
2026-09-12 21:00:00,R101,Highway,2000,40.7128,-74.006,400,100,Cloudy,24.4,0.0,0,20.0,64.5
2026-09-12 22:00:00,R101,Highway,2000,40.7128,-74.006,351,100,Cloudy,24.4,0.0,0,17.55,20.0
2026-09-12 23:00:00,R101,Highway,2000,40.7128,-74.006,350,100,Cloudy,24.4,0.0,0,17.5,17.55
2026-09-13 00:00:00,R101,Highway,2000,40.7128,-74.006,399,100,Cloudy,17.0,0.0,0,19.95,17.5
2026-09-13 01:00:00,R101,Highway,2000,40.7128,-74.006,359,100,Cloudy,17.0,0.0,0,17.95,19.95
2026-09-13 02:00:00,R101,Highway,2000,40.7128,-74.006,448,100,Cloudy,17.0,0.0,0,22.4,17.95
2026-09-13 03:00:00,R101,Highway,2000,40.7128,-74.006,443,100,Cloudy,17.0,0.0,0,22.15,22.4
2026-09-13 04:00:00,R101,Highway,2000,40.7128,-74.006,369,100,Cloudy,17.0,0.0,0,18.45,22.15
2026-09-13 05:00:00,R101,Highway,2000,40.7128,-74.006,384,100,Cloudy,17.0,0.0,0,19.2,18.45
2026-09-13 06:00:00,R101,Highway,2000,40.7128,-74.006,359,100,Cloudy,17.0,0.0,0,17.95,19.2
2026-09-13 07:00:00,R101,Highway,2000,40.7128,-74.006,354,100,Cloudy,17.0,0.0,0,17.7,17.95
2026-09-13 08:00:00,R101,Highway,2000,40.7128,-74.006,423,100,Cloudy,17.0,0.0,0,21.15,17.7
2026-09-13 09:00:00,R101,Highway,2000,40.7128,-74.006,445,100,Cloudy,17.0,0.0,0,22.25,21.15
2026-09-13 10:00:00,R101,Highway,2000,40.7128,-74.006,422,100,Cloudy,17.0,0.0,0,21.1,22.25
2026-09-13 11:00:00,R101,Highway,2000,40.7128,-74.006,1575,48,Cloudy,17.0,0.0,0,78.75,21.1
2026-09-13 12:00:00,R101,Highway,2000,40.7128,-74.006,1289,59,Cloudy,17.0,0.0,0,64.45,78.75
2026-09-13 13:00:00,R101,Highway,2000,40.7128,-74.006,1423,53,Cloudy,17.0,0.0,0,71.15,64.45
2026-09-13 14:00:00,R101,Highway,2000,40.7128,-74.006,1589,47,Cloudy,17.0,0.0,0,79.45,71.15
2026-09-13 15:00:00,R101,Highway,2000,40.7128,-74.006,1543,49,Cloudy,17.0,0.0,0,77.15,79.45
2026-09-13 16:00:00,R101,Highway,2000,40.7128,-74.006,1276,60,Cloudy,17.0,0.0,0,63.8,77.15
2026-09-13 17:00:00,R101,Highway,2000,40.7128,-74.006,1202,63,Cloudy,17.0,0.0,0,60.1,63.8
2026-09-13 18:00:00,R101,Highway,2000,40.7128,-74.006,1214,63,Cloudy,17.0,0.0,0,60.7,60.1
2026-09-13 19:00:00,R101,Highway,2000,40.7128,-74.006,1046,71,Cloudy,17.0,0.0,0,52.3,60.7
2026-09-13 20:00:00,R101,Highway,2000,40.7128,-74.006,1271,60,Cloudy,17.0,0.0,0,63.55,52.3
2026-09-13 21:00:00,R101,Highway,2000,40.7128,-74.006,500,30,Cloudy,17.0,0.0,1,25.0,63.55
2026-09-13 22:00:00,R101,Highway,2000,40.7128,-74.006,458,100,Cloudy,17.0,0.0,0,22.9,25.0
2026-09-13 23:00:00,R101,Highway,2000,40.7128,-74.006,345,100,Cloudy,17.0,0.0,0,17.25,22.9
2026-09-14 00:00:00,R101,Highway,2000,40.7128,-74.006,425,100,Clear,22.4,0.0,0,21.25,17.25
2026-09-14 01:00:00,R101,Highway,2000,40.7128,-74.006,375,100,Clear,22.4,0.0,0,18.75,21.25
2026-09-14 02:00:00,R101,Highway,2000,40.7128,-74.006,368,100,Clear,22.4,0.0,0,18.4,18.75
2026-09-14 03:00:00,R101,Highway,2000,40.7128,-74.006,440,100,Clear,22.4,0.0,0,22.0,18.4
2026-09-14 04:00:00,R101,Highway,2000,40.7128,-74.006,414,100,Clear,22.4,0.0,0,20.7,22.0
2026-09-14 05:00:00,R101,Highway,2000,40.7128,-74.006,459,100,Clear,22.4,0.0,0,22.95,20.7
2026-09-14 06:00:00,R101,Highway,2000,40.7128,-74.006,350,100,Clear,22.4,0.0,0,17.5,22.95
2026-09-14 07:00:00,R101,Highway,2000,40.7128,-74.006,1783,41,Clear,22.4,0.0,0,89.15,17.5
2026-09-14 08:00:00,R101,Highway,2000,40.7128,-74.006,1959,36,Clear,22.4,0.0,0,97.95,89.15
2026-09-14 09:00:00,R101,Highway,2000,40.7128,-74.006,1721,43,Clear,22.4,0.0,0,86.05,97.95
2026-09-14 10:00:00,R101,Highway,2000,40.7128,-74.006,1209,63,Clear,22.4,0.0,0,60.45,86.05
2026-09-14 11:00:00,R101,Highway,2000,40.7128,-74.006,1157,65,Clear,22.4,0.0,0,57.85,60.45
2026-09-14 12:00:00,R101,Highway,2000,40.7128,-74.006,1094,69,Clear,22.4,0.0,0,54.7,57.85
2026-09-14 13:00:00,R101,Highway,2000,40.7128,-74.006,1021,72,Clear,22.4,0.0,0,51.05,54.7
2026-09-14 14:00:00,R101,Highway,2000,40.7128,-74.006,1101,68,Clear,22.4,0.0,0,55.05,51.05
2026-09-14 15:00:00,R101,Highway,2000,40.7128,-74.006,1099,68,Clear,22.4,0.0,0,54.95,55.05
2026-09-14 16:00:00,R101,Highway,2000,40.7128,-74.006,1788,41,Clear,22.4,0.0,0,89.4,54.95
2026-09-14 17:00:00,R101,Highway,2000,40.7128,-74.006,2055,33,Clear,22.4,0.0,0,102.75,89.4
2026-09-14 18:00:00,R101,Highway,2000,40.7128,-74.006,1987,35,Clear,22.4,0.0,0,99.35,102.75
2026-09-14 19:00:00,R101,Highway,2000,40.7128,-74.006,1977,35,Clear,22.4,0.0,0,98.85,99.35
2026-09-14 20:00:00,R101,Highway,2000,40.7128,-74.006,378,100,Clear,22.4,0.0,0,18.9,98.85
2026-09-14 21:00:00,R101,Highway,2000,40.7128,-74.006,446,100,Clear,22.4,0.0,0,22.3,18.9
2026-09-14 22:00:00,R101,Highway,2000,40.7128,-74.006,389,100,Clear,22.4,0.0,0,19.45,22.3
2026-09-14 23:00:00,R101,Highway,2000,40.7128,-74.006,374,100,Clear,22.4,0.0,0,18.7,19.45
2026-09-15 00:00:00,R101,Highway,2000,40.7128,-74.006,364,100,Clear,23.4,0.0,0,18.2,18.7
2026-09-15 01:00:00,R101,Highway,2000,40.7128,-74.006,439,100,Clear,23.4,0.0,0,21.95,18.2
2026-09-15 02:00:00,R101,Highway,2000,40.7128,-74.006,396,100,Clear,23.4,0.0,0,19.8,21.95
2026-09-15 03:00:00,R101,Highway,2000,40.7128,-74.006,387,100,Clear,23.4,0.0,0,19.35,19.8
2026-09-15 04:00:00,R101,Highway,2000,40.7128,-74.006,438,100,Clear,23.4,0.0,0,21.9,19.35
2026-09-15 05:00:00,R101,Highway,2000,40.7128,-74.006,398,100,Clear,23.4,0.0,0,19.9,21.9
2026-09-15 06:00:00,R101,Highway,2000,40.7128,-74.006,422,100,Clear,23.4,0.0,0,21.1,19.9
2026-09-15 07:00:00,R101,Highway,2000,40.7128,-74.006,1761,41,Clear,23.4,0.0,0,88.05,21.1
2026-09-15 08:00:00,R101,Highway,2000,40.7128,-74.006,2400,7,Clear,23.4,0.0,1,120.0,88.05
2026-09-15 09:00:00,R101,Highway,2000,40.7128,-74.006,1757,41,Clear,23.4,0.0,0,87.85,120.0
2026-09-15 10:00:00,R101,Highway,2000,40.7128,-74.006,1269,60,Clear,23.4,0.0,0,63.45,87.85
2026-09-15 11:00:00,R101,Highway,2000,40.7128,-74.006,1056,71,Clear,23.4,0.0,0,52.8,63.45
2026-09-15 12:00:00,R101,Highway,2000,40.7128,-74.006,1300,59,Clear,23.4,0.0,0,65.0,52.8
2026-09-15 13:00:00,R101,Highway,2000,40.7128,-74.006,1148,66,Clear,23.4,0.0,0,57.4,65.0
2026-09-15 14:00:00,R101,Highway,2000,40.7128,-74.006,1362,56,Clear,23.4,0.0,0,68.1,57.4
2026-09-15 15:00:00,R101,Highway,2000,40.7128,-74.006,1106,68,Clear,23.4,0.0,0,55.3,68.1
2026-09-15 16:00:00,R101,Highway,2000,40.7128,-74.006,1974,35,Clear,23.4,0.0,0,98.7,55.3
2026-09-15 17:00:00,R101,Highway,2000,40.7128,-74.006,1999,35,Clear,23.4,0.0,0,99.95,98.7
2026-09-15 18:00:00,R101,Highway,2000,40.7128,-74.006,1905,37,Clear,23.4,0.0,0,95.25,99.95
2026-09-15 19:00:00,R101,Highway,2000,40.7128,-74.006,1928,36,Clear,23.4,0.0,0,96.4,95.25
2026-09-15 20:00:00,R101,Highway,2000,40.7128,-74.006,343,100,Clear,23.4,0.0,0,17.15,96.4
2026-09-15 21:00:00,R101,Highway,2000,40.7128,-74.006,425,100,Clear,23.4,0.0,0,21.25,17.15
2026-09-15 22:00:00,R101,Highway,2000,40.7128,-74.006,351,100,Clear,23.4,0.0,0,17.55,21.25
2026-09-15 23:00:00,R101,Highway,2000,40.7128,-74.006,360,100,Clear,23.4,0.0,0,18.0,17.55
2026-09-16 00:00:00,R101,Highway,2000,40.7128,-74.006,364,100,Clear,24.2,0.0,0,18.2,18.0
2026-09-16 01:00:00,R101,Highway,2000,40.7128,-74.006,414,100,Clear,24.2,0.0,0,20.7,18.2
2026-09-16 02:00:00,R101,Highway,2000,40.7128,-74.006,357,100,Clear,24.2,0.0,0,17.85,20.7
2026-09-16 03:00:00,R101,Highway,2000,40.7128,-74.006,418,100,Clear,24.2,0.0,0,20.9,17.85
2026-09-16 04:00:00,R101,Highway,2000,40.7128,-74.006,411,100,Clear,24.2,0.0,0,20.55,20.9
2026-09-16 05:00:00,R101,Highway,2000,40.7128,-74.006,399,100,Clear,24.2,0.0,0,19.95,20.55
2026-09-16 06:00:00,R101,Highway,2000,40.7128,-74.006,455,100,Clear,24.2,0.0,0,22.75,19.95
2026-09-16 07:00:00,R101,Highway,2000,40.7128,-74.006,1758,41,Clear,24.2,0.0,0,87.9,22.75
2026-09-16 08:00:00,R101,Highway,2000,40.7128,-74.006,1880,38,Clear,24.2,0.0,0,94.0,87.9
2026-09-16 09:00:00,R101,Highway,2000,40.7128,-74.006,2049,33,Clear,24.2,0.0,0,102.45,94.0
2026-09-16 10:00:00,R101,Highway,2000,40.7128,-74.006,1370,56,Clear,24.2,0.0,0,68.5,102.45
2026-09-16 11:00:00,R101,Highway,2000,40.7128,-74.006,1158,65,Clear,24.2,0.0,0,57.9,68.5
2026-09-16 12:00:00,R101,Highway,2000,40.7128,-74.006,1210,63,Clear,24.2,0.0,0,60.5,57.9
2026-09-16 13:00:00,R101,Highway,2000,40.7128,-74.006,1143,66,Clear,24.2,0.0,0,57.15,60.5
2026-09-16 14:00:00,R101,Highway,2000,40.7128,-74.006,1206,63,Clear,24.2,0.0,0,60.3,57.15
2026-09-16 15:00:00,R101,Highway,2000,40.7128,-74.006,1333,57,Clear,24.2,0.0,0,66.65,60.3
2026-09-16 16:00:00,R101,Highway,2000,40.7128,-74.006,1814,40,Clear,24.2,0.0,0,90.7,66.65
2026-09-16 17:00:00,R101,Highway,2000,40.7128,-74.006,1938,36,Clear,24.2,0.0,0,96.9,90.7
2026-09-16 18:00:00,R101,Highway,2000,40.7128,-74.006,1938,36,Clear,24.2,0.0,0,96.9,96.9
2026-09-16 19:00:00,R101,Highway,2000,40.7128,-74.006,2112,32,Clear,24.2,0.0,0,105.6,96.9
2026-09-16 20:00:00,R101,Highway,2000,40.7128,-74.006,358,100,Clear,24.2,0.0,0,17.9,105.6
2026-09-16 21:00:00,R101,Highway,2000,40.7128,-74.006,341,100,Clear,24.2,0.0,0,17.05,17.9
2026-09-16 22:00:00,R101,Highway,2000,40.7128,-74.006,386,100,Clear,24.2,0.0,0,19.3,17.05
2026-09-16 23:00:00,R101,Highway,2000,40.7128,-74.006,449,100,Clear,24.2,0.0,0,22.45,19.3
2026-06-19 00:00:00,R102,Highway,1800,40.7135,-74.012,325,100,Clear,23.7,0.0,0,18.06,
2026-06-19 01:00:00,R102,Highway,1800,40.7135,-74.012,398,100,Clear,23.7,0.0,0,22.11,18.06
2026-06-19 02:00:00,R102,Highway,1800,40.7135,-74.012,410,100,Clear,23.7,0.0,0,22.78,22.11
2026-06-19 03:00:00,R102,Highway,1800,40.7135,-74.012,326,100,Clear,23.7,0.0,0,18.11,22.78
2026-06-19 04:00:00,R102,Highway,1800,40.7135,-74.012,381,100,Clear,23.7,0.0,0,21.17,18.11
2026-06-19 05:00:00,R102,Highway,1800,40.7135,-74.012,395,100,Clear,23.7,0.0,0,21.94,21.17
2026-06-19 06:00:00,R102,Highway,1800,40.7135,-74.012,377,100,Clear,23.7,0.0,0,20.94,21.94
2026-06-19 07:00:00,R102,Highway,1800,40.7135,-74.012,1854,33,Clear,23.7,0.0,0,103.0,20.94
2026-06-19 08:00:00,R102,Highway,1800,40.7135,-74.012,1615,40,Clear,23.7,0.0,0,89.72,103.0
2026-06-19 09:00:00,R102,Highway,1800,40.7135,-74.012,1843,33,Clear,23.7,0.0,0,102.39,89.72
2026-06-19 10:00:00,R102,Highway,1800,40.7135,-74.012,932,72,Clear,23.7,0.0,0,51.78,102.39
2026-06-19 11:00:00,R102,Highway,1800,40.7135,-74.012,1156,59,Clear,23.7,0.0,0,64.22,51.78
2026-06-19 12:00:00,R102,Highway,1800,40.7135,-74.012,1030,66,Clear,23.7,0.0,0,57.22,64.22
2026-06-19 13:00:00,R102,Highway,1800,40.7135,-74.012,1060,64,Clear,23.7,0.0,0,58.89,57.22
2026-06-19 14:00:00,R102,Highway,1800,40.7135,-74.012,1204,57,Clear,23.7,0.0,0,66.89,58.89
2026-06-19 15:00:00,R102,Highway,1800,40.7135,-74.012,1136,60,Clear,23.7,0.0,0,63.11,66.89
2026-06-19 16:00:00,R102,Highway,1800,40.7135,-74.012,1899,32,Clear,23.7,0.0,0,105.5,63.11
2026-06-19 17:00:00,R102,Highway,1800,40.7135,-74.012,1464,46,Clear,23.7,0.0,0,81.33,105.5
2026-06-19 18:00:00,R102,Highway,1800,40.7135,-74.012,1648,39,Clear,23.7,0.0,0,91.56,81.33
2026-06-19 19:00:00,R102,Highway,1800,40.7135,-74.012,1552,43,Clear,23.7,0.0,0,86.22,91.56
2026-06-19 20:00:00,R102,Highway,1800,40.7135,-74.012,307,100,Clear,23.7,0.0,0,17.06,86.22
2026-06-19 21:00:00,R102,Highway,1800,40.7135,-74.012,342,100,Clear,23.7,0.0,0,19.0,17.06
2026-06-19 22:00:00,R102,Highway,1800,40.7135,-74.012,373,100,Clear,23.7,0.0,0,20.72,19.0
2026-06-19 23:00:00,R102,Highway,1800,40.7135,-74.012,368,30,Clear,23.7,0.0,1,20.44,20.72
2026-06-20 00:00:00,R102,Highway,1800,40.7135,-74.012,370,100,Clear,30.5,0.0,0,20.56,20.44
2026-06-20 01:00:00,R102,Highway,1800,40.7135,-74.012,361,100,Clear,30.5,0.0,0,20.06,20.56
2026-06-20 02:00:00,R102,Highway,1800,40.7135,-74.012,405,100,Clear,30.5,0.0,0,22.5,20.06
2026-06-20 03:00:00,R102,Highway,1800,40.7135,-74.012,391,100,Clear,30.5,0.0,0,21.72,22.5
2026-06-20 04:00:00,R102,Highway,1800,40.7135,-74.012,403,100,Clear,30.5,0.0,0,22.39,21.72
2026-06-20 05:00:00,R102,Highway,1800,40.7135,-74.012,363,100,Clear,30.5,0.0,0,20.17,22.39
2026-06-20 06:00:00,R102,Highway,1800,40.7135,-74.012,395,100,Clear,30.5,0.0,0,21.94,20.17
2026-06-20 07:00:00,R102,Highway,1800,40.7135,-74.012,396,100,Clear,30.5,0.0,0,22.0,21.94
2026-06-20 08:00:00,R102,Highway,1800,40.7135,-74.012,326,100,Clear,30.5,0.0,0,18.11,22.0
2026-06-20 09:00:00,R102,Highway,1800,40.7135,-74.012,321,100,Clear,30.5,0.0,0,17.83,18.11
2026-06-20 10:00:00,R102,Highway,1800,40.7135,-74.012,359,100,Clear,30.5,0.0,0,19.94,17.83
2026-06-20 11:00:00,R102,Highway,1800,40.7135,-74.012,1078,63,Clear,30.5,0.0,0,59.89,19.94
2026-06-20 12:00:00,R102,Highway,1800,40.7135,-74.012,1157,59,Clear,30.5,0.0,0,64.28,59.89
2026-06-20 13:00:00,R102,Highway,1800,40.7135,-74.012,1155,59,Clear,30.5,0.0,0,64.17,64.28
2026-06-20 14:00:00,R102,Highway,1800,40.7135,-74.012,1164,59,Clear,30.5,0.0,0,64.67,64.17
2026-06-20 15:00:00,R102,Highway,1800,40.7135,-74.012,1170,59,Clear,30.5,0.0,0,65.0,64.67
2026-06-20 16:00:00,R102,Highway,1800,40.7135,-74.012,1151,60,Clear,30.5,0.0,0,63.94,65.0
2026-06-20 17:00:00,R102,Highway,1800,40.7135,-74.012,1232,56,Clear,30.5,0.0,0,68.44,63.94
2026-06-20 18:00:00,R102,Highway,1800,40.7135,-74.012,1060,64,Clear,30.5,0.0,0,58.89,68.44
2026-06-20 19:00:00,R102,Highway,1800,40.7135,-74.012,919,72,Clear,30.5,0.0,0,51.06,58.89
2026-06-20 20:00:00,R102,Highway,1800,40.7135,-74.012,1029,66,Clear,30.5,0.0,0,57.17,51.06
2026-06-20 21:00:00,R102,Highway,1800,40.7135,-74.012,330,100,Clear,30.5,0.0,0,18.33,57.17
2026-06-20 22:00:00,R102,Highway,1800,40.7135,-74.012,347,100,Clear,30.5,0.0,0,19.28,18.33
2026-06-20 23:00:00,R102,Highway,1800,40.7135,-74.012,328,100,Clear,30.5,0.0,0,18.22,19.28
2026-06-21 00:00:00,R102,Highway,1800,40.7135,-74.012,382,100,Cloudy,21.5,0.0,0,21.22,18.22
2026-06-21 01:00:00,R102,Highway,1800,40.7135,-74.012,412,100,Cloudy,21.5,0.0,0,22.89,21.22
2026-06-21 02:00:00,R102,Highway,1800,40.7135,-74.012,351,100,Cloudy,21.5,0.0,0,19.5,22.89
2026-06-21 03:00:00,R102,Highway,1800,40.7135,-74.012,322,100,Cloudy,21.5,0.0,0,17.89,19.5
2026-06-21 04:00:00,R102,Highway,1800,40.7135,-74.012,324,100,Cloudy,21.5,0.0,0,18.0,17.89
2026-06-21 05:00:00,R102,Highway,1800,40.7135,-74.012,372,100,Cloudy,21.5,0.0,0,20.67,18.0
2026-06-21 06:00:00,R102,Highway,1800,40.7135,-74.012,312,100,Cloudy,21.5,0.0,0,17.33,20.67
2026-06-21 07:00:00,R102,Highway,1800,40.7135,-74.012,393,100,Cloudy,21.5,0.0,0,21.83,17.33
2026-06-21 08:00:00,R102,Highway,1800,40.7135,-74.012,349,100,Cloudy,21.5,0.0,0,19.39,21.83
2026-06-21 09:00:00,R102,Highway,1800,40.7135,-74.012,383,100,Cloudy,21.5,0.0,0,21.28,19.39
2026-06-21 10:00:00,R102,Highway,1800,40.7135,-74.012,382,100,Cloudy,21.5,0.0,0,21.22,21.28
2026-06-21 11:00:00,R102,Highway,1800,40.7135,-74.012,1250,55,Cloudy,21.5,0.0,0,69.44,21.22
2026-06-21 12:00:00,R102,Highway,1800,40.7135,-74.012,1085,63,Cloudy,21.5,0.0,0,60.28,69.44
2026-06-21 13:00:00,R102,Highway,1800,40.7135,-74.012,1261,54,Cloudy,21.5,0.0,0,70.06,60.28
2026-06-21 14:00:00,R102,Highway,1800,40.7135,-74.012,1082,63,Cloudy,21.5,0.0,0,60.11,70.06
2026-06-21 15:00:00,R102,Highway,1800,40.7135,-74.012,1448,46,Cloudy,21.5,0.0,0,80.44,60.11
2026-06-21 16:00:00,R102,Highway,1800,40.7135,-74.012,1116,61,Cloudy,21.5,0.0,0,62.0,80.44
2026-06-21 17:00:00,R102,Highway,1800,40.7135,-74.012,1163,59,Cloudy,21.5,0.0,0,64.61,62.0
2026-06-21 18:00:00,R102,Highway,1800,40.7135,-74.012,1208,57,Cloudy,21.5,0.0,0,67.11,64.61
2026-06-21 19:00:00,R102,Highway,1800,40.7135,-74.012,987,68,Cloudy,21.5,0.0,0,54.83,67.11
2026-06-21 20:00:00,R102,Highway,1800,40.7135,-74.012,1170,59,Cloudy,21.5,0.0,0,65.0,54.83
2026-06-21 21:00:00,R102,Highway,1800,40.7135,-74.012,395,100,Cloudy,21.5,0.0,0,21.94,65.0
2026-06-21 22:00:00,R102,Highway,1800,40.7135,-74.012,441,30,Cloudy,21.5,0.0,1,24.5,21.94
2026-06-21 23:00:00,R102,Highway,1800,40.7135,-74.012,315,100,Cloudy,21.5,0.0,0,17.5,24.5
2026-06-22 00:00:00,R102,Highway,1800,40.7135,-74.012,395,100,Clear,33.2,0.0,0,21.94,17.5
2026-06-22 01:00:00,R102,Highway,1800,40.7135,-74.012,405,100,Clear,33.2,0.0,0,22.5,21.94
2026-06-22 02:00:00,R102,Highway,1800,40.7135,-74.012,336,100,Clear,33.2,0.0,0,18.67,22.5
2026-06-22 03:00:00,R102,Highway,1800,40.7135,-74.012,398,100,Clear,33.2,0.0,0,22.11,18.67
2026-06-22 04:00:00,R102,Highway,1800,40.7135,-74.012,409,100,Clear,33.2,0.0,0,22.72,22.11
2026-06-22 05:00:00,R102,Highway,1800,40.7135,-74.012,381,100,Clear,33.2,0.0,0,21.17,22.72
2026-06-22 06:00:00,R102,Highway,1800,40.7135,-74.012,396,100,Clear,33.2,0.0,0,22.0,21.17
2026-06-22 07:00:00,R102,Highway,1800,40.7135,-74.012,1740,36,Clear,33.2,0.0,0,96.67,22.0
2026-06-22 08:00:00,R102,Highway,1800,40.7135,-74.012,1518,44,Clear,33.2,0.0,0,84.33,96.67
2026-06-22 09:00:00,R102,Highway,1800,40.7135,-74.012,1697,38,Clear,33.2,0.0,0,94.28,84.33
2026-06-22 10:00:00,R102,Highway,1800,40.7135,-74.012,1168,59,Clear,33.2,0.0,0,64.89,94.28
2026-06-22 11:00:00,R102,Highway,1800,40.7135,-74.012,1089,63,Clear,33.2,0.0,0,60.5,64.89
2026-06-22 12:00:00,R102,Highway,1800,40.7135,-74.012,1017,67,Clear,33.2,0.0,0,56.5,60.5
2026-06-22 13:00:00,R102,Highway,1800,40.7135,-74.012,946,71,Clear,33.2,0.0,0,52.56,56.5
2026-06-22 14:00:00,R102,Highway,1800,40.7135,-74.012,1109,62,Clear,33.2,0.0,0,61.61,52.56
2026-06-22 15:00:00,R102,Highway,1800,40.7135,-74.012,1097,62,Clear,33.2,0.0,0,60.94,61.61
2026-06-22 16:00:00,R102,Highway,1800,40.7135,-74.012,1614,40,Clear,33.2,0.0,0,89.67,60.94
2026-06-22 17:00:00,R102,Highway,1800,40.7135,-74.012,1529,43,Clear,33.2,0.0,0,84.94,89.67
2026-06-22 18:00:00,R102,Highway,1800,40.7135,-74.012,1543,43,Clear,33.2,0.0,0,85.72,84.94
2026-06-22 19:00:00,R102,Highway,1800,40.7135,-74.012,1758,36,Clear,33.2,0.0,0,97.67,85.72
2026-06-22 20:00:00,R102,Highway,1800,40.7135,-74.012,326,100,Clear,33.2,0.0,0,18.11,97.67
2026-06-22 21:00:00,R102,Highway,1800,40.7135,-74.012,377,100,Clear,33.2,0.0,0,20.94,18.11
2026-06-22 22:00:00,R102,Highway,1800,40.7135,-74.012,308,100,Clear,33.2,0.0,0,17.11,20.94
2026-06-22 23:00:00,R102,Highway,1800,40.7135,-74.012,388,100,Clear,33.2,0.0,0,21.56,17.11
2026-06-23 00:00:00,R102,Highway,1800,40.7135,-74.012,359,100,Clear,22.2,0.0,0,19.94,21.56
2026-06-23 01:00:00,R102,Highway,1800,40.7135,-74.012,312,100,Clear,22.2,0.0,0,17.33,19.94
2026-06-23 02:00:00,R102,Highway,1800,40.7135,-74.012,350,100,Clear,22.2,0.0,0,19.44,17.33
2026-06-23 03:00:00,R102,Highway,1800,40.7135,-74.012,412,100,Clear,22.2,0.0,0,22.89,19.44
2026-06-23 04:00:00,R102,Highway,1800,40.7135,-74.012,335,100,Clear,22.2,0.0,0,18.61,22.89
2026-06-23 05:00:00,R102,Highway,1800,40.7135,-74.012,377,100,Clear,22.2,0.0,0,20.94,18.61
2026-06-23 06:00:00,R102,Highway,1800,40.7135,-74.012,377,100,Clear,22.2,0.0,0,20.94,20.94
2026-06-23 07:00:00,R102,Highway,1800,40.7135,-74.012,1822,34,Clear,22.2,0.0,0,101.22,20.94
2026-06-23 08:00:00,R102,Highway,1800,40.7135,-74.012,1700,38,Clear,22.2,0.0,0,94.44,101.22
2026-06-23 09:00:00,R102,Highway,1800,40.7135,-74.012,1544,43,Clear,22.2,0.0,0,85.78,94.44
2026-06-23 10:00:00,R102,Highway,1800,40.7135,-74.012,1233,56,Clear,22.2,0.0,0,68.5,85.78
2026-06-23 11:00:00,R102,Highway,1800,40.7135,-74.012,1161,59,Clear,22.2,0.0,0,64.5,68.5
2026-06-23 12:00:00,R102,Highway,1800,40.7135,-74.012,1211,57,Clear,22.2,0.0,0,67.28,64.5
2026-06-23 13:00:00,R102,Highway,1800,40.7135,-74.012,1001,68,Clear,22.2,0.0,0,55.61,67.28
2026-06-23 14:00:00,R102,Highway,1800,40.7135,-74.012,1241,55,Clear,22.2,0.0,0,68.94,55.61
2026-06-23 15:00:00,R102,Highway,1800,40.7135,-74.012,968,70,Clear,22.2,0.0,0,53.78,68.94
2026-06-23 16:00:00,R102,Highway,1800,40.7135,-74.012,1880,32,Clear,22.2,0.0,0,104.44,53.78
2026-06-23 17:00:00,R102,Highway,1800,40.7135,-74.012,1575,42,Clear,22.2,0.0,0,87.5,104.44
2026-06-23 18:00:00,R102,Highway,1800,40.7135,-74.012,1852,33,Clear,22.2,0.0,0,102.89,87.5
2026-06-23 19:00:00,R102,Highway,1800,40.7135,-74.012,1625,40,Clear,22.2,0.0,0,90.28,102.89
2026-06-23 20:00:00,R102,Highway,1800,40.7135,-74.012,320,100,Clear,22.2,0.0,0,17.78,90.28
2026-06-23 21:00:00,R102,Highway,1800,40.7135,-74.012,410,100,Clear,22.2,0.0,0,22.78,17.78
2026-06-23 22:00:00,R102,Highway,1800,40.7135,-74.012,397,100,Clear,22.2,0.0,0,22.06,22.78
2026-06-23 23:00:00,R102,Highway,1800,40.7135,-74.012,370,100,Clear,22.2,0.0,0,20.56,22.06
2026-06-24 00:00:00,R102,Highway,1800,40.7135,-74.012,363,100,Cloudy,22.0,0.0,0,20.17,20.56
2026-06-24 01:00:00,R102,Highway,1800,40.7135,-74.012,312,100,Cloudy,22.0,0.0,0,17.33,20.17
2026-06-24 02:00:00,R102,Highway,1800,40.7135,-74.012,310,100,Cloudy,22.0,0.0,0,17.22,17.33
2026-06-24 03:00:00,R102,Highway,1800,40.7135,-74.012,413,100,Cloudy,22.0,0.0,0,22.94,17.22
2026-06-24 04:00:00,R102,Highway,1800,40.7135,-74.012,391,100,Cloudy,22.0,0.0,0,21.72,22.94
2026-06-24 05:00:00,R102,Highway,1800,40.7135,-74.012,366,100,Cloudy,22.0,0.0,0,20.33,21.72
2026-06-24 06:00:00,R102,Highway,1800,40.7135,-74.012,327,100,Cloudy,22.0,0.0,0,18.17,20.33
2026-06-24 07:00:00,R102,Highway,1800,40.7135,-74.012,1594,41,Cloudy,22.0,0.0,0,88.56,18.17
2026-06-24 08:00:00,R102,Highway,1800,40.7135,-74.012,1757,36,Cloudy,22.0,0.0,0,97.61,88.56
2026-06-24 09:00:00,R102,Highway,1800,40.7135,-74.012,1619,40,Cloudy,22.0,0.0,0,89.94,97.61
2026-06-24 10:00:00,R102,Highway,1800,40.7135,-74.012,996,68,Cloudy,22.0,0.0,0,55.33,89.94
2026-06-24 11:00:00,R102,Highway,1800,40.7135,-74.012,1030,66,Cloudy,22.0,0.0,0,57.22,55.33
2026-06-24 12:00:00,R102,Highway,1800,40.7135,-74.012,966,70,Cloudy,22.0,0.0,0,53.67,57.22
2026-06-24 13:00:00,R102,Highway,1800,40.7135,-74.012,1160,59,Cloudy,22.0,0.0,0,64.44,53.67
2026-06-24 14:00:00,R102,Highway,1800,40.7135,-74.012,1214,57,Cloudy,22.0,0.0,0,67.44,64.44
2026-06-24 15:00:00,R102,Highway,1800,40.7135,-74.012,1156,59,Cloudy,22.0,0.0,0,64.22,67.44
2026-06-24 16:00:00,R102,Highway,1800,40.7135,-74.012,1708,37,Cloudy,22.0,0.0,0,94.89,64.22
2026-06-24 17:00:00,R102,Highway,1800,40.7135,-74.012,1638,40,Cloudy,22.0,0.0,0,91.0,94.89
2026-06-24 18:00:00,R102,Highway,1800,40.7135,-74.012,1757,36,Cloudy,22.0,0.0,0,97.61,91.0
2026-06-24 19:00:00,R102,Highway,1800,40.7135,-74.012,1845,33,Cloudy,22.0,0.0,0,102.5,97.61
2026-06-24 20:00:00,R102,Highway,1800,40.7135,-74.012,389,100,Cloudy,22.0,0.0,0,21.61,102.5
2026-06-24 21:00:00,R102,Highway,1800,40.7135,-74.012,359,100,Cloudy,22.0,0.0,0,19.94,21.61
2026-06-24 22:00:00,R102,Highway,1800,40.7135,-74.012,326,100,Cloudy,22.0,0.0,0,18.11,19.94
2026-06-24 23:00:00,R102,Highway,1800,40.7135,-74.012,375,30,Cloudy,22.0,0.0,1,20.83,18.11
2026-06-25 00:00:00,R102,Highway,1800,40.7135,-74.012,338,100,Clear,32.0,0.0,0,18.78,20.83
2026-06-25 01:00:00,R102,Highway,1800,40.7135,-74.012,390,100,Clear,32.0,0.0,0,21.67,18.78
2026-06-25 02:00:00,R102,Highway,1800,40.7135,-74.012,391,100,Clear,32.0,0.0,0,21.72,21.67
2026-06-25 03:00:00,R102,Highway,1800,40.7135,-74.012,389,100,Clear,32.0,0.0,0,21.61,21.72
2026-06-25 04:00:00,R102,Highway,1800,40.7135,-74.012,336,100,Clear,32.0,0.0,0,18.67,21.61
2026-06-25 05:00:00,R102,Highway,1800,40.7135,-74.012,350,100,Clear,32.0,0.0,0,19.44,18.67
2026-06-25 06:00:00,R102,Highway,1800,40.7135,-74.012,332,100,Clear,32.0,0.0,0,18.44,19.44
2026-06-25 07:00:00,R102,Highway,1800,40.7135,-74.012,1799,35,Clear,32.0,0.0,0,99.94,18.44
2026-06-25 08:00:00,R102,Highway,1800,40.7135,-74.012,1695,38,Clear,32.0,0.0,0,94.17,99.94
2026-06-25 09:00:00,R102,Highway,1800,40.7135,-74.012,1435,47,Clear,32.0,0.0,0,79.72,94.17
2026-06-25 10:00:00,R102,Highway,1800,40.7135,-74.012,1015,67,Clear,32.0,0.0,0,56.39,79.72
2026-06-25 11:00:00,R102,Highway,1800,40.7135,-74.012,951,70,Clear,32.0,0.0,0,52.83,56.39
2026-06-25 12:00:00,R102,Highway,1800,40.7135,-74.012,1047,65,Clear,32.0,0.0,0,58.17,52.83
2026-06-25 13:00:00,R102,Highway,1800,40.7135,-74.012,1011,67,Clear,32.0,0.0,0,56.17,58.17
2026-06-25 14:00:00,R102,Highway,1800,40.7135,-74.012,1237,55,Clear,32.0,0.0,0,68.72,56.17
2026-06-25 15:00:00,R102,Highway,1800,40.7135,-74.012,1030,66,Clear,32.0,0.0,0,57.22,68.72
2026-06-25 16:00:00,R102,Highway,1800,40.7135,-74.012,1846,33,Clear,32.0,0.0,0,102.56,57.22
2026-06-25 17:00:00,R102,Highway,1800,40.7135,-74.012,1464,46,Clear,32.0,0.0,0,81.33,102.56
2026-06-25 18:00:00,R102,Highway,1800,40.7135,-74.012,1525,44,Clear,32.0,0.0,0,84.72,81.33
2026-06-25 19:00:00,R102,Highway,1800,40.7135,-74.012,1899,32,Clear,32.0,0.0,0,105.5,84.72
2026-06-25 20:00:00,R102,Highway,1800,40.7135,-74.012,342,100,Clear,32.0,0.0,0,19.0,105.5
2026-06-25 21:00:00,R102,Highway,1800,40.7135,-74.012,352,100,Clear,32.0,0.0,0,19.56,19.0
2026-06-25 22:00:00,R102,Highway,1800,40.7135,-74.012,348,100,Clear,32.0,0.0,0,19.33,19.56
2026-06-25 23:00:00,R102,Highway,1800,40.7135,-74.012,411,100,Clear,32.0,0.0,0,22.83,19.33
2026-06-26 00:00:00,R102,Highway,1800,40.7135,-74.012,413,100,Cloudy,20.0,0.0,0,22.94,22.83
2026-06-26 01:00:00,R102,Highway,1800,40.7135,-74.012,391,100,Cloudy,20.0,0.0,0,21.72,22.94
2026-06-26 02:00:00,R102,Highway,1800,40.7135,-74.012,410,100,Cloudy,20.0,0.0,0,22.78,21.72
2026-06-26 03:00:00,R102,Highway,1800,40.7135,-74.012,350,100,Cloudy,20.0,0.0,0,19.44,22.78
2026-06-26 04:00:00,R102,Highway,1800,40.7135,-74.012,333,100,Cloudy,20.0,0.0,0,18.5,19.44
2026-06-26 05:00:00,R102,Highway,1800,40.7135,-74.012,362,100,Cloudy,20.0,0.0,0,20.11,18.5
2026-06-26 06:00:00,R102,Highway,1800,40.7135,-74.012,374,100,Cloudy,20.0,0.0,0,20.78,20.11
2026-06-26 07:00:00,R102,Highway,1800,40.7135,-74.012,1467,46,Cloudy,20.0,0.0,0,81.5,20.78
2026-06-26 08:00:00,R102,Highway,1800,40.7135,-74.012,1457,46,Cloudy,20.0,0.0,0,80.94,81.5
2026-06-26 09:00:00,R102,Highway,1800,40.7135,-74.012,1603,41,Cloudy,20.0,0.0,0,89.06,80.94
2026-06-26 10:00:00,R102,Highway,1800,40.7135,-74.012,1125,61,Cloudy,20.0,0.0,0,62.5,89.06
2026-06-26 11:00:00,R102,Highway,1800,40.7135,-74.012,920,72,Cloudy,20.0,0.0,0,51.11,62.5
2026-06-26 12:00:00,R102,Highway,1800,40.7135,-74.012,1234,56,Cloudy,20.0,0.0,0,68.56,51.11
2026-06-26 13:00:00,R102,Highway,1800,40.7135,-74.012,1205,57,Cloudy,20.0,0.0,0,66.94,68.56
2026-06-26 14:00:00,R102,Highway,1800,40.7135,-74.012,1148,60,Cloudy,20.0,0.0,0,63.78,66.94
2026-06-26 15:00:00,R102,Highway,1800,40.7135,-74.012,1214,57,Cloudy,20.0,0.0,0,67.44,63.78
2026-06-26 16:00:00,R102,Highway,1800,40.7135,-74.012,1545,43,Cloudy,20.0,0.0,0,85.83,67.44
2026-06-26 17:00:00,R102,Highway,1800,40.7135,-74.012,1861,9,Cloudy,20.0,0.0,1,103.39,85.83
2026-06-26 18:00:00,R102,Highway,1800,40.7135,-74.012,1632,40,Cloudy,20.0,0.0,0,90.67,103.39
2026-06-26 19:00:00,R102,Highway,1800,40.7135,-74.012,1643,39,Cloudy,20.0,0.0,0,91.28,90.67
2026-06-26 20:00:00,R102,Highway,1800,40.7135,-74.012,405,100,Cloudy,20.0,0.0,0,22.5,91.28
2026-06-26 21:00:00,R102,Highway,1800,40.7135,-74.012,389,100,Cloudy,20.0,0.0,0,21.61,22.5
2026-06-26 22:00:00,R102,Highway,1800,40.7135,-74.012,407,100,Cloudy,20.0,0.0,0,22.61,21.61
2026-06-26 23:00:00,R102,Highway,1800,40.7135,-74.012,371,100,Cloudy,20.0,0.0,0,20.61,22.61
2026-06-27 00:00:00,R102,Highway,1800,40.7135,-74.012,312,80,Heavy Rain,11.5,6.9,0,17.33,20.61
2026-06-27 01:00:00,R102,Highway,1800,40.7135,-74.012,328,80,Heavy Rain,11.5,6.9,0,18.22,17.33
2026-06-27 02:00:00,R102,Highway,1800,40.7135,-74.012,284,80,Heavy Rain,11.5,6.9,0,15.78,18.22
2026-06-27 03:00:00,R102,Highway,1800,40.7135,-74.012,356,80,Heavy Rain,11.5,6.9,0,19.78,15.78
2026-06-27 04:00:00,R102,Highway,1800,40.7135,-74.012,301,80,Heavy Rain,11.5,6.9,0,16.72,19.78
2026-06-27 05:00:00,R102,Highway,1800,40.7135,-74.012,343,80,Heavy Rain,11.5,6.9,0,19.06,16.72
2026-06-27 06:00:00,R102,Highway,1800,40.7135,-74.012,294,80,Heavy Rain,11.5,6.9,0,16.33,19.06
2026-06-27 07:00:00,R102,Highway,1800,40.7135,-74.012,293,80,Heavy Rain,11.5,6.9,0,16.28,16.33
2026-06-27 08:00:00,R102,Highway,1800,40.7135,-74.012,324,80,Heavy Rain,11.5,6.9,0,18.0,16.28
2026-06-27 09:00:00,R102,Highway,1800,40.7135,-74.012,354,80,Heavy Rain,11.5,6.9,0,19.67,18.0
2026-06-27 10:00:00,R102,Highway,1800,40.7135,-74.012,367,80,Heavy Rain,11.5,6.9,0,20.39,19.67
2026-06-27 11:00:00,R102,Highway,1800,40.7135,-74.012,1306,12,Heavy Rain,11.5,6.9,1,72.56,20.39
2026-06-27 12:00:00,R102,Highway,1800,40.7135,-74.012,999,54,Heavy Rain,11.5,6.9,0,55.5,72.56
2026-06-27 13:00:00,R102,Highway,1800,40.7135,-74.012,1278,43,Heavy Rain,11.5,6.9,0,71.0,55.5
2026-06-27 14:00:00,R102,Highway,1800,40.7135,-74.012,1019,53,Heavy Rain,11.5,6.9,0,56.61,71.0
2026-06-27 15:00:00,R102,Highway,1800,40.7135,-74.012,1226,45,Heavy Rain,11.5,6.9,0,68.11,56.61
2026-06-27 16:00:00,R102,Highway,1800,40.7135,-74.012,954,56,Heavy Rain,11.5,6.9,0,53.0,68.11
2026-06-27 17:00:00,R102,Highway,1800,40.7135,-74.012,951,56,Heavy Rain,11.5,6.9,0,52.83,53.0
2026-06-27 18:00:00,R102,Highway,1800,40.7135,-74.012,1107,49,Heavy Rain,11.5,6.9,0,61.5,52.83
2026-06-27 19:00:00,R102,Highway,1800,40.7135,-74.012,851,61,Heavy Rain,11.5,6.9,0,47.28,61.5
2026-06-27 20:00:00,R102,Highway,1800,40.7135,-74.012,1292,12,Heavy Rain,11.5,6.9,1,71.78,47.28
2026-06-27 21:00:00,R102,Highway,1800,40.7135,-74.012,352,80,Heavy Rain,11.5,6.9,0,19.56,71.78
2026-06-27 22:00:00,R102,Highway,1800,40.7135,-74.012,333,80,Heavy Rain,11.5,6.9,0,18.5,19.56
2026-06-27 23:00:00,R102,Highway,1800,40.7135,-74.012,328,80,Heavy Rain,11.5,6.9,0,18.22,18.5
2026-06-28 00:00:00,R102,Highway,1800,40.7135,-74.012,310,100,Cloudy,21.6,0.0,0,17.22,18.22
2026-06-28 01:00:00,R102,Highway,1800,40.7135,-74.012,406,100,Cloudy,21.6,0.0,0,22.56,17.22
2026-06-28 02:00:00,R102,Highway,1800,40.7135,-74.012,402,100,Cloudy,21.6,0.0,0,22.33,22.56
2026-06-28 03:00:00,R102,Highway,1800,40.7135,-74.012,388,100,Cloudy,21.6,0.0,0,21.56,22.33
2026-06-28 04:00:00,R102,Highway,1800,40.7135,-74.012,322,100,Cloudy,21.6,0.0,0,17.89,21.56
2026-06-28 05:00:00,R102,Highway,1800,40.7135,-74.012,373,100,Cloudy,21.6,0.0,0,20.72,17.89
2026-06-28 06:00:00,R102,Highway,1800,40.7135,-74.012,406,100,Cloudy,21.6,0.0,0,22.56,20.72
2026-06-28 07:00:00,R102,Highway,1800,40.7135,-74.012,327,100,Cloudy,21.6,0.0,0,18.17,22.56
2026-06-28 08:00:00,R102,Highway,1800,40.7135,-74.012,360,100,Cloudy,21.6,0.0,0,20.0,18.17
2026-06-28 09:00:00,R102,Highway,1800,40.7135,-74.012,385,100,Cloudy,21.6,0.0,0,21.39,20.0
2026-06-28 10:00:00,R102,Highway,1800,40.7135,-74.012,395,100,Cloudy,21.6,0.0,0,21.94,21.39
2026-06-28 11:00:00,R102,Highway,1800,40.7135,-74.012,1244,55,Cloudy,21.6,0.0,0,69.11,21.94
2026-06-28 12:00:00,R102,Highway,1800,40.7135,-74.012,1236,55,Cloudy,21.6,0.0,0,68.67,69.11
2026-06-28 13:00:00,R102,Highway,1800,40.7135,-74.012,1165,59,Cloudy,21.6,0.0,0,64.72,68.67
2026-06-28 14:00:00,R102,Highway,1800,40.7135,-74.012,1213,57,Cloudy,21.6,0.0,0,67.39,64.72
2026-06-28 15:00:00,R102,Highway,1800,40.7135,-74.012,1433,47,Cloudy,21.6,0.0,0,79.61,67.39
2026-06-28 16:00:00,R102,Highway,1800,40.7135,-74.012,1010,67,Cloudy,21.6,0.0,0,56.11,79.61
2026-06-28 17:00:00,R102,Highway,1800,40.7135,-74.012,947,71,Cloudy,21.6,0.0,0,52.61,56.11
2026-06-28 18:00:00,R102,Highway,1800,40.7135,-74.012,1185,58,Cloudy,21.6,0.0,0,65.83,52.61
2026-06-28 19:00:00,R102,Highway,1800,40.7135,-74.012,930,72,Cloudy,21.6,0.0,0,51.67,65.83
2026-06-28 20:00:00,R102,Highway,1800,40.7135,-74.012,1008,67,Cloudy,21.6,0.0,0,56.0,51.67
2026-06-28 21:00:00,R102,Highway,1800,40.7135,-74.012,345,100,Cloudy,21.6,0.0,0,19.17,56.0
2026-06-28 22:00:00,R102,Highway,1800,40.7135,-74.012,411,100,Cloudy,21.6,0.0,0,22.83,19.17
2026-06-28 23:00:00,R102,Highway,1800,40.7135,-74.012,368,100,Cloudy,21.6,0.0,0,20.44,22.83
2026-06-29 00:00:00,R102,Highway,1800,40.7135,-74.012,384,100,Clear,27.3,0.0,0,21.33,20.44
2026-06-29 01:00:00,R102,Highway,1800,40.7135,-74.012,353,100,Clear,27.3,0.0,0,19.61,21.33
2026-06-29 02:00:00,R102,Highway,1800,40.7135,-74.012,366,100,Clear,27.3,0.0,0,20.33,19.61
2026-06-29 03:00:00,R102,Highway,1800,40.7135,-74.012,327,100,Clear,27.3,0.0,0,18.17,20.33
2026-06-29 04:00:00,R102,Highway,1800,40.7135,-74.012,349,100,Clear,27.3,0.0,0,19.39,18.17
2026-06-29 05:00:00,R102,Highway,1800,40.7135,-74.012,399,100,Clear,27.3,0.0,0,22.17,19.39
2026-06-29 06:00:00,R102,Highway,1800,40.7135,-74.012,323,100,Clear,27.3,0.0,0,17.94,22.17
2026-06-29 07:00:00,R102,Highway,1800,40.7135,-74.012,1559,42,Clear,27.3,0.0,0,86.61,17.94
2026-06-29 08:00:00,R102,Highway,1800,40.7135,-74.012,1550,43,Clear,27.3,0.0,0,86.11,86.61
2026-06-29 09:00:00,R102,Highway,1800,40.7135,-74.012,1545,43,Clear,27.3,0.0,0,85.83,86.11
2026-06-29 10:00:00,R102,Highway,1800,40.7135,-74.012,1042,65,Clear,27.3,0.0,0,57.89,85.83
2026-06-29 11:00:00,R102,Highway,1800,40.7135,-74.012,1150,60,Clear,27.3,0.0,0,63.89,57.89
2026-06-29 12:00:00,R102,Highway,1800,40.7135,-74.012,960,70,Clear,27.3,0.0,0,53.33,63.89
2026-06-29 13:00:00,R102,Highway,1800,40.7135,-74.012,1092,63,Clear,27.3,0.0,0,60.67,53.33
2026-06-29 14:00:00,R102,Highway,1800,40.7135,-74.012,961,70,Clear,27.3,0.0,0,53.39,60.67
2026-06-29 15:00:00,R102,Highway,1800,40.7135,-74.012,1089,63,Clear,27.3,0.0,0,60.5,53.39
2026-06-29 16:00:00,R102,Highway,1800,40.7135,-74.012,1752,36,Clear,27.3,0.0,0,97.33,60.5
2026-06-29 17:00:00,R102,Highway,1800,40.7135,-74.012,1581,42,Clear,27.3,0.0,0,87.83,97.33
2026-06-29 18:00:00,R102,Highway,1800,40.7135,-74.012,1830,34,Clear,27.3,0.0,0,101.67,87.83
2026-06-29 19:00:00,R102,Highway,1800,40.7135,-74.012,1662,39,Clear,27.3,0.0,0,92.33,101.67
2026-06-29 20:00:00,R102,Highway,1800,40.7135,-74.012,384,100,Clear,27.3,0.0,0,21.33,92.33
2026-06-29 21:00:00,R102,Highway,1800,40.7135,-74.012,365,100,Clear,27.3,0.0,0,20.28,21.33
2026-06-29 22:00:00,R102,Highway,1800,40.7135,-74.012,359,100,Clear,27.3,0.0,0,19.94,20.28
2026-06-29 23:00:00,R102,Highway,1800,40.7135,-74.012,363,100,Clear,27.3,0.0,0,20.17,19.94
2026-06-30 00:00:00,R102,Highway,1800,40.7135,-74.012,393,100,Clear,25.9,0.0,0,21.83,20.17
2026-06-30 01:00:00,R102,Highway,1800,40.7135,-74.012,402,100,Clear,25.9,0.0,0,22.33,21.83
2026-06-30 02:00:00,R102,Highway,1800,40.7135,-74.012,323,100,Clear,25.9,0.0,0,17.94,22.33
2026-06-30 03:00:00,R102,Highway,1800,40.7135,-74.012,339,100,Clear,25.9,0.0,0,18.83,17.94
2026-06-30 04:00:00,R102,Highway,1800,40.7135,-74.012,330,100,Clear,25.9,0.0,0,18.33,18.83
2026-06-30 05:00:00,R102,Highway,1800,40.7135,-74.012,331,100,Clear,25.9,0.0,0,18.39,18.33
2026-06-30 06:00:00,R102,Highway,1800,40.7135,-74.012,348,100,Clear,25.9,0.0,0,19.33,18.39
2026-06-30 07:00:00,R102,Highway,1800,40.7135,-74.012,1560,42,Clear,25.9,0.0,0,86.67,19.33
2026-06-30 08:00:00,R102,Highway,1800,40.7135,-74.012,1798,35,Clear,25.9,0.0,0,99.89,86.67
2026-06-30 09:00:00,R102,Highway,1800,40.7135,-74.012,1515,44,Clear,25.9,0.0,0,84.17,99.89
2026-06-30 10:00:00,R102,Highway,1800,40.7135,-74.012,934,72,Clear,25.9,0.0,0,51.89,84.17
2026-06-30 11:00:00,R102,Highway,1800,40.7135,-74.012,1225,56,Clear,25.9,0.0,0,68.06,51.89
2026-06-30 12:00:00,R102,Highway,1800,40.7135,-74.012,1147,60,Clear,25.9,0.0,0,63.72,68.06
2026-06-30 13:00:00,R102,Highway,1800,40.7135,-74.012,1010,67,Clear,25.9,0.0,0,56.11,63.72
2026-06-30 14:00:00,R102,Highway,1800,40.7135,-74.012,932,72,Clear,25.9,0.0,0,51.78,56.11
2026-06-30 15:00:00,R102,Highway,1800,40.7135,-74.012,1214,57,Clear,25.9,0.0,0,67.44,51.78
2026-06-30 16:00:00,R102,Highway,1800,40.7135,-74.012,1790,35,Clear,25.9,0.0,0,99.44,67.44
2026-06-30 17:00:00,R102,Highway,1800,40.7135,-74.012,1550,43,Clear,25.9,0.0,0,86.11,99.44
2026-06-30 18:00:00,R102,Highway,1800,40.7135,-74.012,1881,32,Clear,25.9,0.0,0,104.5,86.11
2026-06-30 19:00:00,R102,Highway,1800,40.7135,-74.012,1550,43,Clear,25.9,0.0,0,86.11,104.5
2026-06-30 20:00:00,R102,Highway,1800,40.7135,-74.012,397,100,Clear,25.9,0.0,0,22.06,86.11
2026-06-30 21:00:00,R102,Highway,1800,40.7135,-74.012,360,100,Clear,25.9,0.0,0,20.0,22.06
2026-06-30 22:00:00,R102,Highway,1800,40.7135,-74.012,341,100,Clear,25.9,0.0,0,18.94,20.0
2026-06-30 23:00:00,R102,Highway,1800,40.7135,-74.012,394,100,Clear,25.9,0.0,0,21.89,18.94
2026-07-01 00:00:00,R102,Highway,1800,40.7135,-74.012,352,100,Clear,24.7,0.0,0,19.56,21.89
2026-07-01 01:00:00,R102,Highway,1800,40.7135,-74.012,365,100,Clear,24.7,0.0,0,20.28,19.56
2026-07-01 02:00:00,R102,Highway,1800,40.7135,-74.012,363,100,Clear,24.7,0.0,0,20.17,20.28
2026-07-01 03:00:00,R102,Highway,1800,40.7135,-74.012,356,100,Clear,24.7,0.0,0,19.78,20.17
2026-07-01 04:00:00,R102,Highway,1800,40.7135,-74.012,314,100,Clear,24.7,0.0,0,17.44,19.78
2026-07-01 05:00:00,R102,Highway,1800,40.7135,-74.012,347,100,Clear,24.7,0.0,0,19.28,17.44
2026-07-01 06:00:00,R102,Highway,1800,40.7135,-74.012,429,30,Clear,24.7,0.0,1,23.83,19.28
2026-07-01 07:00:00,R102,Highway,1800,40.7135,-74.012,1571,42,Clear,24.7,0.0,0,87.28,23.83
2026-07-01 08:00:00,R102,Highway,1800,40.7135,-74.012,1434,47,Clear,24.7,0.0,0,79.67,87.28
2026-07-01 09:00:00,R102,Highway,1800,40.7135,-74.012,1835,33,Clear,24.7,0.0,0,101.94,79.67
2026-07-01 10:00:00,R102,Highway,1800,40.7135,-74.012,1180,58,Clear,24.7,0.0,0,65.56,101.94
2026-07-01 11:00:00,R102,Highway,1800,40.7135,-74.012,1194,57,Clear,24.7,0.0,0,66.33,65.56
2026-07-01 12:00:00,R102,Highway,1800,40.7135,-74.012,985,69,Clear,24.7,0.0,0,54.72,66.33
2026-07-01 13:00:00,R102,Highway,1800,40.7135,-74.012,1060,64,Clear,24.7,0.0,0,58.89,54.72
2026-07-01 14:00:00,R102,Highway,1800,40.7135,-74.012,1001,68,Clear,24.7,0.0,0,55.61,58.89
2026-07-01 15:00:00,R102,Highway,1800,40.7135,-74.012,1026,66,Clear,24.7,0.0,0,57.0,55.61
2026-07-01 16:00:00,R102,Highway,1800,40.7135,-74.012,1829,34,Clear,24.7,0.0,0,101.61,57.0
2026-07-01 17:00:00,R102,Highway,1800,40.7135,-74.012,1851,33,Clear,24.7,0.0,0,102.83,101.61
2026-07-01 18:00:00,R102,Highway,1800,40.7135,-74.012,1631,40,Clear,24.7,0.0,0,90.61,102.83
2026-07-01 19:00:00,R102,Highway,1800,40.7135,-74.012,2160,7,Clear,24.7,0.0,1,120.0,90.61
2026-07-01 20:00:00,R102,Highway,1800,40.7135,-74.012,350,100,Clear,24.7,0.0,0,19.44,120.0
2026-07-01 21:00:00,R102,Highway,1800,40.7135,-74.012,356,100,Clear,24.7,0.0,0,19.78,19.44
2026-07-01 22:00:00,R102,Highway,1800,40.7135,-74.012,359,100,Clear,24.7,0.0,0,19.94,19.78
2026-07-01 23:00:00,R102,Highway,1800,40.7135,-74.012,355,100,Clear,24.7,0.0,0,19.72,19.94
2026-07-02 00:00:00,R102,Highway,1800,40.7135,-74.012,399,100,Cloudy,18.9,0.0,0,22.17,19.72
2026-07-02 01:00:00,R102,Highway,1800,40.7135,-74.012,331,100,Cloudy,18.9,0.0,0,18.39,22.17
2026-07-02 02:00:00,R102,Highway,1800,40.7135,-74.012,319,100,Cloudy,18.9,0.0,0,17.72,18.39
2026-07-02 03:00:00,R102,Highway,1800,40.7135,-74.012,341,100,Cloudy,18.9,0.0,0,18.94,17.72
2026-07-02 04:00:00,R102,Highway,1800,40.7135,-74.012,330,100,Cloudy,18.9,0.0,0,18.33,18.94
2026-07-02 05:00:00,R102,Highway,1800,40.7135,-74.012,338,100,Cloudy,18.9,0.0,0,18.78,18.33
2026-07-02 06:00:00,R102,Highway,1800,40.7135,-74.012,387,100,Cloudy,18.9,0.0,0,21.5,18.78
2026-07-02 07:00:00,R102,Highway,1800,40.7135,-74.012,1769,35,Cloudy,18.9,0.0,0,98.28,21.5
2026-07-02 08:00:00,R102,Highway,1800,40.7135,-74.012,1699,38,Cloudy,18.9,0.0,0,94.39,98.28
2026-07-02 09:00:00,R102,Highway,1800,40.7135,-74.012,1815,34,Cloudy,18.9,0.0,0,100.83,94.39
2026-07-02 10:00:00,R102,Highway,1800,40.7135,-74.012,1079,63,Cloudy,18.9,0.0,0,59.94,100.83
2026-07-02 11:00:00,R102,Highway,1800,40.7135,-74.012,1181,58,Cloudy,18.9,0.0,0,65.61,59.94
2026-07-02 12:00:00,R102,Highway,1800,40.7135,-74.012,1062,64,Cloudy,18.9,0.0,0,59.0,65.61
2026-07-02 13:00:00,R102,Highway,1800,40.7135,-74.012,1104,62,Cloudy,18.9,0.0,0,61.33,59.0
2026-07-02 14:00:00,R102,Highway,1800,40.7135,-74.012,960,70,Cloudy,18.9,0.0,0,53.33,61.33
2026-07-02 15:00:00,R102,Highway,1800,40.7135,-74.012,956,70,Cloudy,18.9,0.0,0,53.11,53.33
2026-07-02 16:00:00,R102,Highway,1800,40.7135,-74.012,1774,35,Cloudy,18.9,0.0,0,98.56,53.11
2026-07-02 17:00:00,R102,Highway,1800,40.7135,-74.012,1511,44,Cloudy,18.9,0.0,0,83.94,98.56
2026-07-02 18:00:00,R102,Highway,1800,40.7135,-74.012,1681,38,Cloudy,18.9,0.0,0,93.39,83.94
2026-07-02 19:00:00,R102,Highway,1800,40.7135,-74.012,1555,42,Cloudy,18.9,0.0,0,86.39,93.39
2026-07-02 20:00:00,R102,Highway,1800,40.7135,-74.012,351,100,Cloudy,18.9,0.0,0,19.5,86.39
2026-07-02 21:00:00,R102,Highway,1800,40.7135,-74.012,350,100,Cloudy,18.9,0.0,0,19.44,19.5
2026-07-02 22:00:00,R102,Highway,1800,40.7135,-74.012,397,100,Cloudy,18.9,0.0,0,22.06,19.44
2026-07-02 23:00:00,R102,Highway,1800,40.7135,-74.012,316,100,Cloudy,18.9,0.0,0,17.56,22.06
2026-07-03 00:00:00,R102,Highway,1800,40.7135,-74.012,375,100,Clear,34.5,0.0,0,20.83,17.56
2026-07-03 01:00:00,R102,Highway,1800,40.7135,-74.012,333,100,Clear,34.5,0.0,0,18.5,20.83
2026-07-03 02:00:00,R102,Highway,1800,40.7135,-74.012,344,100,Clear,34.5,0.0,0,19.11,18.5
2026-07-03 03:00:00,R102,Highway,1800,40.7135,-74.012,386,100,Clear,34.5,0.0,0,21.44,19.11
2026-07-03 04:00:00,R102,Highway,1800,40.7135,-74.012,348,100,Clear,34.5,0.0,0,19.33,21.44
2026-07-03 05:00:00,R102,Highway,1800,40.7135,-74.012,318,100,Clear,34.5,0.0,0,17.67,19.33
2026-07-03 06:00:00,R102,Highway,1800,40.7135,-74.012,340,100,Clear,34.5,0.0,0,18.89,17.67
2026-07-03 07:00:00,R102,Highway,1800,40.7135,-74.012,1702,37,Clear,34.5,0.0,0,94.56,18.89
2026-07-03 08:00:00,R102,Highway,1800,40.7135,-74.012,1821,34,Clear,34.5,0.0,0,101.17,94.56
2026-07-03 09:00:00,R102,Highway,1800,40.7135,-74.012,1671,38,Clear,34.5,0.0,0,92.83,101.17
2026-07-03 10:00:00,R102,Highway,1800,40.7135,-74.012,1030,66,Clear,34.5,0.0,0,57.22,92.83
2026-07-03 11:00:00,R102,Highway,1800,40.7135,-74.012,1146,60,Clear,34.5,0.0,0,63.67,57.22
2026-07-03 12:00:00,R102,Highway,1800,40.7135,-74.012,1022,66,Clear,34.5,0.0,0,56.78,63.67
2026-07-03 13:00:00,R102,Highway,1800,40.7135,-74.012,1072,64,Clear,34.5,0.0,0,59.56,56.78
2026-07-03 14:00:00,R102,Highway,1800,40.7135,-74.012,1238,55,Clear,34.5,0.0,0,68.78,59.56
2026-07-03 15:00:00,R102,Highway,1800,40.7135,-74.012,1107,62,Clear,34.5,0.0,0,61.5,68.78
2026-07-03 16:00:00,R102,Highway,1800,40.7135,-74.012,1562,42,Clear,34.5,0.0,0,86.78,61.5
2026-07-03 17:00:00,R102,Highway,1800,40.7135,-74.012,1576,42,Clear,34.5,0.0,0,87.56,86.78
2026-07-03 18:00:00,R102,Highway,1800,40.7135,-74.012,1900,32,Clear,34.5,0.0,0,105.56,87.56
2026-07-03 19:00:00,R102,Highway,1800,40.7135,-74.012,1934,31,Clear,34.5,0.0,0,107.44,105.56
2026-07-03 20:00:00,R102,Highway,1800,40.7135,-74.012,408,100,Clear,34.5,0.0,0,22.67,107.44
2026-07-03 21:00:00,R102,Highway,1800,40.7135,-74.012,309,100,Clear,34.5,0.0,0,17.17,22.67
2026-07-03 22:00:00,R102,Highway,1800,40.7135,-74.012,306,100,Clear,34.5,0.0,0,17.0,17.17
2026-07-03 23:00:00,R102,Highway,1800,40.7135,-74.012,310,100,Clear,34.5,0.0,0,17.22,17.0
2026-07-04 00:00:00,R102,Highway,1800,40.7135,-74.012,317,100,Cloudy,24.4,0.0,0,17.61,17.22
2026-07-04 01:00:00,R102,Highway,1800,40.7135,-74.012,410,100,Cloudy,24.4,0.0,0,22.78,17.61
2026-07-04 02:00:00,R102,Highway,1800,40.7135,-74.012,335,100,Cloudy,24.4,0.0,0,18.61,22.78
2026-07-04 03:00:00,R102,Highway,1800,40.7135,-74.012,362,100,Cloudy,24.4,0.0,0,20.11,18.61
2026-07-04 04:00:00,R102,Highway,1800,40.7135,-74.012,352,100,Cloudy,24.4,0.0,0,19.56,20.11
2026-07-04 05:00:00,R102,Highway,1800,40.7135,-74.012,384,100,Cloudy,24.4,0.0,0,21.33,19.56
2026-07-04 06:00:00,R102,Highway,1800,40.7135,-74.012,324,100,Cloudy,24.4,0.0,0,18.0,21.33
2026-07-04 07:00:00,R102,Highway,1800,40.7135,-74.012,392,100,Cloudy,24.4,0.0,0,21.78,18.0
2026-07-04 08:00:00,R102,Highway,1800,40.7135,-74.012,335,100,Cloudy,24.4,0.0,0,18.61,21.78
2026-07-04 09:00:00,R102,Highway,1800,40.7135,-74.012,324,100,Cloudy,24.4,0.0,0,18.0,18.61
2026-07-04 10:00:00,R102,Highway,1800,40.7135,-74.012,320,100,Cloudy,24.4,0.0,0,17.78,18.0
2026-07-04 11:00:00,R102,Highway,1800,40.7135,-74.012,1327,51,Cloudy,24.4,0.0,0,73.72,17.78
2026-07-04 12:00:00,R102,Highway,1800,40.7135,-74.012,1307,52,Cloudy,24.4,0.0,0,72.61,73.72
2026-07-04 13:00:00,R102,Highway,1800,40.7135,-74.012,1322,52,Cloudy,24.4,0.0,0,73.44,72.61
2026-07-04 14:00:00,R102,Highway,1800,40.7135,-74.012,1090,63,Cloudy,24.4,0.0,0,60.56,73.44
2026-07-04 15:00:00,R102,Highway,1800,40.7135,-74.012,1252,55,Cloudy,24.4,0.0,0,69.56,60.56
2026-07-04 16:00:00,R102,Highway,1800,40.7135,-74.012,1177,58,Cloudy,24.4,0.0,0,65.39,69.56
2026-07-04 17:00:00,R102,Highway,1800,40.7135,-74.012,1011,67,Cloudy,24.4,0.0,0,56.17,65.39
2026-07-04 18:00:00,R102,Highway,1800,40.7135,-74.012,1078,63,Cloudy,24.4,0.0,0,59.89,56.17
2026-07-04 19:00:00,R102,Highway,1800,40.7135,-74.012,929,72,Cloudy,24.4,0.0,0,51.61,59.89
2026-07-04 20:00:00,R102,Highway,1800,40.7135,-74.012,1225,56,Cloudy,24.4,0.0,0,68.06,51.61
2026-07-04 21:00:00,R102,Highway,1800,40.7135,-74.012,360,100,Cloudy,24.4,0.0,0,20.0,68.06
2026-07-04 22:00:00,R102,Highway,1800,40.7135,-74.012,365,100,Cloudy,24.4,0.0,0,20.28,20.0
2026-07-04 23:00:00,R102,Highway,1800,40.7135,-74.012,326,100,Cloudy,24.4,0.0,0,18.11,20.28
2026-07-05 00:00:00,R102,Highway,1800,40.7135,-74.012,322,100,Clear,25.8,0.0,0,17.89,18.11
2026-07-05 01:00:00,R102,Highway,1800,40.7135,-74.012,319,100,Clear,25.8,0.0,0,17.72,17.89
2026-07-05 02:00:00,R102,Highway,1800,40.7135,-74.012,314,100,Clear,25.8,0.0,0,17.44,17.72
2026-07-05 03:00:00,R102,Highway,1800,40.7135,-74.012,366,100,Clear,25.8,0.0,0,20.33,17.44
2026-07-05 04:00:00,R102,Highway,1800,40.7135,-74.012,349,100,Clear,25.8,0.0,0,19.39,20.33
2026-07-05 05:00:00,R102,Highway,1800,40.7135,-74.012,335,100,Clear,25.8,0.0,0,18.61,19.39
2026-07-05 06:00:00,R102,Highway,1800,40.7135,-74.012,349,100,Clear,25.8,0.0,0,19.39,18.61
2026-07-05 07:00:00,R102,Highway,1800,40.7135,-74.012,323,100,Clear,25.8,0.0,0,17.94,19.39
2026-07-05 08:00:00,R102,Highway,1800,40.7135,-74.012,323,100,Clear,25.8,0.0,0,17.94,17.94
2026-07-05 09:00:00,R102,Highway,1800,40.7135,-74.012,336,100,Clear,25.8,0.0,0,18.67,17.94
2026-07-05 10:00:00,R102,Highway,1800,40.7135,-74.012,413,100,Clear,25.8,0.0,0,22.94,18.67
2026-07-05 11:00:00,R102,Highway,1800,40.7135,-74.012,1177,58,Clear,25.8,0.0,0,65.39,22.94
2026-07-05 12:00:00,R102,Highway,1800,40.7135,-74.012,1326,51,Clear,25.8,0.0,0,73.67,65.39
2026-07-05 13:00:00,R102,Highway,1800,40.7135,-74.012,1190,58,Clear,25.8,0.0,0,66.11,73.67
2026-07-05 14:00:00,R102,Highway,1800,40.7135,-74.012,1182,58,Clear,25.8,0.0,0,65.67,66.11
2026-07-05 15:00:00,R102,Highway,1800,40.7135,-74.012,1171,59,Clear,25.8,0.0,0,65.06,65.67
2026-07-05 16:00:00,R102,Highway,1800,40.7135,-74.012,992,68,Clear,25.8,0.0,0,55.11,65.06
2026-07-05 17:00:00,R102,Highway,1800,40.7135,-74.012,1196,57,Clear,25.8,0.0,0,66.44,55.11
2026-07-05 18:00:00,R102,Highway,1800,40.7135,-74.012,934,72,Clear,25.8,0.0,0,51.89,66.44
2026-07-05 19:00:00,R102,Highway,1800,40.7135,-74.012,999,68,Clear,25.8,0.0,0,55.5,51.89
2026-07-05 20:00:00,R102,Highway,1800,40.7135,-74.012,1003,67,Clear,25.8,0.0,0,55.72,55.5
2026-07-05 21:00:00,R102,Highway,1800,40.7135,-74.012,334,100,Clear,25.8,0.0,0,18.56,55.72
2026-07-05 22:00:00,R102,Highway,1800,40.7135,-74.012,308,100,Clear,25.8,0.0,0,17.11,18.56
2026-07-05 23:00:00,R102,Highway,1800,40.7135,-74.012,410,100,Clear,25.8,0.0,0,22.78,17.11
2026-07-06 00:00:00,R102,Highway,1800,40.7135,-74.012,370,100,Clear,31.4,0.0,0,20.56,22.78
2026-07-06 01:00:00,R102,Highway,1800,40.7135,-74.012,412,100,Clear,31.4,0.0,0,22.89,20.56
2026-07-06 02:00:00,R102,Highway,1800,40.7135,-74.012,311,100,Clear,31.4,0.0,0,17.28,22.89
2026-07-06 03:00:00,R102,Highway,1800,40.7135,-74.012,336,100,Clear,31.4,0.0,0,18.67,17.28
2026-07-06 04:00:00,R102,Highway,1800,40.7135,-74.012,400,100,Clear,31.4,0.0,0,22.22,18.67
2026-07-06 05:00:00,R102,Highway,1800,40.7135,-74.012,360,100,Clear,31.4,0.0,0,20.0,22.22
2026-07-06 06:00:00,R102,Highway,1800,40.7135,-74.012,367,100,Clear,31.4,0.0,0,20.39,20.0
2026-07-06 07:00:00,R102,Highway,1800,40.7135,-74.012,1894,9,Clear,31.4,0.0,1,105.22,20.39
2026-07-06 08:00:00,R102,Highway,1800,40.7135,-74.012,1437,47,Clear,31.4,0.0,0,79.83,105.22
2026-07-06 09:00:00,R102,Highway,1800,40.7135,-74.012,1763,36,Clear,31.4,0.0,0,97.94,79.83
2026-07-06 10:00:00,R102,Highway,1800,40.7135,-74.012,1036,66,Clear,31.4,0.0,0,57.56,97.94
2026-07-06 11:00:00,R102,Highway,1800,40.7135,-74.012,998,68,Clear,31.4,0.0,0,55.44,57.56
2026-07-06 12:00:00,R102,Highway,1800,40.7135,-74.012,959,70,Clear,31.4,0.0,0,53.28,55.44
2026-07-06 13:00:00,R102,Highway,1800,40.7135,-74.012,1075,64,Clear,31.4,0.0,0,59.72,53.28
2026-07-06 14:00:00,R102,Highway,1800,40.7135,-74.012,1075,64,Clear,31.4,0.0,0,59.72,59.72
2026-07-06 15:00:00,R102,Highway,1800,40.7135,-74.012,929,72,Clear,31.4,0.0,0,51.61,59.72
2026-07-06 16:00:00,R102,Highway,1800,40.7135,-74.012,1641,39,Clear,31.4,0.0,0,91.17,51.61
2026-07-06 17:00:00,R102,Highway,1800,40.7135,-74.012,1483,45,Clear,31.4,0.0,0,82.39,91.17
2026-07-06 18:00:00,R102,Highway,1800,40.7135,-74.012,1751,36,Clear,31.4,0.0,0,97.28,82.39
2026-07-06 19:00:00,R102,Highway,1800,40.7135,-74.012,1722,37,Clear,31.4,0.0,0,95.67,97.28
2026-07-06 20:00:00,R102,Highway,1800,40.7135,-74.012,388,100,Clear,31.4,0.0,0,21.56,95.67
2026-07-06 21:00:00,R102,Highway,1800,40.7135,-74.012,350,100,Clear,31.4,0.0,0,19.44,21.56
2026-07-06 22:00:00,R102,Highway,1800,40.7135,-74.012,361,100,Clear,31.4,0.0,0,20.06,19.44
2026-07-06 23:00:00,R102,Highway,1800,40.7135,-74.012,317,100,Clear,31.4,0.0,0,17.61,20.06
2026-07-07 00:00:00,R102,Highway,1800,40.7135,-74.012,363,100,Clear,26.4,0.0,0,20.17,17.61
2026-07-07 01:00:00,R102,Highway,1800,40.7135,-74.012,377,100,Clear,26.4,0.0,0,20.94,20.17
2026-07-07 02:00:00,R102,Highway,1800,40.7135,-74.012,409,100,Clear,26.4,0.0,0,22.72,20.94
2026-07-07 03:00:00,R102,Highway,1800,40.7135,-74.012,398,100,Clear,26.4,0.0,0,22.11,22.72
2026-07-07 04:00:00,R102,Highway,1800,40.7135,-74.012,328,100,Clear,26.4,0.0,0,18.22,22.11
2026-07-07 05:00:00,R102,Highway,1800,40.7135,-74.012,370,100,Clear,26.4,0.0,0,20.56,18.22
2026-07-07 06:00:00,R102,Highway,1800,40.7135,-74.012,401,100,Clear,26.4,0.0,0,22.28,20.56
2026-07-07 07:00:00,R102,Highway,1800,40.7135,-74.012,1452,46,Clear,26.4,0.0,0,80.67,22.28
2026-07-07 08:00:00,R102,Highway,1800,40.7135,-74.012,1624,40,Clear,26.4,0.0,0,90.22,80.67
2026-07-07 09:00:00,R102,Highway,1800,40.7135,-74.012,1493,45,Clear,26.4,0.0,0,82.94,90.22
2026-07-07 10:00:00,R102,Highway,1800,40.7135,-74.012,1224,56,Clear,26.4,0.0,0,68.0,82.94
2026-07-07 11:00:00,R102,Highway,1800,40.7135,-74.012,1076,63,Clear,26.4,0.0,0,59.78,68.0
2026-07-07 12:00:00,R102,Highway,1800,40.7135,-74.012,1122,61,Clear,26.4,0.0,0,62.33,59.78
2026-07-07 13:00:00,R102,Highway,1800,40.7135,-74.012,1099,62,Clear,26.4,0.0,0,61.06,62.33
2026-07-07 14:00:00,R102,Highway,1800,40.7135,-74.012,1100,62,Clear,26.4,0.0,0,61.11,61.06
2026-07-07 15:00:00,R102,Highway,1800,40.7135,-74.012,948,71,Clear,26.4,0.0,0,52.67,61.11
2026-07-07 16:00:00,R102,Highway,1800,40.7135,-74.012,1662,39,Clear,26.4,0.0,0,92.33,52.67
2026-07-07 17:00:00,R102,Highway,1800,40.7135,-74.012,1755,36,Clear,26.4,0.0,0,97.5,92.33
2026-07-07 18:00:00,R102,Highway,1800,40.7135,-74.012,1798,35,Clear,26.4,0.0,0,99.89,97.5
2026-07-07 19:00:00,R102,Highway,1800,40.7135,-74.012,2160,7,Clear,26.4,0.0,1,120.0,99.89
2026-07-07 20:00:00,R102,Highway,1800,40.7135,-74.012,352,100,Clear,26.4,0.0,0,19.56,120.0
2026-07-07 21:00:00,R102,Highway,1800,40.7135,-74.012,408,100,Clear,26.4,0.0,0,22.67,19.56
2026-07-07 22:00:00,R102,Highway,1800,40.7135,-74.012,346,100,Clear,26.4,0.0,0,19.22,22.67
2026-07-07 23:00:00,R102,Highway,1800,40.7135,-74.012,371,100,Clear,26.4,0.0,0,20.61,19.22
2026-07-08 00:00:00,R102,Highway,1800,40.7135,-74.012,335,100,Cloudy,24.7,0.0,0,18.61,20.61
2026-07-08 01:00:00,R102,Highway,1800,40.7135,-74.012,377,100,Cloudy,24.7,0.0,0,20.94,18.61
2026-07-08 02:00:00,R102,Highway,1800,40.7135,-74.012,363,100,Cloudy,24.7,0.0,0,20.17,20.94
2026-07-08 03:00:00,R102,Highway,1800,40.7135,-74.012,387,100,Cloudy,24.7,0.0,0,21.5,20.17
2026-07-08 04:00:00,R102,Highway,1800,40.7135,-74.012,376,100,Cloudy,24.7,0.0,0,20.89,21.5
2026-07-08 05:00:00,R102,Highway,1800,40.7135,-74.012,324,100,Cloudy,24.7,0.0,0,18.0,20.89
2026-07-08 06:00:00,R102,Highway,1800,40.7135,-74.012,328,100,Cloudy,24.7,0.0,0,18.22,18.0
2026-07-08 07:00:00,R102,Highway,1800,40.7135,-74.012,1779,35,Cloudy,24.7,0.0,0,98.83,18.22
2026-07-08 08:00:00,R102,Highway,1800,40.7135,-74.012,1760,36,Cloudy,24.7,0.0,0,97.78,98.83
2026-07-08 09:00:00,R102,Highway,1800,40.7135,-74.012,1468,46,Cloudy,24.7,0.0,0,81.56,97.78
2026-07-08 10:00:00,R102,Highway,1800,40.7135,-74.012,1015,67,Cloudy,24.7,0.0,0,56.39,81.56
2026-07-08 11:00:00,R102,Highway,1800,40.7135,-74.012,1077,63,Cloudy,24.7,0.0,0,59.83,56.39
2026-07-08 12:00:00,R102,Highway,1800,40.7135,-74.012,1049,65,Cloudy,24.7,0.0,0,58.28,59.83
2026-07-08 13:00:00,R102,Highway,1800,40.7135,-74.012,1131,61,Cloudy,24.7,0.0,0,62.83,58.28
2026-07-08 14:00:00,R102,Highway,1800,40.7135,-74.012,1235,56,Cloudy,24.7,0.0,0,68.61,62.83
2026-07-08 15:00:00,R102,Highway,1800,40.7135,-74.012,1153,59,Cloudy,24.7,0.0,0,64.06,68.61
2026-07-08 16:00:00,R102,Highway,1800,40.7135,-74.012,1865,33,Cloudy,24.7,0.0,0,103.61,64.06
2026-07-08 17:00:00,R102,Highway,1800,40.7135,-74.012,1942,31,Cloudy,24.7,0.0,0,107.89,103.61
2026-07-08 18:00:00,R102,Highway,1800,40.7135,-74.012,1491,45,Cloudy,24.7,0.0,0,82.83,107.89
2026-07-08 19:00:00,R102,Highway,1800,40.7135,-74.012,1702,37,Cloudy,24.7,0.0,0,94.56,82.83
2026-07-08 20:00:00,R102,Highway,1800,40.7135,-74.012,322,100,Cloudy,24.7,0.0,0,17.89,94.56
2026-07-08 21:00:00,R102,Highway,1800,40.7135,-74.012,320,100,Cloudy,24.7,0.0,0,17.78,17.89
2026-07-08 22:00:00,R102,Highway,1800,40.7135,-74.012,405,30,Cloudy,24.7,0.0,1,22.5,17.78
2026-07-08 23:00:00,R102,Highway,1800,40.7135,-74.012,407,100,Cloudy,24.7,0.0,0,22.61,22.5
2026-07-09 00:00:00,R102,Highway,1800,40.7135,-74.012,386,100,Cloudy,15.5,0.0,0,21.44,22.61
2026-07-09 01:00:00,R102,Highway,1800,40.7135,-74.012,330,100,Cloudy,15.5,0.0,0,18.33,21.44
2026-07-09 02:00:00,R102,Highway,1800,40.7135,-74.012,320,100,Cloudy,15.5,0.0,0,17.78,18.33
2026-07-09 03:00:00,R102,Highway,1800,40.7135,-74.012,356,100,Cloudy,15.5,0.0,0,19.78,17.78
2026-07-09 04:00:00,R102,Highway,1800,40.7135,-74.012,312,100,Cloudy,15.5,0.0,0,17.33,19.78
2026-07-09 05:00:00,R102,Highway,1800,40.7135,-74.012,314,100,Cloudy,15.5,0.0,0,17.44,17.33
2026-07-09 06:00:00,R102,Highway,1800,40.7135,-74.012,387,100,Cloudy,15.5,0.0,0,21.5,17.44
2026-07-09 07:00:00,R102,Highway,1800,40.7135,-74.012,1472,45,Cloudy,15.5,0.0,0,81.78,21.5
2026-07-09 08:00:00,R102,Highway,1800,40.7135,-74.012,1377,49,Cloudy,15.5,0.0,0,76.5,81.78
2026-07-09 09:00:00,R102,Highway,1800,40.7135,-74.012,1430,47,Cloudy,15.5,0.0,0,79.44,76.5
2026-07-09 10:00:00,R102,Highway,1800,40.7135,-74.012,1112,62,Cloudy,15.5,0.0,0,61.78,79.44
2026-07-09 11:00:00,R102,Highway,1800,40.7135,-74.012,1012,67,Cloudy,15.5,0.0,0,56.22,61.78
2026-07-09 12:00:00,R102,Highway,1800,40.7135,-74.012,1058,64,Cloudy,15.5,0.0,0,58.78,56.22
2026-07-09 13:00:00,R102,Highway,1800,40.7135,-74.012,952,70,Cloudy,15.5,0.0,0,52.89,58.78
2026-07-09 14:00:00,R102,Highway,1800,40.7135,-74.012,935,71,Cloudy,15.5,0.0,0,51.94,52.89
2026-07-09 15:00:00,R102,Highway,1800,40.7135,-74.012,1097,62,Cloudy,15.5,0.0,0,60.94,51.94
2026-07-09 16:00:00,R102,Highway,1800,40.7135,-74.012,1716,37,Cloudy,15.5,0.0,0,95.33,60.94
2026-07-09 17:00:00,R102,Highway,1800,40.7135,-74.012,1672,38,Cloudy,15.5,0.0,0,92.89,95.33
2026-07-09 18:00:00,R102,Highway,1800,40.7135,-74.012,1848,33,Cloudy,15.5,0.0,0,102.67,92.89
2026-07-09 19:00:00,R102,Highway,1800,40.7135,-74.012,1651,39,Cloudy,15.5,0.0,0,91.72,102.67
2026-07-09 20:00:00,R102,Highway,1800,40.7135,-74.012,342,100,Cloudy,15.5,0.0,0,19.0,91.72
2026-07-09 21:00:00,R102,Highway,1800,40.7135,-74.012,382,100,Cloudy,15.5,0.0,0,21.22,19.0
2026-07-09 22:00:00,R102,Highway,1800,40.7135,-74.012,400,100,Cloudy,15.5,0.0,0,22.22,21.22
2026-07-09 23:00:00,R102,Highway,1800,40.7135,-74.012,368,100,Cloudy,15.5,0.0,0,20.44,22.22
2026-07-10 00:00:00,R102,Highway,1800,40.7135,-74.012,397,100,Cloudy,21.6,0.0,0,22.06,20.44
2026-07-10 01:00:00,R102,Highway,1800,40.7135,-74.012,319,100,Cloudy,21.6,0.0,0,17.72,22.06
2026-07-10 02:00:00,R102,Highway,1800,40.7135,-74.012,366,100,Cloudy,21.6,0.0,0,20.33,17.72
2026-07-10 03:00:00,R102,Highway,1800,40.7135,-74.012,397,100,Cloudy,21.6,0.0,0,22.06,20.33
2026-07-10 04:00:00,R102,Highway,1800,40.7135,-74.012,381,100,Cloudy,21.6,0.0,0,21.17,22.06
2026-07-10 05:00:00,R102,Highway,1800,40.7135,-74.012,373,100,Cloudy,21.6,0.0,0,20.72,21.17
2026-07-10 06:00:00,R102,Highway,1800,40.7135,-74.012,345,100,Cloudy,21.6,0.0,0,19.17,20.72
2026-07-10 07:00:00,R102,Highway,1800,40.7135,-74.012,1634,40,Cloudy,21.6,0.0,0,90.78,19.17
2026-07-10 08:00:00,R102,Highway,1800,40.7135,-74.012,1384,49,Cloudy,21.6,0.0,0,76.89,90.78
2026-07-10 09:00:00,R102,Highway,1800,40.7135,-74.012,1437,47,Cloudy,21.6,0.0,0,79.83,76.89
2026-07-10 10:00:00,R102,Highway,1800,40.7135,-74.012,1166,59,Cloudy,21.6,0.0,0,64.78,79.83
2026-07-10 11:00:00,R102,Highway,1800,40.7135,-74.012,1210,57,Cloudy,21.6,0.0,0,67.22,64.78
2026-07-10 12:00:00,R102,Highway,1800,40.7135,-74.012,1186,58,Cloudy,21.6,0.0,0,65.89,67.22
2026-07-10 13:00:00,R102,Highway,1800,40.7135,-74.012,1238,55,Cloudy,21.6,0.0,0,68.78,65.89
2026-07-10 14:00:00,R102,Highway,1800,40.7135,-74.012,976,69,Cloudy,21.6,0.0,0,54.22,68.78
2026-07-10 15:00:00,R102,Highway,1800,40.7135,-74.012,1203,57,Cloudy,21.6,0.0,0,66.83,54.22
2026-07-10 16:00:00,R102,Highway,1800,40.7135,-74.012,1895,32,Cloudy,21.6,0.0,0,105.28,66.83
2026-07-10 17:00:00,R102,Highway,1800,40.7135,-74.012,1791,35,Cloudy,21.6,0.0,0,99.5,105.28
2026-07-10 18:00:00,R102,Highway,1800,40.7135,-74.012,1535,43,Cloudy,21.6,0.0,0,85.28,99.5
2026-07-10 19:00:00,R102,Highway,1800,40.7135,-74.012,1840,33,Cloudy,21.6,0.0,0,102.22,85.28
2026-07-10 20:00:00,R102,Highway,1800,40.7135,-74.012,351,100,Cloudy,21.6,0.0,0,19.5,102.22
2026-07-10 21:00:00,R102,Highway,1800,40.7135,-74.012,343,100,Cloudy,21.6,0.0,0,19.06,19.5
2026-07-10 22:00:00,R102,Highway,1800,40.7135,-74.012,382,100,Cloudy,21.6,0.0,0,21.22,19.06
2026-07-10 23:00:00,R102,Highway,1800,40.7135,-74.012,342,100,Cloudy,21.6,0.0,0,19.0,21.22
2026-07-11 00:00:00,R102,Highway,1800,40.7135,-74.012,346,100,Cloudy,16.4,0.0,0,19.22,19.0
2026-07-11 01:00:00,R102,Highway,1800,40.7135,-74.012,349,100,Cloudy,16.4,0.0,0,19.39,19.22
2026-07-11 02:00:00,R102,Highway,1800,40.7135,-74.012,410,30,Cloudy,16.4,0.0,1,22.78,19.39
2026-07-11 03:00:00,R102,Highway,1800,40.7135,-74.012,346,100,Cloudy,16.4,0.0,0,19.22,22.78
2026-07-11 04:00:00,R102,Highway,1800,40.7135,-74.012,359,100,Cloudy,16.4,0.0,0,19.94,19.22
2026-07-11 05:00:00,R102,Highway,1800,40.7135,-74.012,314,100,Cloudy,16.4,0.0,0,17.44,19.94
2026-07-11 06:00:00,R102,Highway,1800,40.7135,-74.012,366,100,Cloudy,16.4,0.0,0,20.33,17.44
2026-07-11 07:00:00,R102,Highway,1800,40.7135,-74.012,381,100,Cloudy,16.4,0.0,0,21.17,20.33
2026-07-11 08:00:00,R102,Highway,1800,40.7135,-74.012,413,100,Cloudy,16.4,0.0,0,22.94,21.17
2026-07-11 09:00:00,R102,Highway,1800,40.7135,-74.012,412,100,Cloudy,16.4,0.0,0,22.89,22.94
2026-07-11 10:00:00,R102,Highway,1800,40.7135,-74.012,386,100,Cloudy,16.4,0.0,0,21.44,22.89
2026-07-11 11:00:00,R102,Highway,1800,40.7135,-74.012,1119,61,Cloudy,16.4,0.0,0,62.17,21.44
2026-07-11 12:00:00,R102,Highway,1800,40.7135,-74.012,1191,58,Cloudy,16.4,0.0,0,66.17,62.17
2026-07-11 13:00:00,R102,Highway,1800,40.7135,-74.012,1248,55,Cloudy,16.4,0.0,0,69.33,66.17
2026-07-11 14:00:00,R102,Highway,1800,40.7135,-74.012,1142,60,Cloudy,16.4,0.0,0,63.44,69.33
2026-07-11 15:00:00,R102,Highway,1800,40.7135,-74.012,1208,57,Cloudy,16.4,0.0,0,67.11,63.44
2026-07-11 16:00:00,R102,Highway,1800,40.7135,-74.012,999,68,Cloudy,16.4,0.0,0,55.5,67.11
2026-07-11 17:00:00,R102,Highway,1800,40.7135,-74.012,1185,58,Cloudy,16.4,0.0,0,65.83,55.5
2026-07-11 18:00:00,R102,Highway,1800,40.7135,-74.012,1112,62,Cloudy,16.4,0.0,0,61.78,65.83
2026-07-11 19:00:00,R102,Highway,1800,40.7135,-74.012,997,68,Cloudy,16.4,0.0,0,55.39,61.78
2026-07-11 20:00:00,R102,Highway,1800,40.7135,-74.012,919,72,Cloudy,16.4,0.0,0,51.06,55.39
2026-07-11 21:00:00,R102,Highway,1800,40.7135,-74.012,335,100,Cloudy,16.4,0.0,0,18.61,51.06
2026-07-11 22:00:00,R102,Highway,1800,40.7135,-74.012,347,100,Cloudy,16.4,0.0,0,19.28,18.61
2026-07-11 23:00:00,R102,Highway,1800,40.7135,-74.012,408,100,Cloudy,16.4,0.0,0,22.67,19.28
2026-07-12 00:00:00,R102,Highway,1800,40.7135,-74.012,330,100,Clear,32.1,0.0,0,18.33,22.67
2026-07-12 01:00:00,R102,Highway,1800,40.7135,-74.012,392,100,Clear,32.1,0.0,0,21.78,18.33
2026-07-12 02:00:00,R102,Highway,1800,40.7135,-74.012,385,100,Clear,32.1,0.0,0,21.39,21.78
2026-07-12 03:00:00,R102,Highway,1800,40.7135,-74.012,377,100,Clear,32.1,0.0,0,20.94,21.39
2026-07-12 04:00:00,R102,Highway,1800,40.7135,-74.012,359,100,Clear,32.1,0.0,0,19.94,20.94
2026-07-12 05:00:00,R102,Highway,1800,40.7135,-74.012,352,100,Clear,32.1,0.0,0,19.56,19.94
2026-07-12 06:00:00,R102,Highway,1800,40.7135,-74.012,329,100,Clear,32.1,0.0,0,18.28,19.56
2026-07-12 07:00:00,R102,Highway,1800,40.7135,-74.012,352,100,Clear,32.1,0.0,0,19.56,18.28
2026-07-12 08:00:00,R102,Highway,1800,40.7135,-74.012,405,100,Clear,32.1,0.0,0,22.5,19.56
2026-07-12 09:00:00,R102,Highway,1800,40.7135,-74.012,307,100,Clear,32.1,0.0,0,17.06,22.5
2026-07-12 10:00:00,R102,Highway,1800,40.7135,-74.012,399,100,Clear,32.1,0.0,0,22.17,17.06
2026-07-12 11:00:00,R102,Highway,1800,40.7135,-74.012,1117,61,Clear,32.1,0.0,0,62.06,22.17
2026-07-12 12:00:00,R102,Highway,1800,40.7135,-74.012,1107,62,Clear,32.1,0.0,0,61.5,62.06
2026-07-12 13:00:00,R102,Highway,1800,40.7135,-74.012,1170,59,Clear,32.1,0.0,0,65.0,61.5
2026-07-12 14:00:00,R102,Highway,1800,40.7135,-74.012,1111,62,Clear,32.1,0.0,0,61.72,65.0
2026-07-12 15:00:00,R102,Highway,1800,40.7135,-74.012,1296,53,Clear,32.1,0.0,0,72.0,61.72
2026-07-12 16:00:00,R102,Highway,1800,40.7135,-74.012,1030,66,Clear,32.1,0.0,0,57.22,72.0
2026-07-12 17:00:00,R102,Highway,1800,40.7135,-74.012,1127,61,Clear,32.1,0.0,0,62.61,57.22
2026-07-12 18:00:00,R102,Highway,1800,40.7135,-74.012,1145,60,Clear,32.1,0.0,0,63.61,62.61
2026-07-12 19:00:00,R102,Highway,1800,40.7135,-74.012,1157,59,Clear,32.1,0.0,0,64.28,63.61
2026-07-12 20:00:00,R102,Highway,1800,40.7135,-74.012,1099,62,Clear,32.1,0.0,0,61.06,64.28
2026-07-12 21:00:00,R102,Highway,1800,40.7135,-74.012,337,100,Clear,32.1,0.0,0,18.72,61.06
2026-07-12 22:00:00,R102,Highway,1800,40.7135,-74.012,331,100,Clear,32.1,0.0,0,18.39,18.72
2026-07-12 23:00:00,R102,Highway,1800,40.7135,-74.012,336,100,Clear,32.1,0.0,0,18.67,18.39
2026-07-13 00:00:00,R102,Highway,1800,40.7135,-74.012,371,100,Clear,24.9,0.0,0,20.61,18.67
2026-07-13 01:00:00,R102,Highway,1800,40.7135,-74.012,344,100,Clear,24.9,0.0,0,19.11,20.61
2026-07-13 02:00:00,R102,Highway,1800,40.7135,-74.012,371,100,Clear,24.9,0.0,0,20.61,19.11
2026-07-13 03:00:00,R102,Highway,1800,40.7135,-74.012,335,100,Clear,24.9,0.0,0,18.61,20.61
2026-07-13 04:00:00,R102,Highway,1800,40.7135,-74.012,387,100,Clear,24.9,0.0,0,21.5,18.61
2026-07-13 05:00:00,R102,Highway,1800,40.7135,-74.012,436,30,Clear,24.9,0.0,1,24.22,21.5
2026-07-13 06:00:00,R102,Highway,1800,40.7135,-74.012,372,100,Clear,24.9,0.0,0,20.67,24.22
2026-07-13 07:00:00,R102,Highway,1800,40.7135,-74.012,1619,40,Clear,24.9,0.0,0,89.94,20.67
2026-07-13 08:00:00,R102,Highway,1800,40.7135,-74.012,1497,45,Clear,24.9,0.0,0,83.17,89.94
2026-07-13 09:00:00,R102,Highway,1800,40.7135,-74.012,1773,35,Clear,24.9,0.0,0,98.5,83.17
2026-07-13 10:00:00,R102,Highway,1800,40.7135,-74.012,1013,67,Clear,24.9,0.0,0,56.28,98.5
2026-07-13 11:00:00,R102,Highway,1800,40.7135,-74.012,984,69,Clear,24.9,0.0,0,54.67,56.28
2026-07-13 12:00:00,R102,Highway,1800,40.7135,-74.012,1156,59,Clear,24.9,0.0,0,64.22,54.67
2026-07-13 13:00:00,R102,Highway,1800,40.7135,-74.012,990,68,Clear,24.9,0.0,0,55.0,64.22
2026-07-13 14:00:00,R102,Highway,1800,40.7135,-74.012,1016,67,Clear,24.9,0.0,0,56.44,55.0
2026-07-13 15:00:00,R102,Highway,1800,40.7135,-74.012,1311,15,Clear,24.9,0.0,1,72.83,56.44
2026-07-13 16:00:00,R102,Highway,1800,40.7135,-74.012,1892,32,Clear,24.9,0.0,0,105.11,72.83
2026-07-13 17:00:00,R102,Highway,1800,40.7135,-74.012,1645,39,Clear,24.9,0.0,0,91.39,105.11
2026-07-13 18:00:00,R102,Highway,1800,40.7135,-74.012,1686,38,Clear,24.9,0.0,0,93.67,91.39
2026-07-13 19:00:00,R102,Highway,1800,40.7135,-74.012,1825,34,Clear,24.9,0.0,0,101.39,93.67
2026-07-13 20:00:00,R102,Highway,1800,40.7135,-74.012,359,100,Clear,24.9,0.0,0,19.94,101.39
2026-07-13 21:00:00,R102,Highway,1800,40.7135,-74.012,344,100,Clear,24.9,0.0,0,19.11,19.94
2026-07-13 22:00:00,R102,Highway,1800,40.7135,-74.012,335,100,Clear,24.9,0.0,0,18.61,19.11
2026-07-13 23:00:00,R102,Highway,1800,40.7135,-74.012,307,100,Clear,24.9,0.0,0,17.06,18.61
2026-07-14 00:00:00,R102,Highway,1800,40.7135,-74.012,375,100,Clear,22.5,0.0,0,20.83,17.06
2026-07-14 01:00:00,R102,Highway,1800,40.7135,-74.012,344,100,Clear,22.5,0.0,0,19.11,20.83
2026-07-14 02:00:00,R102,Highway,1800,40.7135,-74.012,387,100,Clear,22.5,0.0,0,21.5,19.11
2026-07-14 03:00:00,R102,Highway,1800,40.7135,-74.012,373,100,Clear,22.5,0.0,0,20.72,21.5
2026-07-14 04:00:00,R102,Highway,1800,40.7135,-74.012,307,100,Clear,22.5,0.0,0,17.06,20.72
2026-07-14 05:00:00,R102,Highway,1800,40.7135,-74.012,410,100,Clear,22.5,0.0,0,22.78,17.06
2026-07-14 06:00:00,R102,Highway,1800,40.7135,-74.012,410,100,Clear,22.5,0.0,0,22.78,22.78
2026-07-14 07:00:00,R102,Highway,1800,40.7135,-74.012,1699,38,Clear,22.5,0.0,0,94.39,22.78
2026-07-14 08:00:00,R102,Highway,1800,40.7135,-74.012,1515,44,Clear,22.5,0.0,0,84.17,94.39
2026-07-14 09:00:00,R102,Highway,1800,40.7135,-74.012,1688,38,Clear,22.5,0.0,0,93.78,84.17
2026-07-14 10:00:00,R102,Highway,1800,40.7135,-74.012,918,72,Clear,22.5,0.0,0,51.0,93.78
2026-07-14 11:00:00,R102,Highway,1800,40.7135,-74.012,1206,57,Clear,22.5,0.0,0,67.0,51.0
2026-07-14 12:00:00,R102,Highway,1800,40.7135,-74.012,983,69,Clear,22.5,0.0,0,54.61,67.0
2026-07-14 13:00:00,R102,Highway,1800,40.7135,-74.012,1082,63,Clear,22.5,0.0,0,60.11,54.61
2026-07-14 14:00:00,R102,Highway,1800,40.7135,-74.012,1041,65,Clear,22.5,0.0,0,57.83,60.11
2026-07-14 15:00:00,R102,Highway,1800,40.7135,-74.012,1084,63,Clear,22.5,0.0,0,60.22,57.83
2026-07-14 16:00:00,R102,Highway,1800,40.7135,-74.012,1888,32,Clear,22.5,0.0,0,104.89,60.22
2026-07-14 17:00:00,R102,Highway,1800,40.7135,-74.012,1545,43,Clear,22.5,0.0,0,85.83,104.89
2026-07-14 18:00:00,R102,Highway,1800,40.7135,-74.012,1818,34,Clear,22.5,0.0,0,101.0,85.83
2026-07-14 19:00:00,R102,Highway,1800,40.7135,-74.012,1573,42,Clear,22.5,0.0,0,87.39,101.0
2026-07-14 20:00:00,R102,Highway,1800,40.7135,-74.012,348,100,Clear,22.5,0.0,0,19.33,87.39
2026-07-14 21:00:00,R102,Highway,1800,40.7135,-74.012,377,100,Clear,22.5,0.0,0,20.94,19.33
2026-07-14 22:00:00,R102,Highway,1800,40.7135,-74.012,368,100,Clear,22.5,0.0,0,20.44,20.94
2026-07-14 23:00:00,R102,Highway,1800,40.7135,-74.012,353,100,Clear,22.5,0.0,0,19.61,20.44
2026-07-15 00:00:00,R102,Highway,1800,40.7135,-74.012,289,80,Heavy Rain,12.5,10.1,0,16.06,19.61
2026-07-15 01:00:00,R102,Highway,1800,40.7135,-74.012,355,80,Heavy Rain,12.5,10.1,0,19.72,16.06
2026-07-15 02:00:00,R102,Highway,1800,40.7135,-74.012,305,80,Heavy Rain,12.5,10.1,0,16.94,19.72
2026-07-15 03:00:00,R102,Highway,1800,40.7135,-74.012,281,80,Heavy Rain,12.5,10.1,0,15.61,16.94
2026-07-15 04:00:00,R102,Highway,1800,40.7135,-74.012,319,80,Heavy Rain,12.5,10.1,0,17.72,15.61
2026-07-15 05:00:00,R102,Highway,1800,40.7135,-74.012,315,80,Heavy Rain,12.5,10.1,0,17.5,17.72
2026-07-15 06:00:00,R102,Highway,1800,40.7135,-74.012,361,24,Heavy Rain,12.5,10.1,1,20.06,17.5
2026-07-15 07:00:00,R102,Highway,1800,40.7135,-74.012,1819,8,Heavy Rain,12.5,10.1,1,101.06,20.06
2026-07-15 08:00:00,R102,Highway,1800,40.7135,-74.012,1659,31,Heavy Rain,12.5,10.1,0,92.17,101.06
2026-07-15 09:00:00,R102,Highway,1800,40.7135,-74.012,1359,40,Heavy Rain,12.5,10.1,0,75.5,92.17
2026-07-15 10:00:00,R102,Highway,1800,40.7135,-74.012,1088,50,Heavy Rain,12.5,10.1,0,60.44,75.5
2026-07-15 11:00:00,R102,Highway,1800,40.7135,-74.012,1008,54,Heavy Rain,12.5,10.1,0,56.0,60.44
2026-07-15 12:00:00,R102,Highway,1800,40.7135,-74.012,874,60,Heavy Rain,12.5,10.1,0,48.56,56.0
2026-07-15 13:00:00,R102,Highway,1800,40.7135,-74.012,989,55,Heavy Rain,12.5,10.1,0,54.94,48.56
2026-07-15 14:00:00,R102,Highway,1800,40.7135,-74.012,1021,53,Heavy Rain,12.5,10.1,0,56.72,54.94
2026-07-15 15:00:00,R102,Highway,1800,40.7135,-74.012,1072,51,Heavy Rain,12.5,10.1,0,59.56,56.72
2026-07-15 16:00:00,R102,Highway,1800,40.7135,-74.012,1709,30,Heavy Rain,12.5,10.1,0,94.94,59.56
2026-07-15 17:00:00,R102,Highway,1800,40.7135,-74.012,1412,38,Heavy Rain,12.5,10.1,0,78.44,94.94
2026-07-15 18:00:00,R102,Highway,1800,40.7135,-74.012,1570,10,Heavy Rain,12.5,10.1,1,87.22,78.44
2026-07-15 19:00:00,R102,Highway,1800,40.7135,-74.012,1791,8,Heavy Rain,12.5,10.1,1,99.5,87.22
2026-07-15 20:00:00,R102,Highway,1800,40.7135,-74.012,283,80,Heavy Rain,12.5,10.1,0,15.72,99.5
2026-07-15 21:00:00,R102,Highway,1800,40.7135,-74.012,339,80,Heavy Rain,12.5,10.1,0,18.83,15.72
2026-07-15 22:00:00,R102,Highway,1800,40.7135,-74.012,288,80,Heavy Rain,12.5,10.1,0,16.0,18.83
2026-07-15 23:00:00,R102,Highway,1800,40.7135,-74.012,278,80,Heavy Rain,12.5,10.1,0,15.44,16.0
2026-07-16 00:00:00,R102,Highway,1800,40.7135,-74.012,320,100,Clear,31.0,0.0,0,17.78,15.44
2026-07-16 01:00:00,R102,Highway,1800,40.7135,-74.012,365,100,Clear,31.0,0.0,0,20.28,17.78
2026-07-16 02:00:00,R102,Highway,1800,40.7135,-74.012,406,100,Clear,31.0,0.0,0,22.56,20.28
2026-07-16 03:00:00,R102,Highway,1800,40.7135,-74.012,319,100,Clear,31.0,0.0,0,17.72,22.56
2026-07-16 04:00:00,R102,Highway,1800,40.7135,-74.012,387,100,Clear,31.0,0.0,0,21.5,17.72
2026-07-16 05:00:00,R102,Highway,1800,40.7135,-74.012,308,100,Clear,31.0,0.0,0,17.11,21.5
2026-07-16 06:00:00,R102,Highway,1800,40.7135,-74.012,317,100,Clear,31.0,0.0,0,17.61,17.11
2026-07-16 07:00:00,R102,Highway,1800,40.7135,-74.012,1766,35,Clear,31.0,0.0,0,98.11,17.61
2026-07-16 08:00:00,R102,Highway,1800,40.7135,-74.012,1424,47,Clear,31.0,0.0,0,79.11,98.11
2026-07-16 09:00:00,R102,Highway,1800,40.7135,-74.012,1732,37,Clear,31.0,0.0,0,96.22,79.11
2026-07-16 10:00:00,R102,Highway,1800,40.7135,-74.012,969,69,Clear,31.0,0.0,0,53.83,96.22
2026-07-16 11:00:00,R102,Highway,1800,40.7135,-74.012,1121,61,Clear,31.0,0.0,0,62.28,53.83
2026-07-16 12:00:00,R102,Highway,1800,40.7135,-74.012,981,69,Clear,31.0,0.0,0,54.5,62.28
2026-07-16 13:00:00,R102,Highway,1800,40.7135,-74.012,949,71,Clear,31.0,0.0,0,52.72,54.5
2026-07-16 14:00:00,R102,Highway,1800,40.7135,-74.012,1165,59,Clear,31.0,0.0,0,64.72,52.72
2026-07-16 15:00:00,R102,Highway,1800,40.7135,-74.012,1158,59,Clear,31.0,0.0,0,64.33,64.72
2026-07-16 16:00:00,R102,Highway,1800,40.7135,-74.012,1461,46,Clear,31.0,0.0,0,81.17,64.33
2026-07-16 17:00:00,R102,Highway,1800,40.7135,-74.012,1964,30,Clear,31.0,0.0,0,109.11,81.17
2026-07-16 18:00:00,R102,Highway,1800,40.7135,-74.012,1841,33,Clear,31.0,0.0,0,102.28,109.11
2026-07-16 19:00:00,R102,Highway,1800,40.7135,-74.012,1617,40,Clear,31.0,0.0,0,89.83,102.28
2026-07-16 20:00:00,R102,Highway,1800,40.7135,-74.012,382,100,Clear,31.0,0.0,0,21.22,89.83
2026-07-16 21:00:00,R102,Highway,1800,40.7135,-74.012,392,100,Clear,31.0,0.0,0,21.78,21.22
2026-07-16 22:00:00,R102,Highway,1800,40.7135,-74.012,307,100,Clear,31.0,0.0,0,17.06,21.78
2026-07-16 23:00:00,R102,Highway,1800,40.7135,-74.012,311,100,Clear,31.0,0.0,0,17.28,17.06
2026-07-17 00:00:00,R102,Highway,1800,40.7135,-74.012,372,100,Clear,32.2,0.0,0,20.67,17.28
2026-07-17 01:00:00,R102,Highway,1800,40.7135,-74.012,343,100,Clear,32.2,0.0,0,19.06,20.67
2026-07-17 02:00:00,R102,Highway,1800,40.7135,-74.012,308,100,Clear,32.2,0.0,0,17.11,19.06
2026-07-17 03:00:00,R102,Highway,1800,40.7135,-74.012,406,100,Clear,32.2,0.0,0,22.56,17.11
2026-07-17 04:00:00,R102,Highway,1800,40.7135,-74.012,325,100,Clear,32.2,0.0,0,18.06,22.56
2026-07-17 05:00:00,R102,Highway,1800,40.7135,-74.012,349,100,Clear,32.2,0.0,0,19.39,18.06
2026-07-17 06:00:00,R102,Highway,1800,40.7135,-74.012,389,100,Clear,32.2,0.0,0,21.61,19.39
2026-07-17 07:00:00,R102,Highway,1800,40.7135,-74.012,1539,43,Clear,32.2,0.0,0,85.5,21.61
2026-07-17 08:00:00,R102,Highway,1800,40.7135,-74.012,1581,42,Clear,32.2,0.0,0,87.83,85.5
2026-07-17 09:00:00,R102,Highway,1800,40.7135,-74.012,1558,42,Clear,32.2,0.0,0,86.56,87.83
2026-07-17 10:00:00,R102,Highway,1800,40.7135,-74.012,957,70,Clear,32.2,0.0,0,53.17,86.56
2026-07-17 11:00:00,R102,Highway,1800,40.7135,-74.012,1032,66,Clear,32.2,0.0,0,57.33,53.17
2026-07-17 12:00:00,R102,Highway,1800,40.7135,-74.012,1022,66,Clear,32.2,0.0,0,56.78,57.33
2026-07-17 13:00:00,R102,Highway,1800,40.7135,-74.012,1003,67,Clear,32.2,0.0,0,55.72,56.78
2026-07-17 14:00:00,R102,Highway,1800,40.7135,-74.012,1115,61,Clear,32.2,0.0,0,61.94,55.72
2026-07-17 15:00:00,R102,Highway,1800,40.7135,-74.012,1074,64,Clear,32.2,0.0,0,59.67,61.94
2026-07-17 16:00:00,R102,Highway,1800,40.7135,-74.012,1543,43,Clear,32.2,0.0,0,85.72,59.67
2026-07-17 17:00:00,R102,Highway,1800,40.7135,-74.012,1603,41,Clear,32.2,0.0,0,89.06,85.72
2026-07-17 18:00:00,R102,Highway,1800,40.7135,-74.012,1936,9,Clear,32.2,0.0,1,107.56,89.06
2026-07-17 19:00:00,R102,Highway,1800,40.7135,-74.012,1502,44,Clear,32.2,0.0,0,83.44,107.56
2026-07-17 20:00:00,R102,Highway,1800,40.7135,-74.012,379,100,Clear,32.2,0.0,0,21.06,83.44
2026-07-17 21:00:00,R102,Highway,1800,40.7135,-74.012,311,100,Clear,32.2,0.0,0,17.28,21.06
2026-07-17 22:00:00,R102,Highway,1800,40.7135,-74.012,314,100,Clear,32.2,0.0,0,17.44,17.28
2026-07-17 23:00:00,R102,Highway,1800,40.7135,-74.012,407,100,Clear,32.2,0.0,0,22.61,17.44
2026-07-18 00:00:00,R102,Highway,1800,40.7135,-74.012,335,80,Rainy,16.5,12.3,0,18.61,22.61
2026-07-18 01:00:00,R102,Highway,1800,40.7135,-74.012,342,80,Rainy,16.5,12.3,0,19.0,18.61
2026-07-18 02:00:00,R102,Highway,1800,40.7135,-74.012,369,80,Rainy,16.5,12.3,0,20.5,19.0
2026-07-18 03:00:00,R102,Highway,1800,40.7135,-74.012,368,80,Rainy,16.5,12.3,0,20.44,20.5
2026-07-18 04:00:00,R102,Highway,1800,40.7135,-74.012,477,24,Rainy,16.5,12.3,1,26.5,20.44
2026-07-18 05:00:00,R102,Highway,1800,40.7135,-74.012,396,80,Rainy,16.5,12.3,0,22.0,26.5
2026-07-18 06:00:00,R102,Highway,1800,40.7135,-74.012,404,80,Rainy,16.5,12.3,0,22.44,22.0
2026-07-18 07:00:00,R102,Highway,1800,40.7135,-74.012,392,80,Rainy,16.5,12.3,0,21.78,22.44
2026-07-18 08:00:00,R102,Highway,1800,40.7135,-74.012,363,80,Rainy,16.5,12.3,0,20.17,21.78
2026-07-18 09:00:00,R102,Highway,1800,40.7135,-74.012,339,80,Rainy,16.5,12.3,0,18.83,20.17
2026-07-18 10:00:00,R102,Highway,1800,40.7135,-74.012,333,80,Rainy,16.5,12.3,0,18.5,18.83
2026-07-18 11:00:00,R102,Highway,1800,40.7135,-74.012,1334,41,Rainy,16.5,12.3,0,74.11,18.5
2026-07-18 12:00:00,R102,Highway,1800,40.7135,-74.012,1280,43,Rainy,16.5,12.3,0,71.11,74.11
2026-07-18 13:00:00,R102,Highway,1800,40.7135,-74.012,1094,50,Rainy,16.5,12.3,0,60.78,71.11
2026-07-18 14:00:00,R102,Highway,1800,40.7135,-74.012,1359,40,Rainy,16.5,12.3,0,75.5,60.78
2026-07-18 15:00:00,R102,Highway,1800,40.7135,-74.012,1319,41,Rainy,16.5,12.3,0,73.28,75.5
2026-07-18 16:00:00,R102,Highway,1800,40.7135,-74.012,1130,48,Rainy,16.5,12.3,0,62.78,73.28
2026-07-18 17:00:00,R102,Highway,1800,40.7135,-74.012,1162,47,Rainy,16.5,12.3,0,64.56,62.78
2026-07-18 18:00:00,R102,Highway,1800,40.7135,-74.012,991,54,Rainy,16.5,12.3,0,55.06,64.56
2026-07-18 19:00:00,R102,Highway,1800,40.7135,-74.012,1093,50,Rainy,16.5,12.3,0,60.72,55.06
2026-07-18 20:00:00,R102,Highway,1800,40.7135,-74.012,933,57,Rainy,16.5,12.3,0,51.83,60.72
2026-07-18 21:00:00,R102,Highway,1800,40.7135,-74.012,329,80,Rainy,16.5,12.3,0,18.28,51.83
2026-07-18 22:00:00,R102,Highway,1800,40.7135,-74.012,338,80,Rainy,16.5,12.3,0,18.78,18.28
2026-07-18 23:00:00,R102,Highway,1800,40.7135,-74.012,308,80,Rainy,16.5,12.3,0,17.11,18.78
2026-07-19 00:00:00,R102,Highway,1800,40.7135,-74.012,337,80,Heavy Rain,11.0,2.9,0,18.72,17.11
2026-07-19 01:00:00,R102,Highway,1800,40.7135,-74.012,292,80,Heavy Rain,11.0,2.9,0,16.22,18.72
2026-07-19 02:00:00,R102,Highway,1800,40.7135,-74.012,311,80,Heavy Rain,11.0,2.9,0,17.28,16.22
2026-07-19 03:00:00,R102,Highway,1800,40.7135,-74.012,287,80,Heavy Rain,11.0,2.9,0,15.94,17.28
2026-07-19 04:00:00,R102,Highway,1800,40.7135,-74.012,314,80,Heavy Rain,11.0,2.9,0,17.44,15.94
2026-07-19 05:00:00,R102,Highway,1800,40.7135,-74.012,360,80,Heavy Rain,11.0,2.9,0,20.0,17.44
2026-07-19 06:00:00,R102,Highway,1800,40.7135,-74.012,306,80,Heavy Rain,11.0,2.9,0,17.0,20.0
2026-07-19 07:00:00,R102,Highway,1800,40.7135,-74.012,298,80,Heavy Rain,11.0,2.9,0,16.56,17.0
2026-07-19 08:00:00,R102,Highway,1800,40.7135,-74.012,362,80,Heavy Rain,11.0,2.9,0,20.11,16.56
2026-07-19 09:00:00,R102,Highway,1800,40.7135,-74.012,277,80,Heavy Rain,11.0,2.9,0,15.39,20.11
2026-07-19 10:00:00,R102,Highway,1800,40.7135,-74.012,364,80,Heavy Rain,11.0,2.9,0,20.22,15.39
2026-07-19 11:00:00,R102,Highway,1800,40.7135,-74.012,1295,42,Heavy Rain,11.0,2.9,0,71.94,20.22
2026-07-19 12:00:00,R102,Highway,1800,40.7135,-74.012,1098,50,Heavy Rain,11.0,2.9,0,61.0,71.94
2026-07-19 13:00:00,R102,Highway,1800,40.7135,-74.012,1111,49,Heavy Rain,11.0,2.9,0,61.72,61.0
2026-07-19 14:00:00,R102,Highway,1800,40.7135,-74.012,1054,52,Heavy Rain,11.0,2.9,0,58.56,61.72
2026-07-19 15:00:00,R102,Highway,1800,40.7135,-74.012,1276,43,Heavy Rain,11.0,2.9,0,70.89,58.56
2026-07-19 16:00:00,R102,Highway,1800,40.7135,-74.012,1007,54,Heavy Rain,11.0,2.9,0,55.94,70.89
2026-07-19 17:00:00,R102,Highway,1800,40.7135,-74.012,974,55,Heavy Rain,11.0,2.9,0,54.11,55.94
2026-07-19 18:00:00,R102,Highway,1800,40.7135,-74.012,915,58,Heavy Rain,11.0,2.9,0,50.83,54.11
2026-07-19 19:00:00,R102,Highway,1800,40.7135,-74.012,941,57,Heavy Rain,11.0,2.9,0,52.28,50.83
2026-07-19 20:00:00,R102,Highway,1800,40.7135,-74.012,1014,53,Heavy Rain,11.0,2.9,0,56.33,52.28
2026-07-19 21:00:00,R102,Highway,1800,40.7135,-74.012,301,80,Heavy Rain,11.0,2.9,0,16.72,56.33
2026-07-19 22:00:00,R102,Highway,1800,40.7135,-74.012,322,80,Heavy Rain,11.0,2.9,0,17.89,16.72
2026-07-19 23:00:00,R102,Highway,1800,40.7135,-74.012,308,80,Heavy Rain,11.0,2.9,0,17.11,17.89
2026-07-20 00:00:00,R102,Highway,1800,40.7135,-74.012,361,80,Rainy,10.5,13.6,0,20.06,17.11
2026-07-20 01:00:00,R102,Highway,1800,40.7135,-74.012,385,80,Rainy,10.5,13.6,0,21.39,20.06
2026-07-20 02:00:00,R102,Highway,1800,40.7135,-74.012,389,80,Rainy,10.5,13.6,0,21.61,21.39
2026-07-20 03:00:00,R102,Highway,1800,40.7135,-74.012,313,80,Rainy,10.5,13.6,0,17.39,21.61
2026-07-20 04:00:00,R102,Highway,1800,40.7135,-74.012,311,80,Rainy,10.5,13.6,0,17.28,17.39
2026-07-20 05:00:00,R102,Highway,1800,40.7135,-74.012,313,80,Rainy,10.5,13.6,0,17.39,17.28
2026-07-20 06:00:00,R102,Highway,1800,40.7135,-74.012,406,80,Rainy,10.5,13.6,0,22.56,17.39
2026-07-20 07:00:00,R102,Highway,1800,40.7135,-74.012,1492,36,Rainy,10.5,13.6,0,82.89,22.56
2026-07-20 08:00:00,R102,Highway,1800,40.7135,-74.012,1553,34,Rainy,10.5,13.6,0,86.28,82.89
2026-07-20 09:00:00,R102,Highway,1800,40.7135,-74.012,1797,28,Rainy,10.5,13.6,0,99.83,86.28
2026-07-20 10:00:00,R102,Highway,1800,40.7135,-74.012,1185,46,Rainy,10.5,13.6,0,65.83,99.83
2026-07-20 11:00:00,R102,Highway,1800,40.7135,-74.012,1186,46,Rainy,10.5,13.6,0,65.89,65.83
2026-07-20 12:00:00,R102,Highway,1800,40.7135,-74.012,1194,46,Rainy,10.5,13.6,0,66.33,65.89
2026-07-20 13:00:00,R102,Highway,1800,40.7135,-74.012,973,55,Rainy,10.5,13.6,0,54.06,66.33
2026-07-20 14:00:00,R102,Highway,1800,40.7135,-74.012,1180,46,Rainy,10.5,13.6,0,65.56,54.06
2026-07-20 15:00:00,R102,Highway,1800,40.7135,-74.012,1221,45,Rainy,10.5,13.6,0,67.83,65.56
2026-07-20 16:00:00,R102,Highway,1800,40.7135,-74.012,1525,35,Rainy,10.5,13.6,0,84.72,67.83
2026-07-20 17:00:00,R102,Highway,1800,40.7135,-74.012,1807,27,Rainy,10.5,13.6,0,100.39,84.72
2026-07-20 18:00:00,R102,Highway,1800,40.7135,-74.012,1566,34,Rainy,10.5,13.6,0,87.0,100.39
2026-07-20 19:00:00,R102,Highway,1800,40.7135,-74.012,1883,26,Rainy,10.5,13.6,0,104.61,87.0
2026-07-20 20:00:00,R102,Highway,1800,40.7135,-74.012,386,80,Rainy,10.5,13.6,0,21.44,104.61
2026-07-20 21:00:00,R102,Highway,1800,40.7135,-74.012,403,80,Rainy,10.5,13.6,0,22.39,21.44
2026-07-20 22:00:00,R102,Highway,1800,40.7135,-74.012,409,80,Rainy,10.5,13.6,0,22.72,22.39
2026-07-20 23:00:00,R102,Highway,1800,40.7135,-74.012,350,80,Rainy,10.5,13.6,0,19.44,22.72
2026-07-21 00:00:00,R102,Highway,1800,40.7135,-74.012,342,100,Clear,29.5,0.0,0,19.0,19.44
2026-07-21 01:00:00,R102,Highway,1800,40.7135,-74.012,360,100,Clear,29.5,0.0,0,20.0,19.0
2026-07-21 02:00:00,R102,Highway,1800,40.7135,-74.012,367,100,Clear,29.5,0.0,0,20.39,20.0
2026-07-21 03:00:00,R102,Highway,1800,40.7135,-74.012,318,100,Clear,29.5,0.0,0,17.67,20.39
2026-07-21 04:00:00,R102,Highway,1800,40.7135,-74.012,361,100,Clear,29.5,0.0,0,20.06,17.67
2026-07-21 05:00:00,R102,Highway,1800,40.7135,-74.012,355,100,Clear,29.5,0.0,0,19.72,20.06
2026-07-21 06:00:00,R102,Highway,1800,40.7135,-74.012,407,100,Clear,29.5,0.0,0,22.61,19.72
2026-07-21 07:00:00,R102,Highway,1800,40.7135,-74.012,1670,38,Clear,29.5,0.0,0,92.78,22.61
2026-07-21 08:00:00,R102,Highway,1800,40.7135,-74.012,1687,38,Clear,29.5,0.0,0,93.72,92.78
2026-07-21 09:00:00,R102,Highway,1800,40.7135,-74.012,1709,37,Clear,29.5,0.0,0,94.94,93.72
2026-07-21 10:00:00,R102,Highway,1800,40.7135,-74.012,1006,67,Clear,29.5,0.0,0,55.89,94.94
2026-07-21 11:00:00,R102,Highway,1800,40.7135,-74.012,1203,57,Clear,29.5,0.0,0,66.83,55.89
2026-07-21 12:00:00,R102,Highway,1800,40.7135,-74.012,1103,62,Clear,29.5,0.0,0,61.28,66.83
2026-07-21 13:00:00,R102,Highway,1800,40.7135,-74.012,919,72,Clear,29.5,0.0,0,51.06,61.28
2026-07-21 14:00:00,R102,Highway,1800,40.7135,-74.012,922,72,Clear,29.5,0.0,0,51.22,51.06
2026-07-21 15:00:00,R102,Highway,1800,40.7135,-74.012,982,69,Clear,29.5,0.0,0,54.56,51.22
2026-07-21 16:00:00,R102,Highway,1800,40.7135,-74.012,1505,44,Clear,29.5,0.0,0,83.61,54.56
2026-07-21 17:00:00,R102,Highway,1800,40.7135,-74.012,1796,35,Clear,29.5,0.0,0,99.78,83.61
2026-07-21 18:00:00,R102,Highway,1800,40.7135,-74.012,1669,39,Clear,29.5,0.0,0,92.72,99.78
2026-07-21 19:00:00,R102,Highway,1800,40.7135,-74.012,1706,37,Clear,29.5,0.0,0,94.78,92.72
2026-07-21 20:00:00,R102,Highway,1800,40.7135,-74.012,412,100,Clear,29.5,0.0,0,22.89,94.78
2026-07-21 21:00:00,R102,Highway,1800,40.7135,-74.012,408,100,Clear,29.5,0.0,0,22.67,22.89
2026-07-21 22:00:00,R102,Highway,1800,40.7135,-74.012,392,100,Clear,29.5,0.0,0,21.78,22.67
2026-07-21 23:00:00,R102,Highway,1800,40.7135,-74.012,373,100,Clear,29.5,0.0,0,20.72,21.78
2026-07-22 00:00:00,R102,Highway,1800,40.7135,-74.012,326,80,Rainy,17.2,4.6,0,18.11,20.72
2026-07-22 01:00:00,R102,Highway,1800,40.7135,-74.012,393,80,Rainy,17.2,4.6,0,21.83,18.11
2026-07-22 02:00:00,R102,Highway,1800,40.7135,-74.012,321,80,Rainy,17.2,4.6,0,17.83,21.83
2026-07-22 03:00:00,R102,Highway,1800,40.7135,-74.012,412,80,Rainy,17.2,4.6,0,22.89,17.83
2026-07-22 04:00:00,R102,Highway,1800,40.7135,-74.012,398,80,Rainy,17.2,4.6,0,22.11,22.89
2026-07-22 05:00:00,R102,Highway,1800,40.7135,-74.012,332,80,Rainy,17.2,4.6,0,18.44,22.11
2026-07-22 06:00:00,R102,Highway,1800,40.7135,-74.012,327,80,Rainy,17.2,4.6,0,18.17,18.44
2026-07-22 07:00:00,R102,Highway,1800,40.7135,-74.012,1813,27,Rainy,17.2,4.6,0,100.72,18.17
2026-07-22 08:00:00,R102,Highway,1800,40.7135,-74.012,1944,7,Rainy,17.2,4.6,1,108.0,100.72
2026-07-22 09:00:00,R102,Highway,1800,40.7135,-74.012,1821,27,Rainy,17.2,4.6,0,101.17,108.0
2026-07-22 10:00:00,R102,Highway,1800,40.7135,-74.012,1356,12,Rainy,17.2,4.6,1,75.33,101.17
2026-07-22 11:00:00,R102,Highway,1800,40.7135,-74.012,1053,52,Rainy,17.2,4.6,0,58.5,75.33
2026-07-22 12:00:00,R102,Highway,1800,40.7135,-74.012,980,55,Rainy,17.2,4.6,0,54.44,58.5
2026-07-22 13:00:00,R102,Highway,1800,40.7135,-74.012,942,57,Rainy,17.2,4.6,0,52.33,54.44
2026-07-22 14:00:00,R102,Highway,1800,40.7135,-74.012,1021,53,Rainy,17.2,4.6,0,56.72,52.33
2026-07-22 15:00:00,R102,Highway,1800,40.7135,-74.012,1182,14,Rainy,17.2,4.6,1,65.67,56.72
2026-07-22 16:00:00,R102,Highway,1800,40.7135,-74.012,1867,26,Rainy,17.2,4.6,0,103.72,65.67
2026-07-22 17:00:00,R102,Highway,1800,40.7135,-74.012,1623,32,Rainy,17.2,4.6,0,90.17,103.72
2026-07-22 18:00:00,R102,Highway,1800,40.7135,-74.012,1524,35,Rainy,17.2,4.6,0,84.67,90.17
2026-07-22 19:00:00,R102,Highway,1800,40.7135,-74.012,1744,29,Rainy,17.2,4.6,0,96.89,84.67
2026-07-22 20:00:00,R102,Highway,1800,40.7135,-74.012,395,80,Rainy,17.2,4.6,0,21.94,96.89
2026-07-22 21:00:00,R102,Highway,1800,40.7135,-74.012,361,80,Rainy,17.2,4.6,0,20.06,21.94
2026-07-22 22:00:00,R102,Highway,1800,40.7135,-74.012,315,80,Rainy,17.2,4.6,0,17.5,20.06
2026-07-22 23:00:00,R102,Highway,1800,40.7135,-74.012,368,80,Rainy,17.2,4.6,0,20.44,17.5
2026-07-23 00:00:00,R102,Highway,1800,40.7135,-74.012,406,100,Cloudy,17.2,13.4,0,22.56,20.44
2026-07-23 01:00:00,R102,Highway,1800,40.7135,-74.012,346,100,Cloudy,17.2,13.4,0,19.22,22.56
2026-07-23 02:00:00,R102,Highway,1800,40.7135,-74.012,328,100,Cloudy,17.2,13.4,0,18.22,19.22
2026-07-23 03:00:00,R102,Highway,1800,40.7135,-74.012,403,100,Cloudy,17.2,13.4,0,22.39,18.22
2026-07-23 04:00:00,R102,Highway,1800,40.7135,-74.012,352,100,Cloudy,17.2,13.4,0,19.56,22.39
2026-07-23 05:00:00,R102,Highway,1800,40.7135,-74.012,390,100,Cloudy,17.2,13.4,0,21.67,19.56
2026-07-23 06:00:00,R102,Highway,1800,40.7135,-74.012,343,100,Cloudy,17.2,13.4,0,19.06,21.67
2026-07-23 07:00:00,R102,Highway,1800,40.7135,-74.012,1603,41,Cloudy,17.2,13.4,0,89.06,19.06
2026-07-23 08:00:00,R102,Highway,1800,40.7135,-74.012,1598,41,Cloudy,17.2,13.4,0,88.78,89.06
2026-07-23 09:00:00,R102,Highway,1800,40.7135,-74.012,1500,44,Cloudy,17.2,13.4,0,83.33,88.78
2026-07-23 10:00:00,R102,Highway,1800,40.7135,-74.012,992,68,Cloudy,17.2,13.4,0,55.11,83.33
2026-07-23 11:00:00,R102,Highway,1800,40.7135,-74.012,961,70,Cloudy,17.2,13.4,0,53.39,55.11
2026-07-23 12:00:00,R102,Highway,1800,40.7135,-74.012,1141,60,Cloudy,17.2,13.4,0,63.39,53.39
2026-07-23 13:00:00,R102,Highway,1800,40.7135,-74.012,1135,60,Cloudy,17.2,13.4,0,63.06,63.39
2026-07-23 14:00:00,R102,Highway,1800,40.7135,-74.012,1212,57,Cloudy,17.2,13.4,0,67.33,63.06
2026-07-23 15:00:00,R102,Highway,1800,40.7135,-74.012,960,70,Cloudy,17.2,13.4,0,53.33,67.33
2026-07-23 16:00:00,R102,Highway,1800,40.7135,-74.012,1578,42,Cloudy,17.2,13.4,0,87.67,53.33
2026-07-23 17:00:00,R102,Highway,1800,40.7135,-74.012,1533,43,Cloudy,17.2,13.4,0,85.17,87.67
2026-07-23 18:00:00,R102,Highway,1800,40.7135,-74.012,1881,32,Cloudy,17.2,13.4,0,104.5,85.17
2026-07-23 19:00:00,R102,Highway,1800,40.7135,-74.012,1876,32,Cloudy,17.2,13.4,0,104.22,104.5
2026-07-23 20:00:00,R102,Highway,1800,40.7135,-74.012,312,100,Cloudy,17.2,13.4,0,17.33,104.22
2026-07-23 21:00:00,R102,Highway,1800,40.7135,-74.012,321,100,Cloudy,17.2,13.4,0,17.83,17.33
2026-07-23 22:00:00,R102,Highway,1800,40.7135,-74.012,323,100,Cloudy,17.2,13.4,0,17.94,17.83
2026-07-23 23:00:00,R102,Highway,1800,40.7135,-74.012,398,100,Cloudy,17.2,13.4,0,22.11,17.94
2026-07-24 00:00:00,R102,Highway,1800,40.7135,-74.012,344,100,Clear,22.9,0.0,0,19.11,22.11
2026-07-24 01:00:00,R102,Highway,1800,40.7135,-74.012,330,100,Clear,22.9,0.0,0,18.33,19.11
2026-07-24 02:00:00,R102,Highway,1800,40.7135,-74.012,358,100,Clear,22.9,0.0,0,19.89,18.33
2026-07-24 03:00:00,R102,Highway,1800,40.7135,-74.012,348,100,Clear,22.9,0.0,0,19.33,19.89
2026-07-24 04:00:00,R102,Highway,1800,40.7135,-74.012,316,100,Clear,22.9,0.0,0,17.56,19.33
2026-07-24 05:00:00,R102,Highway,1800,40.7135,-74.012,321,100,Clear,22.9,0.0,0,17.83,17.56
2026-07-24 06:00:00,R102,Highway,1800,40.7135,-74.012,347,100,Clear,22.9,0.0,0,19.28,17.83
2026-07-24 07:00:00,R102,Highway,1800,40.7135,-74.012,1616,40,Clear,22.9,0.0,0,89.78,19.28
2026-07-24 08:00:00,R102,Highway,1800,40.7135,-74.012,1553,42,Clear,22.9,0.0,0,86.28,89.78
2026-07-24 09:00:00,R102,Highway,1800,40.7135,-74.012,1439,47,Clear,22.9,0.0,0,79.94,86.28
2026-07-24 10:00:00,R102,Highway,1800,40.7135,-74.012,1002,68,Clear,22.9,0.0,0,55.67,79.94
2026-07-24 11:00:00,R102,Highway,1800,40.7135,-74.012,1153,59,Clear,22.9,0.0,0,64.06,55.67
2026-07-24 12:00:00,R102,Highway,1800,40.7135,-74.012,1109,62,Clear,22.9,0.0,0,61.61,64.06
2026-07-24 13:00:00,R102,Highway,1800,40.7135,-74.012,1169,59,Clear,22.9,0.0,0,64.94,61.61
2026-07-24 14:00:00,R102,Highway,1800,40.7135,-74.012,1115,61,Clear,22.9,0.0,0,61.94,64.94
2026-07-24 15:00:00,R102,Highway,1800,40.7135,-74.012,1179,58,Clear,22.9,0.0,0,65.5,61.94
2026-07-24 16:00:00,R102,Highway,1800,40.7135,-74.012,1763,36,Clear,22.9,0.0,0,97.94,65.5
2026-07-24 17:00:00,R102,Highway,1800,40.7135,-74.012,1502,44,Clear,22.9,0.0,0,83.44,97.94
2026-07-24 18:00:00,R102,Highway,1800,40.7135,-74.012,1479,45,Clear,22.9,0.0,0,82.17,83.44
2026-07-24 19:00:00,R102,Highway,1800,40.7135,-74.012,1579,42,Clear,22.9,0.0,0,87.72,82.17
2026-07-24 20:00:00,R102,Highway,1800,40.7135,-74.012,396,100,Clear,22.9,0.0,0,22.0,87.72
2026-07-24 21:00:00,R102,Highway,1800,40.7135,-74.012,375,100,Clear,22.9,0.0,0,20.83,22.0
2026-07-24 22:00:00,R102,Highway,1800,40.7135,-74.012,393,100,Clear,22.9,0.0,0,21.83,20.83
2026-07-24 23:00:00,R102,Highway,1800,40.7135,-74.012,308,100,Clear,22.9,0.0,0,17.11,21.83
2026-07-25 00:00:00,R102,Highway,1800,40.7135,-74.012,381,100,Clear,25.7,0.0,0,21.17,17.11
2026-07-25 01:00:00,R102,Highway,1800,40.7135,-74.012,390,100,Clear,25.7,0.0,0,21.67,21.17
2026-07-25 02:00:00,R102,Highway,1800,40.7135,-74.012,354,100,Clear,25.7,0.0,0,19.67,21.67
2026-07-25 03:00:00,R102,Highway,1800,40.7135,-74.012,375,100,Clear,25.7,0.0,0,20.83,19.67
2026-07-25 04:00:00,R102,Highway,1800,40.7135,-74.012,368,30,Clear,25.7,0.0,1,20.44,20.83
2026-07-25 05:00:00,R102,Highway,1800,40.7135,-74.012,409,100,Clear,25.7,0.0,0,22.72,20.44
2026-07-25 06:00:00,R102,Highway,1800,40.7135,-74.012,359,100,Clear,25.7,0.0,0,19.94,22.72
2026-07-25 07:00:00,R102,Highway,1800,40.7135,-74.012,308,100,Clear,25.7,0.0,0,17.11,19.94
2026-07-25 08:00:00,R102,Highway,1800,40.7135,-74.012,384,100,Clear,25.7,0.0,0,21.33,17.11
2026-07-25 09:00:00,R102,Highway,1800,40.7135,-74.012,385,100,Clear,25.7,0.0,0,21.39,21.33
2026-07-25 10:00:00,R102,Highway,1800,40.7135,-74.012,362,100,Clear,25.7,0.0,0,20.11,21.39
2026-07-25 11:00:00,R102,Highway,1800,40.7135,-74.012,1071,64,Clear,25.7,0.0,0,59.5,20.11
2026-07-25 12:00:00,R102,Highway,1800,40.7135,-74.012,1284,53,Clear,25.7,0.0,0,71.33,59.5
2026-07-25 13:00:00,R102,Highway,1800,40.7135,-74.012,1276,54,Clear,25.7,0.0,0,70.89,71.33
2026-07-25 14:00:00,R102,Highway,1800,40.7135,-74.012,1125,61,Clear,25.7,0.0,0,62.5,70.89
2026-07-25 15:00:00,R102,Highway,1800,40.7135,-74.012,1411,48,Clear,25.7,0.0,0,78.39,62.5
2026-07-25 16:00:00,R102,Highway,1800,40.7135,-74.012,1184,58,Clear,25.7,0.0,0,65.78,78.39
2026-07-25 17:00:00,R102,Highway,1800,40.7135,-74.012,977,69,Clear,25.7,0.0,0,54.28,65.78
2026-07-25 18:00:00,R102,Highway,1800,40.7135,-74.012,1003,67,Clear,25.7,0.0,0,55.72,54.28
2026-07-25 19:00:00,R102,Highway,1800,40.7135,-74.012,1210,57,Clear,25.7,0.0,0,67.22,55.72
2026-07-25 20:00:00,R102,Highway,1800,40.7135,-74.012,1133,61,Clear,25.7,0.0,0,62.94,67.22
2026-07-25 21:00:00,R102,Highway,1800,40.7135,-74.012,310,100,Clear,25.7,0.0,0,17.22,62.94
2026-07-25 22:00:00,R102,Highway,1800,40.7135,-74.012,337,100,Clear,25.7,0.0,0,18.72,17.22
2026-07-25 23:00:00,R102,Highway,1800,40.7135,-74.012,308,100,Clear,25.7,0.0,0,17.11,18.72
2026-07-26 00:00:00,R102,Highway,1800,40.7135,-74.012,312,100,Clear,24.4,0.0,0,17.33,17.11
2026-07-26 01:00:00,R102,Highway,1800,40.7135,-74.012,344,100,Clear,24.4,0.0,0,19.11,17.33
2026-07-26 02:00:00,R102,Highway,1800,40.7135,-74.012,325,100,Clear,24.4,0.0,0,18.06,19.11
2026-07-26 03:00:00,R102,Highway,1800,40.7135,-74.012,313,100,Clear,24.4,0.0,0,17.39,18.06
2026-07-26 04:00:00,R102,Highway,1800,40.7135,-74.012,406,100,Clear,24.4,0.0,0,22.56,17.39
2026-07-26 05:00:00,R102,Highway,1800,40.7135,-74.012,379,100,Clear,24.4,0.0,0,21.06,22.56
2026-07-26 06:00:00,R102,Highway,1800,40.7135,-74.012,316,100,Clear,24.4,0.0,0,17.56,21.06
2026-07-26 07:00:00,R102,Highway,1800,40.7135,-74.012,375,100,Clear,24.4,0.0,0,20.83,17.56
2026-07-26 08:00:00,R102,Highway,1800,40.7135,-74.012,359,100,Clear,24.4,0.0,0,19.94,20.83
2026-07-26 09:00:00,R102,Highway,1800,40.7135,-74.012,348,100,Clear,24.4,0.0,0,19.33,19.94
2026-07-26 10:00:00,R102,Highway,1800,40.7135,-74.012,369,100,Clear,24.4,0.0,0,20.5,19.33
2026-07-26 11:00:00,R102,Highway,1800,40.7135,-74.012,1179,58,Clear,24.4,0.0,0,65.5,20.5
2026-07-26 12:00:00,R102,Highway,1800,40.7135,-74.012,1373,49,Clear,24.4,0.0,0,76.28,65.5
2026-07-26 13:00:00,R102,Highway,1800,40.7135,-74.012,1410,48,Clear,24.4,0.0,0,78.33,76.28
2026-07-26 14:00:00,R102,Highway,1800,40.7135,-74.012,1110,62,Clear,24.4,0.0,0,61.67,78.33
2026-07-26 15:00:00,R102,Highway,1800,40.7135,-74.012,1220,56,Clear,24.4,0.0,0,67.78,61.67
2026-07-26 16:00:00,R102,Highway,1800,40.7135,-74.012,1048,65,Clear,24.4,0.0,0,58.22,67.78
2026-07-26 17:00:00,R102,Highway,1800,40.7135,-74.012,1155,59,Clear,24.4,0.0,0,64.17,58.22
2026-07-26 18:00:00,R102,Highway,1800,40.7135,-74.012,987,68,Clear,24.4,0.0,0,54.83,64.17
2026-07-26 19:00:00,R102,Highway,1800,40.7135,-74.012,1047,65,Clear,24.4,0.0,0,58.17,54.83
2026-07-26 20:00:00,R102,Highway,1800,40.7135,-74.012,1028,66,Clear,24.4,0.0,0,57.11,58.17
2026-07-26 21:00:00,R102,Highway,1800,40.7135,-74.012,366,100,Clear,24.4,0.0,0,20.33,57.11
2026-07-26 22:00:00,R102,Highway,1800,40.7135,-74.012,313,100,Clear,24.4,0.0,0,17.39,20.33
2026-07-26 23:00:00,R102,Highway,1800,40.7135,-74.012,390,100,Clear,24.4,0.0,0,21.67,17.39
2026-07-27 00:00:00,R102,Highway,1800,40.7135,-74.012,406,100,Cloudy,15.8,0.0,0,22.56,21.67
2026-07-27 01:00:00,R102,Highway,1800,40.7135,-74.012,352,100,Cloudy,15.8,0.0,0,19.56,22.56
2026-07-27 02:00:00,R102,Highway,1800,40.7135,-74.012,371,100,Cloudy,15.8,0.0,0,20.61,19.56
2026-07-27 03:00:00,R102,Highway,1800,40.7135,-74.012,401,100,Cloudy,15.8,0.0,0,22.28,20.61
2026-07-27 04:00:00,R102,Highway,1800,40.7135,-74.012,314,100,Cloudy,15.8,0.0,0,17.44,22.28
2026-07-27 05:00:00,R102,Highway,1800,40.7135,-74.012,354,100,Cloudy,15.8,0.0,0,19.67,17.44
2026-07-27 06:00:00,R102,Highway,1800,40.7135,-74.012,330,100,Cloudy,15.8,0.0,0,18.33,19.67
2026-07-27 07:00:00,R102,Highway,1800,40.7135,-74.012,1679,38,Cloudy,15.8,0.0,0,93.28,18.33
2026-07-27 08:00:00,R102,Highway,1800,40.7135,-74.012,1665,39,Cloudy,15.8,0.0,0,92.5,93.28
2026-07-27 09:00:00,R102,Highway,1800,40.7135,-74.012,1487,45,Cloudy,15.8,0.0,0,82.61,92.5
2026-07-27 10:00:00,R102,Highway,1800,40.7135,-74.012,1044,65,Cloudy,15.8,0.0,0,58.0,82.61
2026-07-27 11:00:00,R102,Highway,1800,40.7135,-74.012,921,72,Cloudy,15.8,0.0,0,51.17,58.0
2026-07-27 12:00:00,R102,Highway,1800,40.7135,-74.012,1048,65,Cloudy,15.8,0.0,0,58.22,51.17
2026-07-27 13:00:00,R102,Highway,1800,40.7135,-74.012,1041,65,Cloudy,15.8,0.0,0,57.83,58.22
2026-07-27 14:00:00,R102,Highway,1800,40.7135,-74.012,939,71,Cloudy,15.8,0.0,0,52.17,57.83
2026-07-27 15:00:00,R102,Highway,1800,40.7135,-74.012,1202,57,Cloudy,15.8,0.0,0,66.78,52.17
2026-07-27 16:00:00,R102,Highway,1800,40.7135,-74.012,1931,31,Cloudy,15.8,0.0,0,107.28,66.78
2026-07-27 17:00:00,R102,Highway,1800,40.7135,-74.012,1790,35,Cloudy,15.8,0.0,0,99.44,107.28
2026-07-27 18:00:00,R102,Highway,1800,40.7135,-74.012,1758,36,Cloudy,15.8,0.0,0,97.67,99.44
2026-07-27 19:00:00,R102,Highway,1800,40.7135,-74.012,1744,36,Cloudy,15.8,0.0,0,96.89,97.67
2026-07-27 20:00:00,R102,Highway,1800,40.7135,-74.012,393,100,Cloudy,15.8,0.0,0,21.83,96.89
2026-07-27 21:00:00,R102,Highway,1800,40.7135,-74.012,397,100,Cloudy,15.8,0.0,0,22.06,21.83
2026-07-27 22:00:00,R102,Highway,1800,40.7135,-74.012,398,100,Cloudy,15.8,0.0,0,22.11,22.06
2026-07-27 23:00:00,R102,Highway,1800,40.7135,-74.012,331,100,Cloudy,15.8,0.0,0,18.39,22.11
2026-07-28 00:00:00,R102,Highway,1800,40.7135,-74.012,329,100,Clear,30.4,0.0,0,18.28,18.39
2026-07-28 01:00:00,R102,Highway,1800,40.7135,-74.012,371,100,Clear,30.4,0.0,0,20.61,18.28
2026-07-28 02:00:00,R102,Highway,1800,40.7135,-74.012,396,100,Clear,30.4,0.0,0,22.0,20.61
2026-07-28 03:00:00,R102,Highway,1800,40.7135,-74.012,329,100,Clear,30.4,0.0,0,18.28,22.0
2026-07-28 04:00:00,R102,Highway,1800,40.7135,-74.012,368,100,Clear,30.4,0.0,0,20.44,18.28
2026-07-28 05:00:00,R102,Highway,1800,40.7135,-74.012,400,100,Clear,30.4,0.0,0,22.22,20.44
2026-07-28 06:00:00,R102,Highway,1800,40.7135,-74.012,322,100,Clear,30.4,0.0,0,17.89,22.22
2026-07-28 07:00:00,R102,Highway,1800,40.7135,-74.012,1475,45,Clear,30.4,0.0,0,81.94,17.89
2026-07-28 08:00:00,R102,Highway,1800,40.7135,-74.012,1802,34,Clear,30.4,0.0,0,100.11,81.94
2026-07-28 09:00:00,R102,Highway,1800,40.7135,-74.012,1413,48,Clear,30.4,0.0,0,78.5,100.11
2026-07-28 10:00:00,R102,Highway,1800,40.7135,-74.012,1142,60,Clear,30.4,0.0,0,63.44,78.5
2026-07-28 11:00:00,R102,Highway,1800,40.7135,-74.012,1229,56,Clear,30.4,0.0,0,68.28,63.44
2026-07-28 12:00:00,R102,Highway,1800,40.7135,-74.012,1045,65,Clear,30.4,0.0,0,58.06,68.28
2026-07-28 13:00:00,R102,Highway,1800,40.7135,-74.012,1077,63,Clear,30.4,0.0,0,59.83,58.06
2026-07-28 14:00:00,R102,Highway,1800,40.7135,-74.012,1200,57,Clear,30.4,0.0,0,66.67,59.83
2026-07-28 15:00:00,R102,Highway,1800,40.7135,-74.012,1177,58,Clear,30.4,0.0,0,65.39,66.67
2026-07-28 16:00:00,R102,Highway,1800,40.7135,-74.012,1757,36,Clear,30.4,0.0,0,97.61,65.39
2026-07-28 17:00:00,R102,Highway,1800,40.7135,-74.012,1868,33,Clear,30.4,0.0,0,103.78,97.61
2026-07-28 18:00:00,R102,Highway,1800,40.7135,-74.012,1939,31,Clear,30.4,0.0,0,107.72,103.78
2026-07-28 19:00:00,R102,Highway,1800,40.7135,-74.012,1665,39,Clear,30.4,0.0,0,92.5,107.72
2026-07-28 20:00:00,R102,Highway,1800,40.7135,-74.012,409,100,Clear,30.4,0.0,0,22.72,92.5
2026-07-28 21:00:00,R102,Highway,1800,40.7135,-74.012,319,100,Clear,30.4,0.0,0,17.72,22.72
2026-07-28 22:00:00,R102,Highway,1800,40.7135,-74.012,378,100,Clear,30.4,0.0,0,21.0,17.72
2026-07-28 23:00:00,R102,Highway,1800,40.7135,-74.012,334,100,Clear,30.4,0.0,0,18.56,21.0
2026-07-29 00:00:00,R102,Highway,1800,40.7135,-74.012,386,100,Cloudy,16.4,0.0,0,21.44,18.56
2026-07-29 01:00:00,R102,Highway,1800,40.7135,-74.012,380,100,Cloudy,16.4,0.0,0,21.11,21.44
2026-07-29 02:00:00,R102,Highway,1800,40.7135,-74.012,364,100,Cloudy,16.4,0.0,0,20.22,21.11
2026-07-29 03:00:00,R102,Highway,1800,40.7135,-74.012,359,100,Cloudy,16.4,0.0,0,19.94,20.22
2026-07-29 04:00:00,R102,Highway,1800,40.7135,-74.012,319,100,Cloudy,16.4,0.0,0,17.72,19.94
2026-07-29 05:00:00,R102,Highway,1800,40.7135,-74.012,322,100,Cloudy,16.4,0.0,0,17.89,17.72
2026-07-29 06:00:00,R102,Highway,1800,40.7135,-74.012,313,100,Cloudy,16.4,0.0,0,17.39,17.89
2026-07-29 07:00:00,R102,Highway,1800,40.7135,-74.012,1830,34,Cloudy,16.4,0.0,0,101.67,17.39
2026-07-29 08:00:00,R102,Highway,1800,40.7135,-74.012,1626,40,Cloudy,16.4,0.0,0,90.33,101.67
2026-07-29 09:00:00,R102,Highway,1800,40.7135,-74.012,1799,35,Cloudy,16.4,0.0,0,99.94,90.33
2026-07-29 10:00:00,R102,Highway,1800,40.7135,-74.012,1072,64,Cloudy,16.4,0.0,0,59.56,99.94
2026-07-29 11:00:00,R102,Highway,1800,40.7135,-74.012,1016,67,Cloudy,16.4,0.0,0,56.44,59.56
2026-07-29 12:00:00,R102,Highway,1800,40.7135,-74.012,952,70,Cloudy,16.4,0.0,0,52.89,56.44
2026-07-29 13:00:00,R102,Highway,1800,40.7135,-74.012,962,70,Cloudy,16.4,0.0,0,53.44,52.89
2026-07-29 14:00:00,R102,Highway,1800,40.7135,-74.012,999,68,Cloudy,16.4,0.0,0,55.5,53.44
2026-07-29 15:00:00,R102,Highway,1800,40.7135,-74.012,1149,60,Cloudy,16.4,0.0,0,63.83,55.5
2026-07-29 16:00:00,R102,Highway,1800,40.7135,-74.012,1886,9,Cloudy,16.4,0.0,1,104.78,63.83
2026-07-29 17:00:00,R102,Highway,1800,40.7135,-74.012,1628,40,Cloudy,16.4,0.0,0,90.44,104.78
2026-07-29 18:00:00,R102,Highway,1800,40.7135,-74.012,1875,9,Cloudy,16.4,0.0,1,104.17,90.44
2026-07-29 19:00:00,R102,Highway,1800,40.7135,-74.012,1841,33,Cloudy,16.4,0.0,0,102.28,104.17
2026-07-29 20:00:00,R102,Highway,1800,40.7135,-74.012,397,100,Cloudy,16.4,0.0,0,22.06,102.28
2026-07-29 21:00:00,R102,Highway,1800,40.7135,-74.012,401,100,Cloudy,16.4,0.0,0,22.28,22.06
2026-07-29 22:00:00,R102,Highway,1800,40.7135,-74.012,338,100,Cloudy,16.4,0.0,0,18.78,22.28
2026-07-29 23:00:00,R102,Highway,1800,40.7135,-74.012,348,100,Cloudy,16.4,0.0,0,19.33,18.78
2026-07-30 00:00:00,R102,Highway,1800,40.7135,-74.012,381,100,Clear,24.5,0.0,0,21.17,19.33
2026-07-30 01:00:00,R102,Highway,1800,40.7135,-74.012,380,100,Clear,24.5,0.0,0,21.11,21.17
2026-07-30 02:00:00,R102,Highway,1800,40.7135,-74.012,351,100,Clear,24.5,0.0,0,19.5,21.11
2026-07-30 03:00:00,R102,Highway,1800,40.7135,-74.012,410,30,Clear,24.5,0.0,1,22.78,19.5
2026-07-30 04:00:00,R102,Highway,1800,40.7135,-74.012,366,100,Clear,24.5,0.0,0,20.33,22.78
2026-07-30 05:00:00,R102,Highway,1800,40.7135,-74.012,378,100,Clear,24.5,0.0,0,21.0,20.33
2026-07-30 06:00:00,R102,Highway,1800,40.7135,-74.012,359,100,Clear,24.5,0.0,0,19.94,21.0
2026-07-30 07:00:00,R102,Highway,1800,40.7135,-74.012,1793,35,Clear,24.5,0.0,0,99.61,19.94
2026-07-30 08:00:00,R102,Highway,1800,40.7135,-74.012,1516,44,Clear,24.5,0.0,0,84.22,99.61
2026-07-30 09:00:00,R102,Highway,1800,40.7135,-74.012,1571,42,Clear,24.5,0.0,0,87.28,84.22
2026-07-30 10:00:00,R102,Highway,1800,40.7135,-74.012,1202,57,Clear,24.5,0.0,0,66.78,87.28
2026-07-30 11:00:00,R102,Highway,1800,40.7135,-74.012,1183,58,Clear,24.5,0.0,0,65.72,66.78
2026-07-30 12:00:00,R102,Highway,1800,40.7135,-74.012,980,69,Clear,24.5,0.0,0,54.44,65.72
2026-07-30 13:00:00,R102,Highway,1800,40.7135,-74.012,1133,61,Clear,24.5,0.0,0,62.94,54.44
2026-07-30 14:00:00,R102,Highway,1800,40.7135,-74.012,1054,65,Clear,24.5,0.0,0,58.56,62.94
2026-07-30 15:00:00,R102,Highway,1800,40.7135,-74.012,1204,57,Clear,24.5,0.0,0,66.89,58.56
2026-07-30 16:00:00,R102,Highway,1800,40.7135,-74.012,1923,31,Clear,24.5,0.0,0,106.83,66.89
2026-07-30 17:00:00,R102,Highway,1800,40.7135,-74.012,1865,33,Clear,24.5,0.0,0,103.61,106.83
2026-07-30 18:00:00,R102,Highway,1800,40.7135,-74.012,1744,36,Clear,24.5,0.0,0,96.89,103.61
2026-07-30 19:00:00,R102,Highway,1800,40.7135,-74.012,1500,44,Clear,24.5,0.0,0,83.33,96.89
2026-07-30 20:00:00,R102,Highway,1800,40.7135,-74.012,353,100,Clear,24.5,0.0,0,19.61,83.33
2026-07-30 21:00:00,R102,Highway,1800,40.7135,-74.012,381,100,Clear,24.5,0.0,0,21.17,19.61
2026-07-30 22:00:00,R102,Highway,1800,40.7135,-74.012,352,100,Clear,24.5,0.0,0,19.56,21.17
2026-07-30 23:00:00,R102,Highway,1800,40.7135,-74.012,326,100,Clear,24.5,0.0,0,18.11,19.56
2026-07-31 00:00:00,R102,Highway,1800,40.7135,-74.012,369,100,Clear,25.7,0.0,0,20.5,18.11
2026-07-31 01:00:00,R102,Highway,1800,40.7135,-74.012,333,100,Clear,25.7,0.0,0,18.5,20.5
2026-07-31 02:00:00,R102,Highway,1800,40.7135,-74.012,342,100,Clear,25.7,0.0,0,19.0,18.5
2026-07-31 03:00:00,R102,Highway,1800,40.7135,-74.012,349,100,Clear,25.7,0.0,0,19.39,19.0
2026-07-31 04:00:00,R102,Highway,1800,40.7135,-74.012,382,100,Clear,25.7,0.0,0,21.22,19.39
2026-07-31 05:00:00,R102,Highway,1800,40.7135,-74.012,310,100,Clear,25.7,0.0,0,17.22,21.22
2026-07-31 06:00:00,R102,Highway,1800,40.7135,-74.012,306,100,Clear,25.7,0.0,0,17.0,17.22
2026-07-31 07:00:00,R102,Highway,1800,40.7135,-74.012,1782,10,Clear,25.7,0.0,1,99.0,17.0
2026-07-31 08:00:00,R102,Highway,1800,40.7135,-74.012,1738,36,Clear,25.7,0.0,0,96.56,99.0
2026-07-31 09:00:00,R102,Highway,1800,40.7135,-74.012,1777,35,Clear,25.7,0.0,0,98.72,96.56
2026-07-31 10:00:00,R102,Highway,1800,40.7135,-74.012,990,68,Clear,25.7,0.0,0,55.0,98.72
2026-07-31 11:00:00,R102,Highway,1800,40.7135,-74.012,1099,62,Clear,25.7,0.0,0,61.06,55.0
2026-07-31 12:00:00,R102,Highway,1800,40.7135,-74.012,1067,64,Clear,25.7,0.0,0,59.28,61.06
2026-07-31 13:00:00,R102,Highway,1800,40.7135,-74.012,1192,58,Clear,25.7,0.0,0,66.22,59.28
2026-07-31 14:00:00,R102,Highway,1800,40.7135,-74.012,960,70,Clear,25.7,0.0,0,53.33,66.22
2026-07-31 15:00:00,R102,Highway,1800,40.7135,-74.012,1050,65,Clear,25.7,0.0,0,58.33,53.33
2026-07-31 16:00:00,R102,Highway,1800,40.7135,-74.012,1803,34,Clear,25.7,0.0,0,100.17,58.33
2026-07-31 17:00:00,R102,Highway,1800,40.7135,-74.012,1763,36,Clear,25.7,0.0,0,97.94,100.17
2026-07-31 18:00:00,R102,Highway,1800,40.7135,-74.012,1868,33,Clear,25.7,0.0,0,103.78,97.94
2026-07-31 19:00:00,R102,Highway,1800,40.7135,-74.012,2160,7,Clear,25.7,0.0,1,120.0,103.78
2026-07-31 20:00:00,R102,Highway,1800,40.7135,-74.012,322,100,Clear,25.7,0.0,0,17.89,120.0
2026-07-31 21:00:00,R102,Highway,1800,40.7135,-74.012,387,100,Clear,25.7,0.0,0,21.5,17.89
2026-07-31 22:00:00,R102,Highway,1800,40.7135,-74.012,361,100,Clear,25.7,0.0,0,20.06,21.5
2026-07-31 23:00:00,R102,Highway,1800,40.7135,-74.012,353,100,Clear,25.7,0.0,0,19.61,20.06
2026-08-01 00:00:00,R102,Highway,1800,40.7135,-74.012,399,100,Clear,29.0,0.0,0,22.17,19.61
2026-08-01 01:00:00,R102,Highway,1800,40.7135,-74.012,349,100,Clear,29.0,0.0,0,19.39,22.17
2026-08-01 02:00:00,R102,Highway,1800,40.7135,-74.012,312,100,Clear,29.0,0.0,0,17.33,19.39
2026-08-01 03:00:00,R102,Highway,1800,40.7135,-74.012,382,100,Clear,29.0,0.0,0,21.22,17.33
2026-08-01 04:00:00,R102,Highway,1800,40.7135,-74.012,337,100,Clear,29.0,0.0,0,18.72,21.22
2026-08-01 05:00:00,R102,Highway,1800,40.7135,-74.012,387,100,Clear,29.0,0.0,0,21.5,18.72
2026-08-01 06:00:00,R102,Highway,1800,40.7135,-74.012,306,100,Clear,29.0,0.0,0,17.0,21.5
2026-08-01 07:00:00,R102,Highway,1800,40.7135,-74.012,360,100,Clear,29.0,0.0,0,20.0,17.0
2026-08-01 08:00:00,R102,Highway,1800,40.7135,-74.012,362,100,Clear,29.0,0.0,0,20.11,20.0
2026-08-01 09:00:00,R102,Highway,1800,40.7135,-74.012,315,100,Clear,29.0,0.0,0,17.5,20.11
2026-08-01 10:00:00,R102,Highway,1800,40.7135,-74.012,405,100,Clear,29.0,0.0,0,22.5,17.5
2026-08-01 11:00:00,R102,Highway,1800,40.7135,-74.012,1258,54,Clear,29.0,0.0,0,69.89,22.5
2026-08-01 12:00:00,R102,Highway,1800,40.7135,-74.012,1448,46,Clear,29.0,0.0,0,80.44,69.89
2026-08-01 13:00:00,R102,Highway,1800,40.7135,-74.012,1231,56,Clear,29.0,0.0,0,68.39,80.44
2026-08-01 14:00:00,R102,Highway,1800,40.7135,-74.012,1145,60,Clear,29.0,0.0,0,63.61,68.39
2026-08-01 15:00:00,R102,Highway,1800,40.7135,-74.012,1397,48,Clear,29.0,0.0,0,77.61,63.61
2026-08-01 16:00:00,R102,Highway,1800,40.7135,-74.012,1202,57,Clear,29.0,0.0,0,66.78,77.61
2026-08-01 17:00:00,R102,Highway,1800,40.7135,-74.012,1220,56,Clear,29.0,0.0,0,67.78,66.78
2026-08-01 18:00:00,R102,Highway,1800,40.7135,-74.012,927,72,Clear,29.0,0.0,0,51.5,67.78
2026-08-01 19:00:00,R102,Highway,1800,40.7135,-74.012,1064,64,Clear,29.0,0.0,0,59.11,51.5
2026-08-01 20:00:00,R102,Highway,1800,40.7135,-74.012,1141,60,Clear,29.0,0.0,0,63.39,59.11
2026-08-01 21:00:00,R102,Highway,1800,40.7135,-74.012,383,100,Clear,29.0,0.0,0,21.28,63.39
2026-08-01 22:00:00,R102,Highway,1800,40.7135,-74.012,394,100,Clear,29.0,0.0,0,21.89,21.28
2026-08-01 23:00:00,R102,Highway,1800,40.7135,-74.012,378,100,Clear,29.0,0.0,0,21.0,21.89
2026-08-02 00:00:00,R102,Highway,1800,40.7135,-74.012,342,100,Clear,31.6,0.0,0,19.0,21.0
2026-08-02 01:00:00,R102,Highway,1800,40.7135,-74.012,392,100,Clear,31.6,0.0,0,21.78,19.0
2026-08-02 02:00:00,R102,Highway,1800,40.7135,-74.012,391,100,Clear,31.6,0.0,0,21.72,21.78
2026-08-02 03:00:00,R102,Highway,1800,40.7135,-74.012,372,100,Clear,31.6,0.0,0,20.67,21.72
2026-08-02 04:00:00,R102,Highway,1800,40.7135,-74.012,344,100,Clear,31.6,0.0,0,19.11,20.67
2026-08-02 05:00:00,R102,Highway,1800,40.7135,-74.012,407,100,Clear,31.6,0.0,0,22.61,19.11
2026-08-02 06:00:00,R102,Highway,1800,40.7135,-74.012,331,100,Clear,31.6,0.0,0,18.39,22.61
2026-08-02 07:00:00,R102,Highway,1800,40.7135,-74.012,346,100,Clear,31.6,0.0,0,19.22,18.39
2026-08-02 08:00:00,R102,Highway,1800,40.7135,-74.012,361,100,Clear,31.6,0.0,0,20.06,19.22
2026-08-02 09:00:00,R102,Highway,1800,40.7135,-74.012,309,100,Clear,31.6,0.0,0,17.17,20.06
2026-08-02 10:00:00,R102,Highway,1800,40.7135,-74.012,307,100,Clear,31.6,0.0,0,17.06,17.17
2026-08-02 11:00:00,R102,Highway,1800,40.7135,-74.012,1097,62,Clear,31.6,0.0,0,60.94,17.06
2026-08-02 12:00:00,R102,Highway,1800,40.7135,-74.012,1341,51,Clear,31.6,0.0,0,74.5,60.94
2026-08-02 13:00:00,R102,Highway,1800,40.7135,-74.012,1375,49,Clear,31.6,0.0,0,76.39,74.5
2026-08-02 14:00:00,R102,Highway,1800,40.7135,-74.012,1300,53,Clear,31.6,0.0,0,72.22,76.39
2026-08-02 15:00:00,R102,Highway,1800,40.7135,-74.012,1447,46,Clear,31.6,0.0,0,80.39,72.22
2026-08-02 16:00:00,R102,Highway,1800,40.7135,-74.012,1124,61,Clear,31.6,0.0,0,62.44,80.39
2026-08-02 17:00:00,R102,Highway,1800,40.7135,-74.012,1024,66,Clear,31.6,0.0,0,56.89,62.44
2026-08-02 18:00:00,R102,Highway,1800,40.7135,-74.012,1190,58,Clear,31.6,0.0,0,66.11,56.89
2026-08-02 19:00:00,R102,Highway,1800,40.7135,-74.012,1199,57,Clear,31.6,0.0,0,66.61,66.11
2026-08-02 20:00:00,R102,Highway,1800,40.7135,-74.012,1158,59,Clear,31.6,0.0,0,64.33,66.61
2026-08-02 21:00:00,R102,Highway,1800,40.7135,-74.012,317,100,Clear,31.6,0.0,0,17.61,64.33
2026-08-02 22:00:00,R102,Highway,1800,40.7135,-74.012,322,100,Clear,31.6,0.0,0,17.89,17.61
2026-08-02 23:00:00,R102,Highway,1800,40.7135,-74.012,370,100,Clear,31.6,0.0,0,20.56,17.89
2026-08-03 00:00:00,R102,Highway,1800,40.7135,-74.012,324,100,Cloudy,18.0,0.0,0,18.0,20.56
2026-08-03 01:00:00,R102,Highway,1800,40.7135,-74.012,317,100,Cloudy,18.0,0.0,0,17.61,18.0
2026-08-03 02:00:00,R102,Highway,1800,40.7135,-74.012,329,100,Cloudy,18.0,0.0,0,18.28,17.61
2026-08-03 03:00:00,R102,Highway,1800,40.7135,-74.012,331,100,Cloudy,18.0,0.0,0,18.39,18.28
2026-08-03 04:00:00,R102,Highway,1800,40.7135,-74.012,383,100,Cloudy,18.0,0.0,0,21.28,18.39
2026-08-03 05:00:00,R102,Highway,1800,40.7135,-74.012,315,100,Cloudy,18.0,0.0,0,17.5,21.28
2026-08-03 06:00:00,R102,Highway,1800,40.7135,-74.012,368,100,Cloudy,18.0,0.0,0,20.44,17.5
2026-08-03 07:00:00,R102,Highway,1800,40.7135,-74.012,1590,41,Cloudy,18.0,0.0,0,88.33,20.44
2026-08-03 08:00:00,R102,Highway,1800,40.7135,-74.012,1541,43,Cloudy,18.0,0.0,0,85.61,88.33
2026-08-03 09:00:00,R102,Highway,1800,40.7135,-74.012,1743,36,Cloudy,18.0,0.0,0,96.83,85.61
2026-08-03 10:00:00,R102,Highway,1800,40.7135,-74.012,985,69,Cloudy,18.0,0.0,0,54.72,96.83
2026-08-03 11:00:00,R102,Highway,1800,40.7135,-74.012,1034,66,Cloudy,18.0,0.0,0,57.44,54.72
2026-08-03 12:00:00,R102,Highway,1800,40.7135,-74.012,1089,63,Cloudy,18.0,0.0,0,60.5,57.44
2026-08-03 13:00:00,R102,Highway,1800,40.7135,-74.012,1191,58,Cloudy,18.0,0.0,0,66.17,60.5
2026-08-03 14:00:00,R102,Highway,1800,40.7135,-74.012,1115,61,Cloudy,18.0,0.0,0,61.94,66.17
2026-08-03 15:00:00,R102,Highway,1800,40.7135,-74.012,1194,57,Cloudy,18.0,0.0,0,66.33,61.94
2026-08-03 16:00:00,R102,Highway,1800,40.7135,-74.012,1498,45,Cloudy,18.0,0.0,0,83.22,66.33
2026-08-03 17:00:00,R102,Highway,1800,40.7135,-74.012,1755,10,Cloudy,18.0,0.0,1,97.5,83.22
2026-08-03 18:00:00,R102,Highway,1800,40.7135,-74.012,1667,39,Cloudy,18.0,0.0,0,92.61,97.5
2026-08-03 19:00:00,R102,Highway,1800,40.7135,-74.012,1807,34,Cloudy,18.0,0.0,0,100.39,92.61
2026-08-03 20:00:00,R102,Highway,1800,40.7135,-74.012,410,100,Cloudy,18.0,0.0,0,22.78,100.39
2026-08-03 21:00:00,R102,Highway,1800,40.7135,-74.012,387,100,Cloudy,18.0,0.0,0,21.5,22.78
2026-08-03 22:00:00,R102,Highway,1800,40.7135,-74.012,403,100,Cloudy,18.0,0.0,0,22.39,21.5
2026-08-03 23:00:00,R102,Highway,1800,40.7135,-74.012,399,100,Cloudy,18.0,0.0,0,22.17,22.39
2026-08-04 00:00:00,R102,Highway,1800,40.7135,-74.012,324,80,Rainy,10.1,3.0,0,18.0,22.17
2026-08-04 01:00:00,R102,Highway,1800,40.7135,-74.012,358,80,Rainy,10.1,3.0,0,19.89,18.0
2026-08-04 02:00:00,R102,Highway,1800,40.7135,-74.012,389,80,Rainy,10.1,3.0,0,21.61,19.89
2026-08-04 03:00:00,R102,Highway,1800,40.7135,-74.012,363,80,Rainy,10.1,3.0,0,20.17,21.61
2026-08-04 04:00:00,R102,Highway,1800,40.7135,-74.012,380,24,Rainy,10.1,3.0,1,21.11,20.17
2026-08-04 05:00:00,R102,Highway,1800,40.7135,-74.012,331,80,Rainy,10.1,3.0,0,18.39,21.11
2026-08-04 06:00:00,R102,Highway,1800,40.7135,-74.012,368,80,Rainy,10.1,3.0,0,20.44,18.39
2026-08-04 07:00:00,R102,Highway,1800,40.7135,-74.012,1776,28,Rainy,10.1,3.0,0,98.67,20.44
2026-08-04 08:00:00,R102,Highway,1800,40.7135,-74.012,1822,27,Rainy,10.1,3.0,0,101.22,98.67
2026-08-04 09:00:00,R102,Highway,1800,40.7135,-74.012,1846,26,Rainy,10.1,3.0,0,102.56,101.22
2026-08-04 10:00:00,R102,Highway,1800,40.7135,-74.012,995,54,Rainy,10.1,3.0,0,55.28,102.56
2026-08-04 11:00:00,R102,Highway,1800,40.7135,-74.012,1187,46,Rainy,10.1,3.0,0,65.94,55.28
2026-08-04 12:00:00,R102,Highway,1800,40.7135,-74.012,1428,11,Rainy,10.1,3.0,1,79.33,65.94
2026-08-04 13:00:00,R102,Highway,1800,40.7135,-74.012,1224,45,Rainy,10.1,3.0,0,68.0,79.33
2026-08-04 14:00:00,R102,Highway,1800,40.7135,-74.012,1221,13,Rainy,10.1,3.0,1,67.83,68.0
2026-08-04 15:00:00,R102,Highway,1800,40.7135,-74.012,1196,46,Rainy,10.1,3.0,0,66.44,67.83
2026-08-04 16:00:00,R102,Highway,1800,40.7135,-74.012,1557,34,Rainy,10.1,3.0,0,86.5,66.44
2026-08-04 17:00:00,R102,Highway,1800,40.7135,-74.012,1776,28,Rainy,10.1,3.0,0,98.67,86.5
2026-08-04 18:00:00,R102,Highway,1800,40.7135,-74.012,1835,27,Rainy,10.1,3.0,0,101.94,98.67
2026-08-04 19:00:00,R102,Highway,1800,40.7135,-74.012,1902,25,Rainy,10.1,3.0,0,105.67,101.94
2026-08-04 20:00:00,R102,Highway,1800,40.7135,-74.012,383,80,Rainy,10.1,3.0,0,21.28,105.67
2026-08-04 21:00:00,R102,Highway,1800,40.7135,-74.012,335,80,Rainy,10.1,3.0,0,18.61,21.28
2026-08-04 22:00:00,R102,Highway,1800,40.7135,-74.012,347,80,Rainy,10.1,3.0,0,19.28,18.61
2026-08-04 23:00:00,R102,Highway,1800,40.7135,-74.012,318,80,Rainy,10.1,3.0,0,17.67,19.28
2026-08-05 00:00:00,R102,Highway,1800,40.7135,-74.012,393,100,Clear,22.3,0.0,0,21.83,17.67
2026-08-05 01:00:00,R102,Highway,1800,40.7135,-74.012,407,100,Clear,22.3,0.0,0,22.61,21.83
2026-08-05 02:00:00,R102,Highway,1800,40.7135,-74.012,397,100,Clear,22.3,0.0,0,22.06,22.61
2026-08-05 03:00:00,R102,Highway,1800,40.7135,-74.012,313,100,Clear,22.3,0.0,0,17.39,22.06
2026-08-05 04:00:00,R102,Highway,1800,40.7135,-74.012,322,100,Clear,22.3,0.0,0,17.89,17.39
2026-08-05 05:00:00,R102,Highway,1800,40.7135,-74.012,410,100,Clear,22.3,0.0,0,22.78,17.89
2026-08-05 06:00:00,R102,Highway,1800,40.7135,-74.012,361,100,Clear,22.3,0.0,0,20.06,22.78
2026-08-05 07:00:00,R102,Highway,1800,40.7135,-74.012,1599,41,Clear,22.3,0.0,0,88.83,20.06
2026-08-05 08:00:00,R102,Highway,1800,40.7135,-74.012,1666,39,Clear,22.3,0.0,0,92.56,88.83
2026-08-05 09:00:00,R102,Highway,1800,40.7135,-74.012,1806,34,Clear,22.3,0.0,0,100.33,92.56
2026-08-05 10:00:00,R102,Highway,1800,40.7135,-74.012,1017,67,Clear,22.3,0.0,0,56.5,100.33
2026-08-05 11:00:00,R102,Highway,1800,40.7135,-74.012,1001,68,Clear,22.3,0.0,0,55.61,56.5
2026-08-05 12:00:00,R102,Highway,1800,40.7135,-74.012,1183,58,Clear,22.3,0.0,0,65.72,55.61
2026-08-05 13:00:00,R102,Highway,1800,40.7135,-74.012,1076,63,Clear,22.3,0.0,0,59.78,65.72
2026-08-05 14:00:00,R102,Highway,1800,40.7135,-74.012,955,70,Clear,22.3,0.0,0,53.06,59.78
2026-08-05 15:00:00,R102,Highway,1800,40.7135,-74.012,1103,62,Clear,22.3,0.0,0,61.28,53.06
2026-08-05 16:00:00,R102,Highway,1800,40.7135,-74.012,1488,45,Clear,22.3,0.0,0,82.67,61.28
2026-08-05 17:00:00,R102,Highway,1800,40.7135,-74.012,1476,45,Clear,22.3,0.0,0,82.0,82.67
2026-08-05 18:00:00,R102,Highway,1800,40.7135,-74.012,1805,34,Clear,22.3,0.0,0,100.28,82.0
2026-08-05 19:00:00,R102,Highway,1800,40.7135,-74.012,1779,10,Clear,22.3,0.0,1,98.83,100.28
2026-08-05 20:00:00,R102,Highway,1800,40.7135,-74.012,388,100,Clear,22.3,0.0,0,21.56,98.83
2026-08-05 21:00:00,R102,Highway,1800,40.7135,-74.012,401,100,Clear,22.3,0.0,0,22.28,21.56
2026-08-05 22:00:00,R102,Highway,1800,40.7135,-74.012,309,100,Clear,22.3,0.0,0,17.17,22.28
2026-08-05 23:00:00,R102,Highway,1800,40.7135,-74.012,326,100,Clear,22.3,0.0,0,18.11,17.17
2026-08-06 00:00:00,R102,Highway,1800,40.7135,-74.012,396,100,Cloudy,16.2,0.0,0,22.0,18.11
2026-08-06 01:00:00,R102,Highway,1800,40.7135,-74.012,368,100,Cloudy,16.2,0.0,0,20.44,22.0
2026-08-06 02:00:00,R102,Highway,1800,40.7135,-74.012,383,100,Cloudy,16.2,0.0,0,21.28,20.44
2026-08-06 03:00:00,R102,Highway,1800,40.7135,-74.012,367,100,Cloudy,16.2,0.0,0,20.39,21.28
2026-08-06 04:00:00,R102,Highway,1800,40.7135,-74.012,376,100,Cloudy,16.2,0.0,0,20.89,20.39
2026-08-06 05:00:00,R102,Highway,1800,40.7135,-74.012,367,100,Cloudy,16.2,0.0,0,20.39,20.89
2026-08-06 06:00:00,R102,Highway,1800,40.7135,-74.012,328,100,Cloudy,16.2,0.0,0,18.22,20.39
2026-08-06 07:00:00,R102,Highway,1800,40.7135,-74.012,1380,49,Cloudy,16.2,0.0,0,76.67,18.22
2026-08-06 08:00:00,R102,Highway,1800,40.7135,-74.012,1422,47,Cloudy,16.2,0.0,0,79.0,76.67
2026-08-06 09:00:00,R102,Highway,1800,40.7135,-74.012,1464,46,Cloudy,16.2,0.0,0,81.33,79.0
2026-08-06 10:00:00,R102,Highway,1800,40.7135,-74.012,1007,67,Cloudy,16.2,0.0,0,55.94,81.33
2026-08-06 11:00:00,R102,Highway,1800,40.7135,-74.012,1052,65,Cloudy,16.2,0.0,0,58.44,55.94
2026-08-06 12:00:00,R102,Highway,1800,40.7135,-74.012,1004,67,Cloudy,16.2,0.0,0,55.78,58.44
2026-08-06 13:00:00,R102,Highway,1800,40.7135,-74.012,1178,58,Cloudy,16.2,0.0,0,65.44,55.78
2026-08-06 14:00:00,R102,Highway,1800,40.7135,-74.012,1083,63,Cloudy,16.2,0.0,0,60.17,65.44
2026-08-06 15:00:00,R102,Highway,1800,40.7135,-74.012,1190,58,Cloudy,16.2,0.0,0,66.11,60.17
2026-08-06 16:00:00,R102,Highway,1800,40.7135,-74.012,1828,34,Cloudy,16.2,0.0,0,101.56,66.11
2026-08-06 17:00:00,R102,Highway,1800,40.7135,-74.012,1584,41,Cloudy,16.2,0.0,0,88.0,101.56
2026-08-06 18:00:00,R102,Highway,1800,40.7135,-74.012,1862,9,Cloudy,16.2,0.0,1,103.44,88.0
2026-08-06 19:00:00,R102,Highway,1800,40.7135,-74.012,1839,33,Cloudy,16.2,0.0,0,102.17,103.44
2026-08-06 20:00:00,R102,Highway,1800,40.7135,-74.012,326,100,Cloudy,16.2,0.0,0,18.11,102.17
2026-08-06 21:00:00,R102,Highway,1800,40.7135,-74.012,369,100,Cloudy,16.2,0.0,0,20.5,18.11
2026-08-06 22:00:00,R102,Highway,1800,40.7135,-74.012,340,100,Cloudy,16.2,0.0,0,18.89,20.5
2026-08-06 23:00:00,R102,Highway,1800,40.7135,-74.012,388,100,Cloudy,16.2,0.0,0,21.56,18.89
2026-08-07 00:00:00,R102,Highway,1800,40.7135,-74.012,347,100,Clear,25.9,0.0,0,19.28,21.56
2026-08-07 01:00:00,R102,Highway,1800,40.7135,-74.012,340,100,Clear,25.9,0.0,0,18.89,19.28
2026-08-07 02:00:00,R102,Highway,1800,40.7135,-74.012,338,100,Clear,25.9,0.0,0,18.78,18.89
2026-08-07 03:00:00,R102,Highway,1800,40.7135,-74.012,398,100,Clear,25.9,0.0,0,22.11,18.78
2026-08-07 04:00:00,R102,Highway,1800,40.7135,-74.012,314,100,Clear,25.9,0.0,0,17.44,22.11
2026-08-07 05:00:00,R102,Highway,1800,40.7135,-74.012,384,100,Clear,25.9,0.0,0,21.33,17.44
2026-08-07 06:00:00,R102,Highway,1800,40.7135,-74.012,385,100,Clear,25.9,0.0,0,21.39,21.33
2026-08-07 07:00:00,R102,Highway,1800,40.7135,-74.012,1826,34,Clear,25.9,0.0,0,101.44,21.39
2026-08-07 08:00:00,R102,Highway,1800,40.7135,-74.012,1761,36,Clear,25.9,0.0,0,97.83,101.44
2026-08-07 09:00:00,R102,Highway,1800,40.7135,-74.012,1755,36,Clear,25.9,0.0,0,97.5,97.83
2026-08-07 10:00:00,R102,Highway,1800,40.7135,-74.012,966,70,Clear,25.9,0.0,0,53.67,97.5
2026-08-07 11:00:00,R102,Highway,1800,40.7135,-74.012,930,72,Clear,25.9,0.0,0,51.67,53.67
2026-08-07 12:00:00,R102,Highway,1800,40.7135,-74.012,1026,66,Clear,25.9,0.0,0,57.0,51.67
2026-08-07 13:00:00,R102,Highway,1800,40.7135,-74.012,1072,64,Clear,25.9,0.0,0,59.56,57.0
2026-08-07 14:00:00,R102,Highway,1800,40.7135,-74.012,1077,63,Clear,25.9,0.0,0,59.83,59.56
2026-08-07 15:00:00,R102,Highway,1800,40.7135,-74.012,1154,59,Clear,25.9,0.0,0,64.11,59.83
2026-08-07 16:00:00,R102,Highway,1800,40.7135,-74.012,1844,33,Clear,25.9,0.0,0,102.44,64.11
2026-08-07 17:00:00,R102,Highway,1800,40.7135,-74.012,1528,43,Clear,25.9,0.0,0,84.89,102.44
2026-08-07 18:00:00,R102,Highway,1800,40.7135,-74.012,1716,37,Clear,25.9,0.0,0,95.33,84.89
2026-08-07 19:00:00,R102,Highway,1800,40.7135,-74.012,1910,31,Clear,25.9,0.0,0,106.11,95.33
2026-08-07 20:00:00,R102,Highway,1800,40.7135,-74.012,331,100,Clear,25.9,0.0,0,18.39,106.11
2026-08-07 21:00:00,R102,Highway,1800,40.7135,-74.012,370,100,Clear,25.9,0.0,0,20.56,18.39
2026-08-07 22:00:00,R102,Highway,1800,40.7135,-74.012,388,100,Clear,25.9,0.0,0,21.56,20.56
2026-08-07 23:00:00,R102,Highway,1800,40.7135,-74.012,411,100,Clear,25.9,0.0,0,22.83,21.56
2026-08-08 00:00:00,R102,Highway,1800,40.7135,-74.012,349,100,Clear,22.2,0.0,0,19.39,22.83
2026-08-08 01:00:00,R102,Highway,1800,40.7135,-74.012,345,100,Clear,22.2,0.0,0,19.17,19.39
2026-08-08 02:00:00,R102,Highway,1800,40.7135,-74.012,325,100,Clear,22.2,0.0,0,18.06,19.17
2026-08-08 03:00:00,R102,Highway,1800,40.7135,-74.012,370,100,Clear,22.2,0.0,0,20.56,18.06
2026-08-08 04:00:00,R102,Highway,1800,40.7135,-74.012,326,100,Clear,22.2,0.0,0,18.11,20.56
2026-08-08 05:00:00,R102,Highway,1800,40.7135,-74.012,339,100,Clear,22.2,0.0,0,18.83,18.11
2026-08-08 06:00:00,R102,Highway,1800,40.7135,-74.012,333,100,Clear,22.2,0.0,0,18.5,18.83
2026-08-08 07:00:00,R102,Highway,1800,40.7135,-74.012,374,100,Clear,22.2,0.0,0,20.78,18.5
2026-08-08 08:00:00,R102,Highway,1800,40.7135,-74.012,320,100,Clear,22.2,0.0,0,17.78,20.78
2026-08-08 09:00:00,R102,Highway,1800,40.7135,-74.012,376,100,Clear,22.2,0.0,0,20.89,17.78
2026-08-08 10:00:00,R102,Highway,1800,40.7135,-74.012,312,100,Clear,22.2,0.0,0,17.33,20.89
2026-08-08 11:00:00,R102,Highway,1800,40.7135,-74.012,1560,12,Clear,22.2,0.0,1,86.67,17.33
2026-08-08 12:00:00,R102,Highway,1800,40.7135,-74.012,1229,56,Clear,22.2,0.0,0,68.28,86.67
2026-08-08 13:00:00,R102,Highway,1800,40.7135,-74.012,1133,61,Clear,22.2,0.0,0,62.94,68.28
2026-08-08 14:00:00,R102,Highway,1800,40.7135,-74.012,1296,53,Clear,22.2,0.0,0,72.0,62.94
2026-08-08 15:00:00,R102,Highway,1800,40.7135,-74.012,1254,55,Clear,22.2,0.0,0,69.67,72.0
2026-08-08 16:00:00,R102,Highway,1800,40.7135,-74.012,971,69,Clear,22.2,0.0,0,53.94,69.67
2026-08-08 17:00:00,R102,Highway,1800,40.7135,-74.012,1123,61,Clear,22.2,0.0,0,62.39,53.94
2026-08-08 18:00:00,R102,Highway,1800,40.7135,-74.012,974,69,Clear,22.2,0.0,0,54.11,62.39
2026-08-08 19:00:00,R102,Highway,1800,40.7135,-74.012,1007,67,Clear,22.2,0.0,0,55.94,54.11
2026-08-08 20:00:00,R102,Highway,1800,40.7135,-74.012,1055,65,Clear,22.2,0.0,0,58.61,55.94
2026-08-08 21:00:00,R102,Highway,1800,40.7135,-74.012,373,100,Clear,22.2,0.0,0,20.72,58.61
2026-08-08 22:00:00,R102,Highway,1800,40.7135,-74.012,407,100,Clear,22.2,0.0,0,22.61,20.72
2026-08-08 23:00:00,R102,Highway,1800,40.7135,-74.012,382,100,Clear,22.2,0.0,0,21.22,22.61
2026-08-09 00:00:00,R102,Highway,1800,40.7135,-74.012,330,100,Clear,31.5,0.0,0,18.33,21.22
2026-08-09 01:00:00,R102,Highway,1800,40.7135,-74.012,312,100,Clear,31.5,0.0,0,17.33,18.33
2026-08-09 02:00:00,R102,Highway,1800,40.7135,-74.012,382,100,Clear,31.5,0.0,0,21.22,17.33
2026-08-09 03:00:00,R102,Highway,1800,40.7135,-74.012,410,100,Clear,31.5,0.0,0,22.78,21.22
2026-08-09 04:00:00,R102,Highway,1800,40.7135,-74.012,367,100,Clear,31.5,0.0,0,20.39,22.78
2026-08-09 05:00:00,R102,Highway,1800,40.7135,-74.012,370,100,Clear,31.5,0.0,0,20.56,20.39
2026-08-09 06:00:00,R102,Highway,1800,40.7135,-74.012,408,100,Clear,31.5,0.0,0,22.67,20.56
2026-08-09 07:00:00,R102,Highway,1800,40.7135,-74.012,319,100,Clear,31.5,0.0,0,17.72,22.67
2026-08-09 08:00:00,R102,Highway,1800,40.7135,-74.012,346,100,Clear,31.5,0.0,0,19.22,17.72
2026-08-09 09:00:00,R102,Highway,1800,40.7135,-74.012,391,100,Clear,31.5,0.0,0,21.72,19.22
2026-08-09 10:00:00,R102,Highway,1800,40.7135,-74.012,356,100,Clear,31.5,0.0,0,19.78,21.72
2026-08-09 11:00:00,R102,Highway,1800,40.7135,-74.012,1223,56,Clear,31.5,0.0,0,67.94,19.78
2026-08-09 12:00:00,R102,Highway,1800,40.7135,-74.012,1103,62,Clear,31.5,0.0,0,61.28,67.94
2026-08-09 13:00:00,R102,Highway,1800,40.7135,-74.012,1317,52,Clear,31.5,0.0,0,73.17,61.28
2026-08-09 14:00:00,R102,Highway,1800,40.7135,-74.012,1247,55,Clear,31.5,0.0,0,69.28,73.17
2026-08-09 15:00:00,R102,Highway,1800,40.7135,-74.012,1348,51,Clear,31.5,0.0,0,74.89,69.28
2026-08-09 16:00:00,R102,Highway,1800,40.7135,-74.012,1085,63,Clear,31.5,0.0,0,60.28,74.89
2026-08-09 17:00:00,R102,Highway,1800,40.7135,-74.012,986,68,Clear,31.5,0.0,0,54.78,60.28
2026-08-09 18:00:00,R102,Highway,1800,40.7135,-74.012,1036,66,Clear,31.5,0.0,0,57.56,54.78
2026-08-09 19:00:00,R102,Highway,1800,40.7135,-74.012,1115,61,Clear,31.5,0.0,0,61.94,57.56
2026-08-09 20:00:00,R102,Highway,1800,40.7135,-74.012,958,70,Clear,31.5,0.0,0,53.22,61.94
2026-08-09 21:00:00,R102,Highway,1800,40.7135,-74.012,356,100,Clear,31.5,0.0,0,19.78,53.22
2026-08-09 22:00:00,R102,Highway,1800,40.7135,-74.012,381,100,Clear,31.5,0.0,0,21.17,19.78
2026-08-09 23:00:00,R102,Highway,1800,40.7135,-74.012,391,100,Clear,31.5,0.0,0,21.72,21.17
2026-08-10 00:00:00,R102,Highway,1800,40.7135,-74.012,381,100,Cloudy,19.6,0.0,0,21.17,21.72
2026-08-10 01:00:00,R102,Highway,1800,40.7135,-74.012,339,100,Cloudy,19.6,0.0,0,18.83,21.17
2026-08-10 02:00:00,R102,Highway,1800,40.7135,-74.012,394,100,Cloudy,19.6,0.0,0,21.89,18.83
2026-08-10 03:00:00,R102,Highway,1800,40.7135,-74.012,413,100,Cloudy,19.6,0.0,0,22.94,21.89
2026-08-10 04:00:00,R102,Highway,1800,40.7135,-74.012,314,100,Cloudy,19.6,0.0,0,17.44,22.94
2026-08-10 05:00:00,R102,Highway,1800,40.7135,-74.012,374,100,Cloudy,19.6,0.0,0,20.78,17.44
2026-08-10 06:00:00,R102,Highway,1800,40.7135,-74.012,364,100,Cloudy,19.6,0.0,0,20.22,20.78
2026-08-10 07:00:00,R102,Highway,1800,40.7135,-74.012,1734,36,Cloudy,19.6,0.0,0,96.33,20.22
2026-08-10 08:00:00,R102,Highway,1800,40.7135,-74.012,1637,40,Cloudy,19.6,0.0,0,90.94,96.33
2026-08-10 09:00:00,R102,Highway,1800,40.7135,-74.012,1390,49,Cloudy,19.6,0.0,0,77.22,90.94
2026-08-10 10:00:00,R102,Highway,1800,40.7135,-74.012,988,68,Cloudy,19.6,0.0,0,54.89,77.22
2026-08-10 11:00:00,R102,Highway,1800,40.7135,-74.012,1203,57,Cloudy,19.6,0.0,0,66.83,54.89
2026-08-10 12:00:00,R102,Highway,1800,40.7135,-74.012,1192,58,Cloudy,19.6,0.0,0,66.22,66.83
2026-08-10 13:00:00,R102,Highway,1800,40.7135,-74.012,1069,64,Cloudy,19.6,0.0,0,59.39,66.22
2026-08-10 14:00:00,R102,Highway,1800,40.7135,-74.012,1050,65,Cloudy,19.6,0.0,0,58.33,59.39
2026-08-10 15:00:00,R102,Highway,1800,40.7135,-74.012,1115,61,Cloudy,19.6,0.0,0,61.94,58.33
2026-08-10 16:00:00,R102,Highway,1800,40.7135,-74.012,1543,43,Cloudy,19.6,0.0,0,85.72,61.94
2026-08-10 17:00:00,R102,Highway,1800,40.7135,-74.012,1562,42,Cloudy,19.6,0.0,0,86.78,85.72
2026-08-10 18:00:00,R102,Highway,1800,40.7135,-74.012,1486,45,Cloudy,19.6,0.0,0,82.56,86.78
2026-08-10 19:00:00,R102,Highway,1800,40.7135,-74.012,1548,43,Cloudy,19.6,0.0,0,86.0,82.56
2026-08-10 20:00:00,R102,Highway,1800,40.7135,-74.012,383,100,Cloudy,19.6,0.0,0,21.28,86.0
2026-08-10 21:00:00,R102,Highway,1800,40.7135,-74.012,371,100,Cloudy,19.6,0.0,0,20.61,21.28
2026-08-10 22:00:00,R102,Highway,1800,40.7135,-74.012,330,100,Cloudy,19.6,0.0,0,18.33,20.61
2026-08-10 23:00:00,R102,Highway,1800,40.7135,-74.012,317,100,Cloudy,19.6,0.0,0,17.61,18.33
2026-08-11 00:00:00,R102,Highway,1800,40.7135,-74.012,330,100,Clear,25.0,0.0,0,18.33,17.61
2026-08-11 01:00:00,R102,Highway,1800,40.7135,-74.012,335,100,Clear,25.0,0.0,0,18.61,18.33
2026-08-11 02:00:00,R102,Highway,1800,40.7135,-74.012,363,100,Clear,25.0,0.0,0,20.17,18.61
2026-08-11 03:00:00,R102,Highway,1800,40.7135,-74.012,354,100,Clear,25.0,0.0,0,19.67,20.17
2026-08-11 04:00:00,R102,Highway,1800,40.7135,-74.012,398,100,Clear,25.0,0.0,0,22.11,19.67
2026-08-11 05:00:00,R102,Highway,1800,40.7135,-74.012,359,100,Clear,25.0,0.0,0,19.94,22.11
2026-08-11 06:00:00,R102,Highway,1800,40.7135,-74.012,402,100,Clear,25.0,0.0,0,22.33,19.94
2026-08-11 07:00:00,R102,Highway,1800,40.7135,-74.012,1477,45,Clear,25.0,0.0,0,82.06,22.33
2026-08-11 08:00:00,R102,Highway,1800,40.7135,-74.012,1670,38,Clear,25.0,0.0,0,92.78,82.06
2026-08-11 09:00:00,R102,Highway,1800,40.7135,-74.012,1747,36,Clear,25.0,0.0,0,97.06,92.78
2026-08-11 10:00:00,R102,Highway,1800,40.7135,-74.012,948,71,Clear,25.0,0.0,0,52.67,97.06
2026-08-11 11:00:00,R102,Highway,1800,40.7135,-74.012,1179,58,Clear,25.0,0.0,0,65.5,52.67
2026-08-11 12:00:00,R102,Highway,1800,40.7135,-74.012,988,68,Clear,25.0,0.0,0,54.89,65.5
2026-08-11 13:00:00,R102,Highway,1800,40.7135,-74.012,987,68,Clear,25.0,0.0,0,54.83,54.89
2026-08-11 14:00:00,R102,Highway,1800,40.7135,-74.012,1005,67,Clear,25.0,0.0,0,55.83,54.83
2026-08-11 15:00:00,R102,Highway,1800,40.7135,-74.012,1185,58,Clear,25.0,0.0,0,65.83,55.83
2026-08-11 16:00:00,R102,Highway,1800,40.7135,-74.012,1742,36,Clear,25.0,0.0,0,96.78,65.83
2026-08-11 17:00:00,R102,Highway,1800,40.7135,-74.012,1601,41,Clear,25.0,0.0,0,88.94,96.78
2026-08-11 18:00:00,R102,Highway,1800,40.7135,-74.012,1827,34,Clear,25.0,0.0,0,101.5,88.94
2026-08-11 19:00:00,R102,Highway,1800,40.7135,-74.012,1535,43,Clear,25.0,0.0,0,85.28,101.5
2026-08-11 20:00:00,R102,Highway,1800,40.7135,-74.012,384,100,Clear,25.0,0.0,0,21.33,85.28
2026-08-11 21:00:00,R102,Highway,1800,40.7135,-74.012,348,100,Clear,25.0,0.0,0,19.33,21.33
2026-08-11 22:00:00,R102,Highway,1800,40.7135,-74.012,406,100,Clear,25.0,0.0,0,22.56,19.33
2026-08-11 23:00:00,R102,Highway,1800,40.7135,-74.012,325,100,Clear,25.0,0.0,0,18.06,22.56
2026-08-12 00:00:00,R102,Highway,1800,40.7135,-74.012,390,100,Clear,24.5,0.0,0,21.67,18.06
2026-08-12 01:00:00,R102,Highway,1800,40.7135,-74.012,390,100,Clear,24.5,0.0,0,21.67,21.67
2026-08-12 02:00:00,R102,Highway,1800,40.7135,-74.012,395,100,Clear,24.5,0.0,0,21.94,21.67
2026-08-12 03:00:00,R102,Highway,1800,40.7135,-74.012,350,100,Clear,24.5,0.0,0,19.44,21.94
2026-08-12 04:00:00,R102,Highway,1800,40.7135,-74.012,351,100,Clear,24.5,0.0,0,19.5,19.44
2026-08-12 05:00:00,R102,Highway,1800,40.7135,-74.012,341,100,Clear,24.5,0.0,0,18.94,19.5
2026-08-12 06:00:00,R102,Highway,1800,40.7135,-74.012,319,100,Clear,24.5,0.0,0,17.72,18.94
2026-08-12 07:00:00,R102,Highway,1800,40.7135,-74.012,1813,34,Clear,24.5,0.0,0,100.72,17.72
2026-08-12 08:00:00,R102,Highway,1800,40.7135,-74.012,1715,37,Clear,24.5,0.0,0,95.28,100.72
2026-08-12 09:00:00,R102,Highway,1800,40.7135,-74.012,1741,36,Clear,24.5,0.0,0,96.72,95.28
2026-08-12 10:00:00,R102,Highway,1800,40.7135,-74.012,1092,63,Clear,24.5,0.0,0,60.67,96.72
2026-08-12 11:00:00,R102,Highway,1800,40.7135,-74.012,952,70,Clear,24.5,0.0,0,52.89,60.67
2026-08-12 12:00:00,R102,Highway,1800,40.7135,-74.012,1032,66,Clear,24.5,0.0,0,57.33,52.89
2026-08-12 13:00:00,R102,Highway,1800,40.7135,-74.012,1226,56,Clear,24.5,0.0,0,68.11,57.33
2026-08-12 14:00:00,R102,Highway,1800,40.7135,-74.012,1169,59,Clear,24.5,0.0,0,64.94,68.11
2026-08-12 15:00:00,R102,Highway,1800,40.7135,-74.012,1141,60,Clear,24.5,0.0,0,63.39,64.94
2026-08-12 16:00:00,R102,Highway,1800,40.7135,-74.012,2128,7,Clear,24.5,0.0,1,118.22,63.39
2026-08-12 17:00:00,R102,Highway,1800,40.7135,-74.012,1824,34,Clear,24.5,0.0,0,101.33,118.22
2026-08-12 18:00:00,R102,Highway,1800,40.7135,-74.012,1637,40,Clear,24.5,0.0,0,90.94,101.33
2026-08-12 19:00:00,R102,Highway,1800,40.7135,-74.012,1658,39,Clear,24.5,0.0,0,92.11,90.94
2026-08-12 20:00:00,R102,Highway,1800,40.7135,-74.012,351,100,Clear,24.5,0.0,0,19.5,92.11
2026-08-12 21:00:00,R102,Highway,1800,40.7135,-74.012,346,100,Clear,24.5,0.0,0,19.22,19.5
2026-08-12 22:00:00,R102,Highway,1800,40.7135,-74.012,406,100,Clear,24.5,0.0,0,22.56,19.22
2026-08-12 23:00:00,R102,Highway,1800,40.7135,-74.012,329,100,Clear,24.5,0.0,0,18.28,22.56
2026-08-13 00:00:00,R102,Highway,1800,40.7135,-74.012,357,80,Heavy Rain,15.1,13.9,0,19.83,18.28
2026-08-13 01:00:00,R102,Highway,1800,40.7135,-74.012,361,80,Heavy Rain,15.1,13.9,0,20.06,19.83
2026-08-13 02:00:00,R102,Highway,1800,40.7135,-74.012,320,80,Heavy Rain,15.1,13.9,0,17.78,20.06
2026-08-13 03:00:00,R102,Highway,1800,40.7135,-74.012,357,80,Heavy Rain,15.1,13.9,0,19.83,17.78
2026-08-13 04:00:00,R102,Highway,1800,40.7135,-74.012,370,80,Heavy Rain,15.1,13.9,0,20.56,19.83
2026-08-13 05:00:00,R102,Highway,1800,40.7135,-74.012,333,80,Heavy Rain,15.1,13.9,0,18.5,20.56
2026-08-13 06:00:00,R102,Highway,1800,40.7135,-74.012,442,24,Heavy Rain,15.1,13.9,1,24.56,18.5
2026-08-13 07:00:00,R102,Highway,1800,40.7135,-74.012,1900,7,Heavy Rain,15.1,13.9,1,105.56,24.56
2026-08-13 08:00:00,R102,Highway,1800,40.7135,-74.012,1372,39,Heavy Rain,15.1,13.9,0,76.22,105.56
2026-08-13 09:00:00,R102,Highway,1800,40.7135,-74.012,1573,33,Heavy Rain,15.1,13.9,0,87.39,76.22
2026-08-13 10:00:00,R102,Highway,1800,40.7135,-74.012,1032,53,Heavy Rain,15.1,13.9,0,57.33,87.39
2026-08-13 11:00:00,R102,Highway,1800,40.7135,-74.012,1016,53,Heavy Rain,15.1,13.9,0,56.44,57.33
2026-08-13 12:00:00,R102,Highway,1800,40.7135,-74.012,901,59,Heavy Rain,15.1,13.9,0,50.06,56.44
2026-08-13 13:00:00,R102,Highway,1800,40.7135,-74.012,1003,54,Heavy Rain,15.1,13.9,0,55.72,50.06
2026-08-13 14:00:00,R102,Highway,1800,40.7135,-74.012,1003,16,Heavy Rain,15.1,13.9,1,55.72,55.72
2026-08-13 15:00:00,R102,Highway,1800,40.7135,-74.012,1103,50,Heavy Rain,15.1,13.9,0,61.28,55.72
2026-08-13 16:00:00,R102,Highway,1800,40.7135,-74.012,1473,36,Heavy Rain,15.1,13.9,0,81.83,61.28
2026-08-13 17:00:00,R102,Highway,1800,40.7135,-74.012,1647,31,Heavy Rain,15.1,13.9,0,91.5,81.83
2026-08-13 18:00:00,R102,Highway,1800,40.7135,-74.012,1386,39,Heavy Rain,15.1,13.9,0,77.0,91.5
2026-08-13 19:00:00,R102,Highway,1800,40.7135,-74.012,1316,41,Heavy Rain,15.1,13.9,0,73.11,77.0
2026-08-13 20:00:00,R102,Highway,1800,40.7135,-74.012,361,80,Heavy Rain,15.1,13.9,0,20.06,73.11
2026-08-13 21:00:00,R102,Highway,1800,40.7135,-74.012,337,24,Heavy Rain,15.1,13.9,1,18.72,20.06
2026-08-13 22:00:00,R102,Highway,1800,40.7135,-74.012,306,80,Heavy Rain,15.1,13.9,0,17.0,18.72
2026-08-13 23:00:00,R102,Highway,1800,40.7135,-74.012,311,80,Heavy Rain,15.1,13.9,0,17.28,17.0
2026-08-14 00:00:00,R102,Highway,1800,40.7135,-74.012,414,30,Cloudy,19.9,0.0,1,23.0,17.28
2026-08-14 01:00:00,R102,Highway,1800,40.7135,-74.012,364,100,Cloudy,19.9,0.0,0,20.22,23.0
2026-08-14 02:00:00,R102,Highway,1800,40.7135,-74.012,360,100,Cloudy,19.9,0.0,0,20.0,20.22
2026-08-14 03:00:00,R102,Highway,1800,40.7135,-74.012,338,100,Cloudy,19.9,0.0,0,18.78,20.0
2026-08-14 04:00:00,R102,Highway,1800,40.7135,-74.012,408,100,Cloudy,19.9,0.0,0,22.67,18.78
2026-08-14 05:00:00,R102,Highway,1800,40.7135,-74.012,338,100,Cloudy,19.9,0.0,0,18.78,22.67
2026-08-14 06:00:00,R102,Highway,1800,40.7135,-74.012,323,100,Cloudy,19.9,0.0,0,17.94,18.78
2026-08-14 07:00:00,R102,Highway,1800,40.7135,-74.012,1680,38,Cloudy,19.9,0.0,0,93.33,17.94
2026-08-14 08:00:00,R102,Highway,1800,40.7135,-74.012,1862,33,Cloudy,19.9,0.0,0,103.44,93.33
2026-08-14 09:00:00,R102,Highway,1800,40.7135,-74.012,1601,41,Cloudy,19.9,0.0,0,88.94,103.44
2026-08-14 10:00:00,R102,Highway,1800,40.7135,-74.012,1148,60,Cloudy,19.9,0.0,0,63.78,88.94
2026-08-14 11:00:00,R102,Highway,1800,40.7135,-74.012,1087,63,Cloudy,19.9,0.0,0,60.39,63.78
2026-08-14 12:00:00,R102,Highway,1800,40.7135,-74.012,1214,57,Cloudy,19.9,0.0,0,67.44,60.39
2026-08-14 13:00:00,R102,Highway,1800,40.7135,-74.012,1052,65,Cloudy,19.9,0.0,0,58.44,67.44
2026-08-14 14:00:00,R102,Highway,1800,40.7135,-74.012,1033,66,Cloudy,19.9,0.0,0,57.39,58.44
2026-08-14 15:00:00,R102,Highway,1800,40.7135,-74.012,1226,56,Cloudy,19.9,0.0,0,68.11,57.39
2026-08-14 16:00:00,R102,Highway,1800,40.7135,-74.012,1570,42,Cloudy,19.9,0.0,0,87.22,68.11
2026-08-14 17:00:00,R102,Highway,1800,40.7135,-74.012,1766,35,Cloudy,19.9,0.0,0,98.11,87.22
2026-08-14 18:00:00,R102,Highway,1800,40.7135,-74.012,1512,44,Cloudy,19.9,0.0,0,84.0,98.11
2026-08-14 19:00:00,R102,Highway,1800,40.7135,-74.012,1707,37,Cloudy,19.9,0.0,0,94.83,84.0
2026-08-14 20:00:00,R102,Highway,1800,40.7135,-74.012,373,100,Cloudy,19.9,0.0,0,20.72,94.83
2026-08-14 21:00:00,R102,Highway,1800,40.7135,-74.012,367,100,Cloudy,19.9,0.0,0,20.39,20.72
2026-08-14 22:00:00,R102,Highway,1800,40.7135,-74.012,326,100,Cloudy,19.9,0.0,0,18.11,20.39
2026-08-14 23:00:00,R102,Highway,1800,40.7135,-74.012,385,100,Cloudy,19.9,0.0,0,21.39,18.11
2026-08-15 00:00:00,R102,Highway,1800,40.7135,-74.012,375,100,Clear,25.7,0.0,0,20.83,21.39
2026-08-15 01:00:00,R102,Highway,1800,40.7135,-74.012,363,100,Clear,25.7,0.0,0,20.17,20.83
2026-08-15 02:00:00,R102,Highway,1800,40.7135,-74.012,380,100,Clear,25.7,0.0,0,21.11,20.17
2026-08-15 03:00:00,R102,Highway,1800,40.7135,-74.012,338,100,Clear,25.7,0.0,0,18.78,21.11
2026-08-15 04:00:00,R102,Highway,1800,40.7135,-74.012,344,100,Clear,25.7,0.0,0,19.11,18.78
2026-08-15 05:00:00,R102,Highway,1800,40.7135,-74.012,395,100,Clear,25.7,0.0,0,21.94,19.11
2026-08-15 06:00:00,R102,Highway,1800,40.7135,-74.012,308,100,Clear,25.7,0.0,0,17.11,21.94
2026-08-15 07:00:00,R102,Highway,1800,40.7135,-74.012,334,100,Clear,25.7,0.0,0,18.56,17.11
2026-08-15 08:00:00,R102,Highway,1800,40.7135,-74.012,405,100,Clear,25.7,0.0,0,22.5,18.56
2026-08-15 09:00:00,R102,Highway,1800,40.7135,-74.012,352,100,Clear,25.7,0.0,0,19.56,22.5
2026-08-15 10:00:00,R102,Highway,1800,40.7135,-74.012,380,100,Clear,25.7,0.0,0,21.11,19.56
2026-08-15 11:00:00,R102,Highway,1800,40.7135,-74.012,1379,49,Clear,25.7,0.0,0,76.61,21.11
2026-08-15 12:00:00,R102,Highway,1800,40.7135,-74.012,1267,54,Clear,25.7,0.0,0,70.39,76.61
2026-08-15 13:00:00,R102,Highway,1800,40.7135,-74.012,1415,48,Clear,25.7,0.0,0,78.61,70.39
2026-08-15 14:00:00,R102,Highway,1800,40.7135,-74.012,1249,55,Clear,25.7,0.0,0,69.39,78.61
2026-08-15 15:00:00,R102,Highway,1800,40.7135,-74.012,1256,55,Clear,25.7,0.0,0,69.78,69.39
2026-08-15 16:00:00,R102,Highway,1800,40.7135,-74.012,933,72,Clear,25.7,0.0,0,51.83,69.78
2026-08-15 17:00:00,R102,Highway,1800,40.7135,-74.012,1076,63,Clear,25.7,0.0,0,59.78,51.83
2026-08-15 18:00:00,R102,Highway,1800,40.7135,-74.012,989,68,Clear,25.7,0.0,0,54.94,59.78
2026-08-15 19:00:00,R102,Highway,1800,40.7135,-74.012,997,68,Clear,25.7,0.0,0,55.39,54.94
2026-08-15 20:00:00,R102,Highway,1800,40.7135,-74.012,1187,58,Clear,25.7,0.0,0,65.94,55.39
2026-08-15 21:00:00,R102,Highway,1800,40.7135,-74.012,310,100,Clear,25.7,0.0,0,17.22,65.94
2026-08-15 22:00:00,R102,Highway,1800,40.7135,-74.012,365,100,Clear,25.7,0.0,0,20.28,17.22
2026-08-15 23:00:00,R102,Highway,1800,40.7135,-74.012,389,100,Clear,25.7,0.0,0,21.61,20.28
2026-08-16 00:00:00,R102,Highway,1800,40.7135,-74.012,384,100,Clear,25.4,0.0,0,21.33,21.61
2026-08-16 01:00:00,R102,Highway,1800,40.7135,-74.012,338,100,Clear,25.4,0.0,0,18.78,21.33
2026-08-16 02:00:00,R102,Highway,1800,40.7135,-74.012,342,100,Clear,25.4,0.0,0,19.0,18.78
2026-08-16 03:00:00,R102,Highway,1800,40.7135,-74.012,377,100,Clear,25.4,0.0,0,20.94,19.0
2026-08-16 04:00:00,R102,Highway,1800,40.7135,-74.012,349,100,Clear,25.4,0.0,0,19.39,20.94
2026-08-16 05:00:00,R102,Highway,1800,40.7135,-74.012,339,100,Clear,25.4,0.0,0,18.83,19.39
2026-08-16 06:00:00,R102,Highway,1800,40.7135,-74.012,366,100,Clear,25.4,0.0,0,20.33,18.83
2026-08-16 07:00:00,R102,Highway,1800,40.7135,-74.012,366,100,Clear,25.4,0.0,0,20.33,20.33
2026-08-16 08:00:00,R102,Highway,1800,40.7135,-74.012,318,100,Clear,25.4,0.0,0,17.67,20.33
2026-08-16 09:00:00,R102,Highway,1800,40.7135,-74.012,391,100,Clear,25.4,0.0,0,21.72,17.67
2026-08-16 10:00:00,R102,Highway,1800,40.7135,-74.012,366,100,Clear,25.4,0.0,0,20.33,21.72
2026-08-16 11:00:00,R102,Highway,1800,40.7135,-74.012,1417,48,Clear,25.4,0.0,0,78.72,20.33
2026-08-16 12:00:00,R102,Highway,1800,40.7135,-74.012,1375,49,Clear,25.4,0.0,0,76.39,78.72
2026-08-16 13:00:00,R102,Highway,1800,40.7135,-74.012,1175,58,Clear,25.4,0.0,0,65.28,76.39
2026-08-16 14:00:00,R102,Highway,1800,40.7135,-74.012,1253,55,Clear,25.4,0.0,0,69.61,65.28
2026-08-16 15:00:00,R102,Highway,1800,40.7135,-74.012,1441,47,Clear,25.4,0.0,0,80.06,69.61
2026-08-16 16:00:00,R102,Highway,1800,40.7135,-74.012,1148,60,Clear,25.4,0.0,0,63.78,80.06
2026-08-16 17:00:00,R102,Highway,1800,40.7135,-74.012,975,69,Clear,25.4,0.0,0,54.17,63.78
2026-08-16 18:00:00,R102,Highway,1800,40.7135,-74.012,1140,60,Clear,25.4,0.0,0,63.33,54.17
2026-08-16 19:00:00,R102,Highway,1800,40.7135,-74.012,1216,56,Clear,25.4,0.0,0,67.56,63.33
2026-08-16 20:00:00,R102,Highway,1800,40.7135,-74.012,1057,64,Clear,25.4,0.0,0,58.72,67.56
2026-08-16 21:00:00,R102,Highway,1800,40.7135,-74.012,315,100,Clear,25.4,0.0,0,17.5,58.72
2026-08-16 22:00:00,R102,Highway,1800,40.7135,-74.012,316,100,Clear,25.4,0.0,0,17.56,17.5
2026-08-16 23:00:00,R102,Highway,1800,40.7135,-74.012,369,100,Clear,25.4,0.0,0,20.5,17.56
2026-08-17 00:00:00,R102,Highway,1800,40.7135,-74.012,396,100,Cloudy,23.2,0.0,0,22.0,20.5
2026-08-17 01:00:00,R102,Highway,1800,40.7135,-74.012,344,100,Cloudy,23.2,0.0,0,19.11,22.0
2026-08-17 02:00:00,R102,Highway,1800,40.7135,-74.012,407,100,Cloudy,23.2,0.0,0,22.61,19.11
2026-08-17 03:00:00,R102,Highway,1800,40.7135,-74.012,324,100,Cloudy,23.2,0.0,0,18.0,22.61
2026-08-17 04:00:00,R102,Highway,1800,40.7135,-74.012,372,100,Cloudy,23.2,0.0,0,20.67,18.0
2026-08-17 05:00:00,R102,Highway,1800,40.7135,-74.012,359,100,Cloudy,23.2,0.0,0,19.94,20.67
2026-08-17 06:00:00,R102,Highway,1800,40.7135,-74.012,342,100,Cloudy,23.2,0.0,0,19.0,19.94
2026-08-17 07:00:00,R102,Highway,1800,40.7135,-74.012,1843,33,Cloudy,23.2,0.0,0,102.39,19.0
2026-08-17 08:00:00,R102,Highway,1800,40.7135,-74.012,1411,48,Cloudy,23.2,0.0,0,78.39,102.39
2026-08-17 09:00:00,R102,Highway,1800,40.7135,-74.012,1854,10,Cloudy,23.2,0.0,1,103.0,78.39
2026-08-17 10:00:00,R102,Highway,1800,40.7135,-74.012,1075,64,Cloudy,23.2,0.0,0,59.72,103.0
2026-08-17 11:00:00,R102,Highway,1800,40.7135,-74.012,1220,56,Cloudy,23.2,0.0,0,67.78,59.72
2026-08-17 12:00:00,R102,Highway,1800,40.7135,-74.012,1222,56,Cloudy,23.2,0.0,0,67.89,67.78
2026-08-17 13:00:00,R102,Highway,1800,40.7135,-74.012,1180,58,Cloudy,23.2,0.0,0,65.56,67.89
2026-08-17 14:00:00,R102,Highway,1800,40.7135,-74.012,1173,59,Cloudy,23.2,0.0,0,65.17,65.56
2026-08-17 15:00:00,R102,Highway,1800,40.7135,-74.012,930,72,Cloudy,23.2,0.0,0,51.67,65.17
2026-08-17 16:00:00,R102,Highway,1800,40.7135,-74.012,1613,40,Cloudy,23.2,0.0,0,89.61,51.67
2026-08-17 17:00:00,R102,Highway,1800,40.7135,-74.012,1895,32,Cloudy,23.2,0.0,0,105.28,89.61
2026-08-17 18:00:00,R102,Highway,1800,40.7135,-74.012,1676,38,Cloudy,23.2,0.0,0,93.11,105.28
2026-08-17 19:00:00,R102,Highway,1800,40.7135,-74.012,1819,34,Cloudy,23.2,0.0,0,101.06,93.11
2026-08-17 20:00:00,R102,Highway,1800,40.7135,-74.012,331,100,Cloudy,23.2,0.0,0,18.39,101.06
2026-08-17 21:00:00,R102,Highway,1800,40.7135,-74.012,391,100,Cloudy,23.2,0.0,0,21.72,18.39
2026-08-17 22:00:00,R102,Highway,1800,40.7135,-74.012,316,100,Cloudy,23.2,0.0,0,17.56,21.72
2026-08-17 23:00:00,R102,Highway,1800,40.7135,-74.012,412,100,Cloudy,23.2,0.0,0,22.89,17.56
2026-08-18 00:00:00,R102,Highway,1800,40.7135,-74.012,346,80,Rainy,10.1,12.7,0,19.22,22.89
2026-08-18 01:00:00,R102,Highway,1800,40.7135,-74.012,356,80,Rainy,10.1,12.7,0,19.78,19.22
2026-08-18 02:00:00,R102,Highway,1800,40.7135,-74.012,401,80,Rainy,10.1,12.7,0,22.28,19.78
2026-08-18 03:00:00,R102,Highway,1800,40.7135,-74.012,397,80,Rainy,10.1,12.7,0,22.06,22.28
2026-08-18 04:00:00,R102,Highway,1800,40.7135,-74.012,370,80,Rainy,10.1,12.7,0,20.56,22.06
2026-08-18 05:00:00,R102,Highway,1800,40.7135,-74.012,347,80,Rainy,10.1,12.7,0,19.28,20.56
2026-08-18 06:00:00,R102,Highway,1800,40.7135,-74.012,370,80,Rainy,10.1,12.7,0,20.56,19.28
2026-08-18 07:00:00,R102,Highway,1800,40.7135,-74.012,1686,30,Rainy,10.1,12.7,0,93.67,20.56
2026-08-18 08:00:00,R102,Highway,1800,40.7135,-74.012,1499,35,Rainy,10.1,12.7,0,83.28,93.67
2026-08-18 09:00:00,R102,Highway,1800,40.7135,-74.012,1417,38,Rainy,10.1,12.7,0,78.72,83.28
2026-08-18 10:00:00,R102,Highway,1800,40.7135,-74.012,1423,11,Rainy,10.1,12.7,1,79.06,78.72
2026-08-18 11:00:00,R102,Highway,1800,40.7135,-74.012,1074,51,Rainy,10.1,12.7,0,59.67,79.06
2026-08-18 12:00:00,R102,Highway,1800,40.7135,-74.012,1183,46,Rainy,10.1,12.7,0,65.72,59.67
2026-08-18 13:00:00,R102,Highway,1800,40.7135,-74.012,1106,49,Rainy,10.1,12.7,0,61.44,65.72
2026-08-18 14:00:00,R102,Highway,1800,40.7135,-74.012,921,58,Rainy,10.1,12.7,0,51.17,61.44
2026-08-18 15:00:00,R102,Highway,1800,40.7135,-74.012,954,56,Rainy,10.1,12.7,0,53.0,51.17
2026-08-18 16:00:00,R102,Highway,1800,40.7135,-74.012,1913,25,Rainy,10.1,12.7,0,106.28,53.0
2026-08-18 17:00:00,R102,Highway,1800,40.7135,-74.012,1675,31,Rainy,10.1,12.7,0,93.06,106.28
2026-08-18 18:00:00,R102,Highway,1800,40.7135,-74.012,1565,34,Rainy,10.1,12.7,0,86.94,93.06
2026-08-18 19:00:00,R102,Highway,1800,40.7135,-74.012,1831,27,Rainy,10.1,12.7,0,101.72,86.94
2026-08-18 20:00:00,R102,Highway,1800,40.7135,-74.012,339,80,Rainy,10.1,12.7,0,18.83,101.72
2026-08-18 21:00:00,R102,Highway,1800,40.7135,-74.012,454,24,Rainy,10.1,12.7,1,25.22,18.83
2026-08-18 22:00:00,R102,Highway,1800,40.7135,-74.012,396,80,Rainy,10.1,12.7,0,22.0,25.22
2026-08-18 23:00:00,R102,Highway,1800,40.7135,-74.012,400,80,Rainy,10.1,12.7,0,22.22,22.0
2026-08-19 00:00:00,R102,Highway,1800,40.7135,-74.012,370,100,Cloudy,24.5,0.0,0,20.56,22.22
2026-08-19 01:00:00,R102,Highway,1800,40.7135,-74.012,317,100,Cloudy,24.5,0.0,0,17.61,20.56
2026-08-19 02:00:00,R102,Highway,1800,40.7135,-74.012,390,100,Cloudy,24.5,0.0,0,21.67,17.61
2026-08-19 03:00:00,R102,Highway,1800,40.7135,-74.012,401,100,Cloudy,24.5,0.0,0,22.28,21.67
2026-08-19 04:00:00,R102,Highway,1800,40.7135,-74.012,373,100,Cloudy,24.5,0.0,0,20.72,22.28
2026-08-19 05:00:00,R102,Highway,1800,40.7135,-74.012,407,100,Cloudy,24.5,0.0,0,22.61,20.72
2026-08-19 06:00:00,R102,Highway,1800,40.7135,-74.012,336,100,Cloudy,24.5,0.0,0,18.67,22.61
2026-08-19 07:00:00,R102,Highway,1800,40.7135,-74.012,1529,43,Cloudy,24.5,0.0,0,84.94,18.67
2026-08-19 08:00:00,R102,Highway,1800,40.7135,-74.012,1718,37,Cloudy,24.5,0.0,0,95.44,84.94
2026-08-19 09:00:00,R102,Highway,1800,40.7135,-74.012,1520,44,Cloudy,24.5,0.0,0,84.44,95.44
2026-08-19 10:00:00,R102,Highway,1800,40.7135,-74.012,1120,61,Cloudy,24.5,0.0,0,62.22,84.44
2026-08-19 11:00:00,R102,Highway,1800,40.7135,-74.012,1153,59,Cloudy,24.5,0.0,0,64.06,62.22
2026-08-19 12:00:00,R102,Highway,1800,40.7135,-74.012,1166,59,Cloudy,24.5,0.0,0,64.78,64.06
2026-08-19 13:00:00,R102,Highway,1800,40.7135,-74.012,1098,62,Cloudy,24.5,0.0,0,61.0,64.78
2026-08-19 14:00:00,R102,Highway,1800,40.7135,-74.012,1050,65,Cloudy,24.5,0.0,0,58.33,61.0
2026-08-19 15:00:00,R102,Highway,1800,40.7135,-74.012,1028,66,Cloudy,24.5,0.0,0,57.11,58.33
2026-08-19 16:00:00,R102,Highway,1800,40.7135,-74.012,1816,34,Cloudy,24.5,0.0,0,100.89,57.11
2026-08-19 17:00:00,R102,Highway,1800,40.7135,-74.012,1898,32,Cloudy,24.5,0.0,0,105.44,100.89
2026-08-19 18:00:00,R102,Highway,1800,40.7135,-74.012,1617,40,Cloudy,24.5,0.0,0,89.83,105.44
2026-08-19 19:00:00,R102,Highway,1800,40.7135,-74.012,1869,33,Cloudy,24.5,0.0,0,103.83,89.83
2026-08-19 20:00:00,R102,Highway,1800,40.7135,-74.012,336,100,Cloudy,24.5,0.0,0,18.67,103.83
2026-08-19 21:00:00,R102,Highway,1800,40.7135,-74.012,348,100,Cloudy,24.5,0.0,0,19.33,18.67
2026-08-19 22:00:00,R102,Highway,1800,40.7135,-74.012,401,100,Cloudy,24.5,0.0,0,22.28,19.33
2026-08-19 23:00:00,R102,Highway,1800,40.7135,-74.012,373,100,Cloudy,24.5,0.0,0,20.72,22.28
2026-08-20 00:00:00,R102,Highway,1800,40.7135,-74.012,380,100,Clear,28.0,0.0,0,21.11,20.72
2026-08-20 01:00:00,R102,Highway,1800,40.7135,-74.012,372,100,Clear,28.0,0.0,0,20.67,21.11
2026-08-20 02:00:00,R102,Highway,1800,40.7135,-74.012,338,100,Clear,28.0,0.0,0,18.78,20.67
2026-08-20 03:00:00,R102,Highway,1800,40.7135,-74.012,377,100,Clear,28.0,0.0,0,20.94,18.78
2026-08-20 04:00:00,R102,Highway,1800,40.7135,-74.012,367,100,Clear,28.0,0.0,0,20.39,20.94
2026-08-20 05:00:00,R102,Highway,1800,40.7135,-74.012,397,100,Clear,28.0,0.0,0,22.06,20.39
2026-08-20 06:00:00,R102,Highway,1800,40.7135,-74.012,365,100,Clear,28.0,0.0,0,20.28,22.06
2026-08-20 07:00:00,R102,Highway,1800,40.7135,-74.012,1452,46,Clear,28.0,0.0,0,80.67,20.28
2026-08-20 08:00:00,R102,Highway,1800,40.7135,-74.012,1624,40,Clear,28.0,0.0,0,90.22,80.67
2026-08-20 09:00:00,R102,Highway,1800,40.7135,-74.012,1475,45,Clear,28.0,0.0,0,81.94,90.22
2026-08-20 10:00:00,R102,Highway,1800,40.7135,-74.012,1030,66,Clear,28.0,0.0,0,57.22,81.94
2026-08-20 11:00:00,R102,Highway,1800,40.7135,-74.012,1126,61,Clear,28.0,0.0,0,62.56,57.22
2026-08-20 12:00:00,R102,Highway,1800,40.7135,-74.012,1057,64,Clear,28.0,0.0,0,58.72,62.56
2026-08-20 13:00:00,R102,Highway,1800,40.7135,-74.012,1132,61,Clear,28.0,0.0,0,62.89,58.72
2026-08-20 14:00:00,R102,Highway,1800,40.7135,-74.012,1129,61,Clear,28.0,0.0,0,62.72,62.89
2026-08-20 15:00:00,R102,Highway,1800,40.7135,-74.012,969,69,Clear,28.0,0.0,0,53.83,62.72
2026-08-20 16:00:00,R102,Highway,1800,40.7135,-74.012,1697,38,Clear,28.0,0.0,0,94.28,53.83
2026-08-20 17:00:00,R102,Highway,1800,40.7135,-74.012,1904,32,Clear,28.0,0.0,0,105.78,94.28
2026-08-20 18:00:00,R102,Highway,1800,40.7135,-74.012,1949,30,Clear,28.0,0.0,0,108.28,105.78
2026-08-20 19:00:00,R102,Highway,1800,40.7135,-74.012,1876,32,Clear,28.0,0.0,0,104.22,108.28
2026-08-20 20:00:00,R102,Highway,1800,40.7135,-74.012,411,100,Clear,28.0,0.0,0,22.83,104.22
2026-08-20 21:00:00,R102,Highway,1800,40.7135,-74.012,357,100,Clear,28.0,0.0,0,19.83,22.83
2026-08-20 22:00:00,R102,Highway,1800,40.7135,-74.012,406,100,Clear,28.0,0.0,0,22.56,19.83
2026-08-20 23:00:00,R102,Highway,1800,40.7135,-74.012,355,100,Clear,28.0,0.0,0,19.72,22.56
2026-08-21 00:00:00,R102,Highway,1800,40.7135,-74.012,412,100,Cloudy,22.2,11.0,0,22.89,19.72
2026-08-21 01:00:00,R102,Highway,1800,40.7135,-74.012,331,100,Cloudy,22.2,11.0,0,18.39,22.89
2026-08-21 02:00:00,R102,Highway,1800,40.7135,-74.012,410,100,Cloudy,22.2,11.0,0,22.78,18.39
2026-08-21 03:00:00,R102,Highway,1800,40.7135,-74.012,364,100,Cloudy,22.2,11.0,0,20.22,22.78
2026-08-21 04:00:00,R102,Highway,1800,40.7135,-74.012,319,100,Cloudy,22.2,11.0,0,17.72,20.22
2026-08-21 05:00:00,R102,Highway,1800,40.7135,-74.012,315,100,Cloudy,22.2,11.0,0,17.5,17.72
2026-08-21 06:00:00,R102,Highway,1800,40.7135,-74.012,372,100,Cloudy,22.2,11.0,0,20.67,17.5
2026-08-21 07:00:00,R102,Highway,1800,40.7135,-74.012,1501,44,Cloudy,22.2,11.0,0,83.39,20.67
2026-08-21 08:00:00,R102,Highway,1800,40.7135,-74.012,1752,36,Cloudy,22.2,11.0,0,97.33,83.39
2026-08-21 09:00:00,R102,Highway,1800,40.7135,-74.012,1649,39,Cloudy,22.2,11.0,0,91.61,97.33
2026-08-21 10:00:00,R102,Highway,1800,40.7135,-74.012,1031,66,Cloudy,22.2,11.0,0,57.28,91.61
2026-08-21 11:00:00,R102,Highway,1800,40.7135,-74.012,1035,66,Cloudy,22.2,11.0,0,57.5,57.28
2026-08-21 12:00:00,R102,Highway,1800,40.7135,-74.012,1025,66,Cloudy,22.2,11.0,0,56.94,57.5
2026-08-21 13:00:00,R102,Highway,1800,40.7135,-74.012,1158,59,Cloudy,22.2,11.0,0,64.33,56.94
2026-08-21 14:00:00,R102,Highway,1800,40.7135,-74.012,1076,63,Cloudy,22.2,11.0,0,59.78,64.33
2026-08-21 15:00:00,R102,Highway,1800,40.7135,-74.012,923,72,Cloudy,22.2,11.0,0,51.28,59.78
2026-08-21 16:00:00,R102,Highway,1800,40.7135,-74.012,1644,39,Cloudy,22.2,11.0,0,91.33,51.28
2026-08-21 17:00:00,R102,Highway,1800,40.7135,-74.012,1856,33,Cloudy,22.2,11.0,0,103.11,91.33
2026-08-21 18:00:00,R102,Highway,1800,40.7135,-74.012,1862,33,Cloudy,22.2,11.0,0,103.44,103.11
2026-08-21 19:00:00,R102,Highway,1800,40.7135,-74.012,1912,31,Cloudy,22.2,11.0,0,106.22,103.44
2026-08-21 20:00:00,R102,Highway,1800,40.7135,-74.012,355,100,Cloudy,22.2,11.0,0,19.72,106.22
2026-08-21 21:00:00,R102,Highway,1800,40.7135,-74.012,379,100,Cloudy,22.2,11.0,0,21.06,19.72
2026-08-21 22:00:00,R102,Highway,1800,40.7135,-74.012,361,100,Cloudy,22.2,11.0,0,20.06,21.06
2026-08-21 23:00:00,R102,Highway,1800,40.7135,-74.012,327,100,Cloudy,22.2,11.0,0,18.17,20.06
2026-08-22 00:00:00,R102,Highway,1800,40.7135,-74.012,368,100,Clear,25.6,0.0,0,20.44,18.17
2026-08-22 01:00:00,R102,Highway,1800,40.7135,-74.012,368,100,Clear,25.6,0.0,0,20.44,20.44
2026-08-22 02:00:00,R102,Highway,1800,40.7135,-74.012,323,100,Clear,25.6,0.0,0,17.94,20.44
2026-08-22 03:00:00,R102,Highway,1800,40.7135,-74.012,358,100,Clear,25.6,0.0,0,19.89,17.94
2026-08-22 04:00:00,R102,Highway,1800,40.7135,-74.012,372,100,Clear,25.6,0.0,0,20.67,19.89
2026-08-22 05:00:00,R102,Highway,1800,40.7135,-74.012,334,100,Clear,25.6,0.0,0,18.56,20.67
2026-08-22 06:00:00,R102,Highway,1800,40.7135,-74.012,306,100,Clear,25.6,0.0,0,17.0,18.56
2026-08-22 07:00:00,R102,Highway,1800,40.7135,-74.012,396,100,Clear,25.6,0.0,0,22.0,17.0
2026-08-22 08:00:00,R102,Highway,1800,40.7135,-74.012,403,100,Clear,25.6,0.0,0,22.39,22.0
2026-08-22 09:00:00,R102,Highway,1800,40.7135,-74.012,325,100,Clear,25.6,0.0,0,18.06,22.39
2026-08-22 10:00:00,R102,Highway,1800,40.7135,-74.012,323,100,Clear,25.6,0.0,0,17.94,18.06
2026-08-22 11:00:00,R102,Highway,1800,40.7135,-74.012,1081,63,Clear,25.6,0.0,0,60.06,17.94
2026-08-22 12:00:00,R102,Highway,1800,40.7135,-74.012,1300,53,Clear,25.6,0.0,0,72.22,60.06
2026-08-22 13:00:00,R102,Highway,1800,40.7135,-74.012,1445,47,Clear,25.6,0.0,0,80.28,72.22
2026-08-22 14:00:00,R102,Highway,1800,40.7135,-74.012,1361,50,Clear,25.6,0.0,0,75.61,80.28
2026-08-22 15:00:00,R102,Highway,1800,40.7135,-74.012,1297,53,Clear,25.6,0.0,0,72.06,75.61
2026-08-22 16:00:00,R102,Highway,1800,40.7135,-74.012,1224,56,Clear,25.6,0.0,0,68.0,72.06
2026-08-22 17:00:00,R102,Highway,1800,40.7135,-74.012,1135,60,Clear,25.6,0.0,0,63.06,68.0
2026-08-22 18:00:00,R102,Highway,1800,40.7135,-74.012,991,68,Clear,25.6,0.0,0,55.06,63.06
2026-08-22 19:00:00,R102,Highway,1800,40.7135,-74.012,981,69,Clear,25.6,0.0,0,54.5,55.06
2026-08-22 20:00:00,R102,Highway,1800,40.7135,-74.012,920,72,Clear,25.6,0.0,0,51.11,54.5
2026-08-22 21:00:00,R102,Highway,1800,40.7135,-74.012,340,100,Clear,25.6,0.0,0,18.89,51.11
2026-08-22 22:00:00,R102,Highway,1800,40.7135,-74.012,365,100,Clear,25.6,0.0,0,20.28,18.89
2026-08-22 23:00:00,R102,Highway,1800,40.7135,-74.012,329,100,Clear,25.6,0.0,0,18.28,20.28
2026-08-23 00:00:00,R102,Highway,1800,40.7135,-74.012,313,80,Rainy,17.6,3.5,0,17.39,18.28
2026-08-23 01:00:00,R102,Highway,1800,40.7135,-74.012,362,80,Rainy,17.6,3.5,0,20.11,17.39
2026-08-23 02:00:00,R102,Highway,1800,40.7135,-74.012,354,80,Rainy,17.6,3.5,0,19.67,20.11
2026-08-23 03:00:00,R102,Highway,1800,40.7135,-74.012,357,80,Rainy,17.6,3.5,0,19.83,19.67
2026-08-23 04:00:00,R102,Highway,1800,40.7135,-74.012,341,80,Rainy,17.6,3.5,0,18.94,19.83
2026-08-23 05:00:00,R102,Highway,1800,40.7135,-74.012,387,80,Rainy,17.6,3.5,0,21.5,18.94
2026-08-23 06:00:00,R102,Highway,1800,40.7135,-74.012,368,80,Rainy,17.6,3.5,0,20.44,21.5
2026-08-23 07:00:00,R102,Highway,1800,40.7135,-74.012,361,80,Rainy,17.6,3.5,0,20.06,20.44
2026-08-23 08:00:00,R102,Highway,1800,40.7135,-74.012,362,80,Rainy,17.6,3.5,0,20.11,20.06
2026-08-23 09:00:00,R102,Highway,1800,40.7135,-74.012,390,80,Rainy,17.6,3.5,0,21.67,20.11
2026-08-23 10:00:00,R102,Highway,1800,40.7135,-74.012,399,80,Rainy,17.6,3.5,0,22.17,21.67
2026-08-23 11:00:00,R102,Highway,1800,40.7135,-74.012,1212,45,Rainy,17.6,3.5,0,67.33,22.17
2026-08-23 12:00:00,R102,Highway,1800,40.7135,-74.012,1162,47,Rainy,17.6,3.5,0,64.56,67.33
2026-08-23 13:00:00,R102,Highway,1800,40.7135,-74.012,1276,43,Rainy,17.6,3.5,0,70.89,64.56
2026-08-23 14:00:00,R102,Highway,1800,40.7135,-74.012,1320,41,Rainy,17.6,3.5,0,73.33,70.89
2026-08-23 15:00:00,R102,Highway,1800,40.7135,-74.012,1075,51,Rainy,17.6,3.5,0,59.72,73.33
2026-08-23 16:00:00,R102,Highway,1800,40.7135,-74.012,1049,52,Rainy,17.6,3.5,0,58.28,59.72
2026-08-23 17:00:00,R102,Highway,1800,40.7135,-74.012,1158,47,Rainy,17.6,3.5,0,64.33,58.28
2026-08-23 18:00:00,R102,Highway,1800,40.7135,-74.012,966,56,Rainy,17.6,3.5,0,53.67,64.33
2026-08-23 19:00:00,R102,Highway,1800,40.7135,-74.012,1055,52,Rainy,17.6,3.5,0,58.61,53.67
2026-08-23 20:00:00,R102,Highway,1800,40.7135,-74.012,1191,13,Rainy,17.6,3.5,1,66.17,58.61
2026-08-23 21:00:00,R102,Highway,1800,40.7135,-74.012,320,80,Rainy,17.6,3.5,0,17.78,66.17
2026-08-23 22:00:00,R102,Highway,1800,40.7135,-74.012,388,80,Rainy,17.6,3.5,0,21.56,17.78
2026-08-23 23:00:00,R102,Highway,1800,40.7135,-74.012,310,80,Rainy,17.6,3.5,0,17.22,21.56
2026-08-24 00:00:00,R102,Highway,1800,40.7135,-74.012,412,100,Cloudy,16.3,0.0,0,22.89,17.22
2026-08-24 01:00:00,R102,Highway,1800,40.7135,-74.012,399,100,Cloudy,16.3,0.0,0,22.17,22.89
2026-08-24 02:00:00,R102,Highway,1800,40.7135,-74.012,337,100,Cloudy,16.3,0.0,0,18.72,22.17
2026-08-24 03:00:00,R102,Highway,1800,40.7135,-74.012,333,100,Cloudy,16.3,0.0,0,18.5,18.72
2026-08-24 04:00:00,R102,Highway,1800,40.7135,-74.012,315,100,Cloudy,16.3,0.0,0,17.5,18.5
2026-08-24 05:00:00,R102,Highway,1800,40.7135,-74.012,351,100,Cloudy,16.3,0.0,0,19.5,17.5
2026-08-24 06:00:00,R102,Highway,1800,40.7135,-74.012,398,100,Cloudy,16.3,0.0,0,22.11,19.5
2026-08-24 07:00:00,R102,Highway,1800,40.7135,-74.012,1689,38,Cloudy,16.3,0.0,0,93.83,22.11
2026-08-24 08:00:00,R102,Highway,1800,40.7135,-74.012,1774,35,Cloudy,16.3,0.0,0,98.56,93.83
2026-08-24 09:00:00,R102,Highway,1800,40.7135,-74.012,1770,35,Cloudy,16.3,0.0,0,98.33,98.56
2026-08-24 10:00:00,R102,Highway,1800,40.7135,-74.012,1139,60,Cloudy,16.3,0.0,0,63.28,98.33
2026-08-24 11:00:00,R102,Highway,1800,40.7135,-74.012,1163,59,Cloudy,16.3,0.0,0,64.61,63.28
2026-08-24 12:00:00,R102,Highway,1800,40.7135,-74.012,955,70,Cloudy,16.3,0.0,0,53.06,64.61
2026-08-24 13:00:00,R102,Highway,1800,40.7135,-74.012,932,72,Cloudy,16.3,0.0,0,51.78,53.06
2026-08-24 14:00:00,R102,Highway,1800,40.7135,-74.012,1012,67,Cloudy,16.3,0.0,0,56.22,51.78
2026-08-24 15:00:00,R102,Highway,1800,40.7135,-74.012,977,69,Cloudy,16.3,0.0,0,54.28,56.22
2026-08-24 16:00:00,R102,Highway,1800,40.7135,-74.012,2160,7,Cloudy,16.3,0.0,1,120.0,54.28
2026-08-24 17:00:00,R102,Highway,1800,40.7135,-74.012,1887,32,Cloudy,16.3,0.0,0,104.83,120.0
2026-08-24 18:00:00,R102,Highway,1800,40.7135,-74.012,1495,45,Cloudy,16.3,0.0,0,83.06,104.83
2026-08-24 19:00:00,R102,Highway,1800,40.7135,-74.012,1625,40,Cloudy,16.3,0.0,0,90.28,83.06
2026-08-24 20:00:00,R102,Highway,1800,40.7135,-74.012,313,100,Cloudy,16.3,0.0,0,17.39,90.28
2026-08-24 21:00:00,R102,Highway,1800,40.7135,-74.012,340,100,Cloudy,16.3,0.0,0,18.89,17.39
2026-08-24 22:00:00,R102,Highway,1800,40.7135,-74.012,343,100,Cloudy,16.3,0.0,0,19.06,18.89
2026-08-24 23:00:00,R102,Highway,1800,40.7135,-74.012,347,100,Cloudy,16.3,0.0,0,19.28,19.06
2026-08-25 00:00:00,R102,Highway,1800,40.7135,-74.012,338,100,Clear,34.8,0.0,0,18.78,19.28
2026-08-25 01:00:00,R102,Highway,1800,40.7135,-74.012,333,100,Clear,34.8,0.0,0,18.5,18.78
2026-08-25 02:00:00,R102,Highway,1800,40.7135,-74.012,392,100,Clear,34.8,0.0,0,21.78,18.5
2026-08-25 03:00:00,R102,Highway,1800,40.7135,-74.012,366,100,Clear,34.8,0.0,0,20.33,21.78
2026-08-25 04:00:00,R102,Highway,1800,40.7135,-74.012,332,100,Clear,34.8,0.0,0,18.44,20.33
2026-08-25 05:00:00,R102,Highway,1800,40.7135,-74.012,321,100,Clear,34.8,0.0,0,17.83,18.44
2026-08-25 06:00:00,R102,Highway,1800,40.7135,-74.012,349,100,Clear,34.8,0.0,0,19.39,17.83
2026-08-25 07:00:00,R102,Highway,1800,40.7135,-74.012,1695,38,Clear,34.8,0.0,0,94.17,19.39
2026-08-25 08:00:00,R102,Highway,1800,40.7135,-74.012,1384,49,Clear,34.8,0.0,0,76.89,94.17
2026-08-25 09:00:00,R102,Highway,1800,40.7135,-74.012,1534,43,Clear,34.8,0.0,0,85.22,76.89
2026-08-25 10:00:00,R102,Highway,1800,40.7135,-74.012,1206,57,Clear,34.8,0.0,0,67.0,85.22
2026-08-25 11:00:00,R102,Highway,1800,40.7135,-74.012,1050,65,Clear,34.8,0.0,0,58.33,67.0
2026-08-25 12:00:00,R102,Highway,1800,40.7135,-74.012,965,70,Clear,34.8,0.0,0,53.61,58.33
2026-08-25 13:00:00,R102,Highway,1800,40.7135,-74.012,1231,56,Clear,34.8,0.0,0,68.39,53.61
2026-08-25 14:00:00,R102,Highway,1800,40.7135,-74.012,929,72,Clear,34.8,0.0,0,51.61,68.39
2026-08-25 15:00:00,R102,Highway,1800,40.7135,-74.012,1150,60,Clear,34.8,0.0,0,63.89,51.61
2026-08-25 16:00:00,R102,Highway,1800,40.7135,-74.012,1693,38,Clear,34.8,0.0,0,94.06,63.89
2026-08-25 17:00:00,R102,Highway,1800,40.7135,-74.012,1494,45,Clear,34.8,0.0,0,83.0,94.06
2026-08-25 18:00:00,R102,Highway,1800,40.7135,-74.012,1591,41,Clear,34.8,0.0,0,88.39,83.0
2026-08-25 19:00:00,R102,Highway,1800,40.7135,-74.012,1587,41,Clear,34.8,0.0,0,88.17,88.39
2026-08-25 20:00:00,R102,Highway,1800,40.7135,-74.012,309,100,Clear,34.8,0.0,0,17.17,88.17
2026-08-25 21:00:00,R102,Highway,1800,40.7135,-74.012,326,100,Clear,34.8,0.0,0,18.11,17.17
2026-08-25 22:00:00,R102,Highway,1800,40.7135,-74.012,379,100,Clear,34.8,0.0,0,21.06,18.11
2026-08-25 23:00:00,R102,Highway,1800,40.7135,-74.012,368,100,Clear,34.8,0.0,0,20.44,21.06
2026-08-26 00:00:00,R102,Highway,1800,40.7135,-74.012,413,100,Clear,31.2,0.0,0,22.94,20.44
2026-08-26 01:00:00,R102,Highway,1800,40.7135,-74.012,403,100,Clear,31.2,0.0,0,22.39,22.94
2026-08-26 02:00:00,R102,Highway,1800,40.7135,-74.012,352,100,Clear,31.2,0.0,0,19.56,22.39
2026-08-26 03:00:00,R102,Highway,1800,40.7135,-74.012,329,100,Clear,31.2,0.0,0,18.28,19.56
2026-08-26 04:00:00,R102,Highway,1800,40.7135,-74.012,401,100,Clear,31.2,0.0,0,22.28,18.28
2026-08-26 05:00:00,R102,Highway,1800,40.7135,-74.012,321,100,Clear,31.2,0.0,0,17.83,22.28
2026-08-26 06:00:00,R102,Highway,1800,40.7135,-74.012,398,100,Clear,31.2,0.0,0,22.11,17.83
2026-08-26 07:00:00,R102,Highway,1800,40.7135,-74.012,1617,40,Clear,31.2,0.0,0,89.83,22.11
2026-08-26 08:00:00,R102,Highway,1800,40.7135,-74.012,1446,47,Clear,31.2,0.0,0,80.33,89.83
2026-08-26 09:00:00,R102,Highway,1800,40.7135,-74.012,1633,40,Clear,31.2,0.0,0,90.72,80.33
2026-08-26 10:00:00,R102,Highway,1800,40.7135,-74.012,1231,56,Clear,31.2,0.0,0,68.39,90.72
2026-08-26 11:00:00,R102,Highway,1800,40.7135,-74.012,1127,61,Clear,31.2,0.0,0,62.61,68.39
2026-08-26 12:00:00,R102,Highway,1800,40.7135,-74.012,1049,65,Clear,31.2,0.0,0,58.28,62.61
2026-08-26 13:00:00,R102,Highway,1800,40.7135,-74.012,1225,56,Clear,31.2,0.0,0,68.06,58.28
2026-08-26 14:00:00,R102,Highway,1800,40.7135,-74.012,1005,67,Clear,31.2,0.0,0,55.83,68.06
2026-08-26 15:00:00,R102,Highway,1800,40.7135,-74.012,1213,57,Clear,31.2,0.0,0,67.39,55.83
2026-08-26 16:00:00,R102,Highway,1800,40.7135,-74.012,1553,42,Clear,31.2,0.0,0,86.28,67.39
2026-08-26 17:00:00,R102,Highway,1800,40.7135,-74.012,1569,42,Clear,31.2,0.0,0,87.17,86.28
2026-08-26 18:00:00,R102,Highway,1800,40.7135,-74.012,1746,36,Clear,31.2,0.0,0,97.0,87.17
2026-08-26 19:00:00,R102,Highway,1800,40.7135,-74.012,1718,37,Clear,31.2,0.0,0,95.44,97.0
2026-08-26 20:00:00,R102,Highway,1800,40.7135,-74.012,366,100,Clear,31.2,0.0,0,20.33,95.44
2026-08-26 21:00:00,R102,Highway,1800,40.7135,-74.012,332,100,Clear,31.2,0.0,0,18.44,20.33
2026-08-26 22:00:00,R102,Highway,1800,40.7135,-74.012,357,100,Clear,31.2,0.0,0,19.83,18.44
2026-08-26 23:00:00,R102,Highway,1800,40.7135,-74.012,410,100,Clear,31.2,0.0,0,22.78,19.83
2026-08-27 00:00:00,R102,Highway,1800,40.7135,-74.012,373,100,Clear,26.6,0.0,0,20.72,22.78
2026-08-27 01:00:00,R102,Highway,1800,40.7135,-74.012,336,100,Clear,26.6,0.0,0,18.67,20.72
2026-08-27 02:00:00,R102,Highway,1800,40.7135,-74.012,385,100,Clear,26.6,0.0,0,21.39,18.67
2026-08-27 03:00:00,R102,Highway,1800,40.7135,-74.012,400,100,Clear,26.6,0.0,0,22.22,21.39
2026-08-27 04:00:00,R102,Highway,1800,40.7135,-74.012,358,100,Clear,26.6,0.0,0,19.89,22.22
2026-08-27 05:00:00,R102,Highway,1800,40.7135,-74.012,401,100,Clear,26.6,0.0,0,22.28,19.89
2026-08-27 06:00:00,R102,Highway,1800,40.7135,-74.012,340,100,Clear,26.6,0.0,0,18.89,22.28
2026-08-27 07:00:00,R102,Highway,1800,40.7135,-74.012,1803,34,Clear,26.6,0.0,0,100.17,18.89
2026-08-27 08:00:00,R102,Highway,1800,40.7135,-74.012,1515,44,Clear,26.6,0.0,0,84.17,100.17
2026-08-27 09:00:00,R102,Highway,1800,40.7135,-74.012,1855,33,Clear,26.6,0.0,0,103.06,84.17
2026-08-27 10:00:00,R102,Highway,1800,40.7135,-74.012,1020,67,Clear,26.6,0.0,0,56.67,103.06
2026-08-27 11:00:00,R102,Highway,1800,40.7135,-74.012,983,69,Clear,26.6,0.0,0,54.61,56.67
2026-08-27 12:00:00,R102,Highway,1800,40.7135,-74.012,1010,67,Clear,26.6,0.0,0,56.11,54.61
2026-08-27 13:00:00,R102,Highway,1800,40.7135,-74.012,947,71,Clear,26.6,0.0,0,52.61,56.11
2026-08-27 14:00:00,R102,Highway,1800,40.7135,-74.012,1121,61,Clear,26.6,0.0,0,62.28,52.61
2026-08-27 15:00:00,R102,Highway,1800,40.7135,-74.012,1130,61,Clear,26.6,0.0,0,62.78,62.28
2026-08-27 16:00:00,R102,Highway,1800,40.7135,-74.012,1957,30,Clear,26.6,0.0,0,108.72,62.78
2026-08-27 17:00:00,R102,Highway,1800,40.7135,-74.012,1993,8,Clear,26.6,0.0,1,110.72,108.72
2026-08-27 18:00:00,R102,Highway,1800,40.7135,-74.012,1925,31,Clear,26.6,0.0,0,106.94,110.72
2026-08-27 19:00:00,R102,Highway,1800,40.7135,-74.012,1829,34,Clear,26.6,0.0,0,101.61,106.94
2026-08-27 20:00:00,R102,Highway,1800,40.7135,-74.012,327,100,Clear,26.6,0.0,0,18.17,101.61
2026-08-27 21:00:00,R102,Highway,1800,40.7135,-74.012,405,100,Clear,26.6,0.0,0,22.5,18.17
2026-08-27 22:00:00,R102,Highway,1800,40.7135,-74.012,321,100,Clear,26.6,0.0,0,17.83,22.5
2026-08-27 23:00:00,R102,Highway,1800,40.7135,-74.012,326,100,Clear,26.6,0.0,0,18.11,17.83
2026-08-28 00:00:00,R102,Highway,1800,40.7135,-74.012,338,100,Cloudy,16.6,0.0,0,18.78,18.11
2026-08-28 01:00:00,R102,Highway,1800,40.7135,-74.012,408,100,Cloudy,16.6,0.0,0,22.67,18.78
2026-08-28 02:00:00,R102,Highway,1800,40.7135,-74.012,308,100,Cloudy,16.6,0.0,0,17.11,22.67
2026-08-28 03:00:00,R102,Highway,1800,40.7135,-74.012,320,100,Cloudy,16.6,0.0,0,17.78,17.11
2026-08-28 04:00:00,R102,Highway,1800,40.7135,-74.012,312,100,Cloudy,16.6,0.0,0,17.33,17.78
2026-08-28 05:00:00,R102,Highway,1800,40.7135,-74.012,402,100,Cloudy,16.6,0.0,0,22.33,17.33
2026-08-28 06:00:00,R102,Highway,1800,40.7135,-74.012,400,100,Cloudy,16.6,0.0,0,22.22,22.33
2026-08-28 07:00:00,R102,Highway,1800,40.7135,-74.012,1842,33,Cloudy,16.6,0.0,0,102.33,22.22
2026-08-28 08:00:00,R102,Highway,1800,40.7135,-74.012,1572,42,Cloudy,16.6,0.0,0,87.33,102.33
2026-08-28 09:00:00,R102,Highway,1800,40.7135,-74.012,1641,39,Cloudy,16.6,0.0,0,91.17,87.33
2026-08-28 10:00:00,R102,Highway,1800,40.7135,-74.012,1064,64,Cloudy,16.6,0.0,0,59.11,91.17
2026-08-28 11:00:00,R102,Highway,1800,40.7135,-74.012,1223,56,Cloudy,16.6,0.0,0,67.94,59.11
2026-08-28 12:00:00,R102,Highway,1800,40.7135,-74.012,1001,68,Cloudy,16.6,0.0,0,55.61,67.94
2026-08-28 13:00:00,R102,Highway,1800,40.7135,-74.012,1132,61,Cloudy,16.6,0.0,0,62.89,55.61
2026-08-28 14:00:00,R102,Highway,1800,40.7135,-74.012,1203,57,Cloudy,16.6,0.0,0,66.83,62.89
2026-08-28 15:00:00,R102,Highway,1800,40.7135,-74.012,1055,65,Cloudy,16.6,0.0,0,58.61,66.83
2026-08-28 16:00:00,R102,Highway,1800,40.7135,-74.012,1599,41,Cloudy,16.6,0.0,0,88.83,58.61
2026-08-28 17:00:00,R102,Highway,1800,40.7135,-74.012,1730,37,Cloudy,16.6,0.0,0,96.11,88.83
2026-08-28 18:00:00,R102,Highway,1800,40.7135,-74.012,1616,40,Cloudy,16.6,0.0,0,89.78,96.11
2026-08-28 19:00:00,R102,Highway,1800,40.7135,-74.012,1785,35,Cloudy,16.6,0.0,0,99.17,89.78
2026-08-28 20:00:00,R102,Highway,1800,40.7135,-74.012,398,100,Cloudy,16.6,0.0,0,22.11,99.17
2026-08-28 21:00:00,R102,Highway,1800,40.7135,-74.012,405,100,Cloudy,16.6,0.0,0,22.5,22.11
2026-08-28 22:00:00,R102,Highway,1800,40.7135,-74.012,393,100,Cloudy,16.6,0.0,0,21.83,22.5
2026-08-28 23:00:00,R102,Highway,1800,40.7135,-74.012,393,100,Cloudy,16.6,0.0,0,21.83,21.83
2026-08-29 00:00:00,R102,Highway,1800,40.7135,-74.012,323,80,Rainy,14.4,14.4,0,17.94,21.83
2026-08-29 01:00:00,R102,Highway,1800,40.7135,-74.012,354,80,Rainy,14.4,14.4,0,19.67,17.94
2026-08-29 02:00:00,R102,Highway,1800,40.7135,-74.012,412,80,Rainy,14.4,14.4,0,22.89,19.67
2026-08-29 03:00:00,R102,Highway,1800,40.7135,-74.012,357,80,Rainy,14.4,14.4,0,19.83,22.89
2026-08-29 04:00:00,R102,Highway,1800,40.7135,-74.012,357,80,Rainy,14.4,14.4,0,19.83,19.83
2026-08-29 05:00:00,R102,Highway,1800,40.7135,-74.012,385,80,Rainy,14.4,14.4,0,21.39,19.83
2026-08-29 06:00:00,R102,Highway,1800,40.7135,-74.012,349,80,Rainy,14.4,14.4,0,19.39,21.39
2026-08-29 07:00:00,R102,Highway,1800,40.7135,-74.012,371,80,Rainy,14.4,14.4,0,20.61,19.39
2026-08-29 08:00:00,R102,Highway,1800,40.7135,-74.012,386,80,Rainy,14.4,14.4,0,21.44,20.61
2026-08-29 09:00:00,R102,Highway,1800,40.7135,-74.012,335,80,Rainy,14.4,14.4,0,18.61,21.44
2026-08-29 10:00:00,R102,Highway,1800,40.7135,-74.012,306,80,Rainy,14.4,14.4,0,17.0,18.61
2026-08-29 11:00:00,R102,Highway,1800,40.7135,-74.012,1243,44,Rainy,14.4,14.4,0,69.06,17.0
2026-08-29 12:00:00,R102,Highway,1800,40.7135,-74.012,1293,42,Rainy,14.4,14.4,0,71.83,69.06
2026-08-29 13:00:00,R102,Highway,1800,40.7135,-74.012,1410,38,Rainy,14.4,14.4,0,78.33,71.83
2026-08-29 14:00:00,R102,Highway,1800,40.7135,-74.012,1368,40,Rainy,14.4,14.4,0,76.0,78.33
2026-08-29 15:00:00,R102,Highway,1800,40.7135,-74.012,1368,40,Rainy,14.4,14.4,0,76.0,76.0
2026-08-29 16:00:00,R102,Highway,1800,40.7135,-74.012,1084,50,Rainy,14.4,14.4,0,60.22,76.0
2026-08-29 17:00:00,R102,Highway,1800,40.7135,-74.012,1116,49,Rainy,14.4,14.4,0,62.0,60.22
2026-08-29 18:00:00,R102,Highway,1800,40.7135,-74.012,1175,47,Rainy,14.4,14.4,0,65.28,62.0
2026-08-29 19:00:00,R102,Highway,1800,40.7135,-74.012,1070,51,Rainy,14.4,14.4,0,59.44,65.28
2026-08-29 20:00:00,R102,Highway,1800,40.7135,-74.012,1080,51,Rainy,14.4,14.4,0,60.0,59.44
2026-08-29 21:00:00,R102,Highway,1800,40.7135,-74.012,383,80,Rainy,14.4,14.4,0,21.28,60.0
2026-08-29 22:00:00,R102,Highway,1800,40.7135,-74.012,314,80,Rainy,14.4,14.4,0,17.44,21.28
2026-08-29 23:00:00,R102,Highway,1800,40.7135,-74.012,306,80,Rainy,14.4,14.4,0,17.0,17.44
2026-08-30 00:00:00,R102,Highway,1800,40.7135,-74.012,403,100,Clear,23.3,0.0,0,22.39,17.0
2026-08-30 01:00:00,R102,Highway,1800,40.7135,-74.012,396,100,Clear,23.3,0.0,0,22.0,22.39
2026-08-30 02:00:00,R102,Highway,1800,40.7135,-74.012,342,100,Clear,23.3,0.0,0,19.0,22.0
2026-08-30 03:00:00,R102,Highway,1800,40.7135,-74.012,360,100,Clear,23.3,0.0,0,20.0,19.0
2026-08-30 04:00:00,R102,Highway,1800,40.7135,-74.012,397,100,Clear,23.3,0.0,0,22.06,20.0
2026-08-30 05:00:00,R102,Highway,1800,40.7135,-74.012,405,100,Clear,23.3,0.0,0,22.5,22.06
2026-08-30 06:00:00,R102,Highway,1800,40.7135,-74.012,338,100,Clear,23.3,0.0,0,18.78,22.5
2026-08-30 07:00:00,R102,Highway,1800,40.7135,-74.012,402,100,Clear,23.3,0.0,0,22.33,18.78
2026-08-30 08:00:00,R102,Highway,1800,40.7135,-74.012,361,100,Clear,23.3,0.0,0,20.06,22.33
2026-08-30 09:00:00,R102,Highway,1800,40.7135,-74.012,376,100,Clear,23.3,0.0,0,20.89,20.06
2026-08-30 10:00:00,R102,Highway,1800,40.7135,-74.012,346,100,Clear,23.3,0.0,0,19.22,20.89
2026-08-30 11:00:00,R102,Highway,1800,40.7135,-74.012,1319,52,Clear,23.3,0.0,0,73.28,19.22
2026-08-30 12:00:00,R102,Highway,1800,40.7135,-74.012,1383,49,Clear,23.3,0.0,0,76.83,73.28
2026-08-30 13:00:00,R102,Highway,1800,40.7135,-74.012,1264,54,Clear,23.3,0.0,0,70.22,76.83
2026-08-30 14:00:00,R102,Highway,1800,40.7135,-74.012,1429,47,Clear,23.3,0.0,0,79.39,70.22
2026-08-30 15:00:00,R102,Highway,1800,40.7135,-74.012,1121,61,Clear,23.3,0.0,0,62.28,79.39
2026-08-30 16:00:00,R102,Highway,1800,40.7135,-74.012,1170,59,Clear,23.3,0.0,0,65.0,62.28
2026-08-30 17:00:00,R102,Highway,1800,40.7135,-74.012,993,68,Clear,23.3,0.0,0,55.17,65.0
2026-08-30 18:00:00,R102,Highway,1800,40.7135,-74.012,1148,60,Clear,23.3,0.0,0,63.78,55.17
2026-08-30 19:00:00,R102,Highway,1800,40.7135,-74.012,1237,55,Clear,23.3,0.0,0,68.72,63.78
2026-08-30 20:00:00,R102,Highway,1800,40.7135,-74.012,1095,62,Clear,23.3,0.0,0,60.83,68.72
2026-08-30 21:00:00,R102,Highway,1800,40.7135,-74.012,369,100,Clear,23.3,0.0,0,20.5,60.83
2026-08-30 22:00:00,R102,Highway,1800,40.7135,-74.012,324,100,Clear,23.3,0.0,0,18.0,20.5
2026-08-30 23:00:00,R102,Highway,1800,40.7135,-74.012,392,100,Clear,23.3,0.0,0,21.78,18.0
2026-08-31 00:00:00,R102,Highway,1800,40.7135,-74.012,390,100,Cloudy,24.8,0.0,0,21.67,21.78
2026-08-31 01:00:00,R102,Highway,1800,40.7135,-74.012,402,100,Cloudy,24.8,0.0,0,22.33,21.67
2026-08-31 02:00:00,R102,Highway,1800,40.7135,-74.012,412,100,Cloudy,24.8,0.0,0,22.89,22.33
2026-08-31 03:00:00,R102,Highway,1800,40.7135,-74.012,378,100,Cloudy,24.8,0.0,0,21.0,22.89
2026-08-31 04:00:00,R102,Highway,1800,40.7135,-74.012,378,100,Cloudy,24.8,0.0,0,21.0,21.0
2026-08-31 05:00:00,R102,Highway,1800,40.7135,-74.012,373,100,Cloudy,24.8,0.0,0,20.72,21.0
2026-08-31 06:00:00,R102,Highway,1800,40.7135,-74.012,403,100,Cloudy,24.8,0.0,0,22.39,20.72
2026-08-31 07:00:00,R102,Highway,1800,40.7135,-74.012,1789,35,Cloudy,24.8,0.0,0,99.39,22.39
2026-08-31 08:00:00,R102,Highway,1800,40.7135,-74.012,1839,33,Cloudy,24.8,0.0,0,102.17,99.39
2026-08-31 09:00:00,R102,Highway,1800,40.7135,-74.012,1694,38,Cloudy,24.8,0.0,0,94.11,102.17
2026-08-31 10:00:00,R102,Highway,1800,40.7135,-74.012,940,71,Cloudy,24.8,0.0,0,52.22,94.11
2026-08-31 11:00:00,R102,Highway,1800,40.7135,-74.012,1136,60,Cloudy,24.8,0.0,0,63.11,52.22
2026-08-31 12:00:00,R102,Highway,1800,40.7135,-74.012,1231,56,Cloudy,24.8,0.0,0,68.39,63.11
2026-08-31 13:00:00,R102,Highway,1800,40.7135,-74.012,1155,59,Cloudy,24.8,0.0,0,64.17,68.39
2026-08-31 14:00:00,R102,Highway,1800,40.7135,-74.012,1182,58,Cloudy,24.8,0.0,0,65.67,64.17
2026-08-31 15:00:00,R102,Highway,1800,40.7135,-74.012,1031,66,Cloudy,24.8,0.0,0,57.28,65.67
2026-08-31 16:00:00,R102,Highway,1800,40.7135,-74.012,1631,40,Cloudy,24.8,0.0,0,90.61,57.28
2026-08-31 17:00:00,R102,Highway,1800,40.7135,-74.012,1579,42,Cloudy,24.8,0.0,0,87.72,90.61
2026-08-31 18:00:00,R102,Highway,1800,40.7135,-74.012,1464,46,Cloudy,24.8,0.0,0,81.33,87.72
2026-08-31 19:00:00,R102,Highway,1800,40.7135,-74.012,1947,30,Cloudy,24.8,0.0,0,108.17,81.33
2026-08-31 20:00:00,R102,Highway,1800,40.7135,-74.012,320,100,Cloudy,24.8,0.0,0,17.78,108.17
2026-08-31 21:00:00,R102,Highway,1800,40.7135,-74.012,324,100,Cloudy,24.8,0.0,0,18.0,17.78
2026-08-31 22:00:00,R102,Highway,1800,40.7135,-74.012,311,100,Cloudy,24.8,0.0,0,17.28,18.0
2026-08-31 23:00:00,R102,Highway,1800,40.7135,-74.012,347,100,Cloudy,24.8,0.0,0,19.28,17.28
2026-09-01 00:00:00,R102,Highway,1800,40.7135,-74.012,407,100,Clear,27.0,0.0,0,22.61,19.28
2026-09-01 01:00:00,R102,Highway,1800,40.7135,-74.012,355,100,Clear,27.0,0.0,0,19.72,22.61
2026-09-01 02:00:00,R102,Highway,1800,40.7135,-74.012,389,100,Clear,27.0,0.0,0,21.61,19.72
2026-09-01 03:00:00,R102,Highway,1800,40.7135,-74.012,397,100,Clear,27.0,0.0,0,22.06,21.61
2026-09-01 04:00:00,R102,Highway,1800,40.7135,-74.012,346,100,Clear,27.0,0.0,0,19.22,22.06
2026-09-01 05:00:00,R102,Highway,1800,40.7135,-74.012,398,100,Clear,27.0,0.0,0,22.11,19.22
2026-09-01 06:00:00,R102,Highway,1800,40.7135,-74.012,356,100,Clear,27.0,0.0,0,19.78,22.11
2026-09-01 07:00:00,R102,Highway,1800,40.7135,-74.012,1820,34,Clear,27.0,0.0,0,101.11,19.78
2026-09-01 08:00:00,R102,Highway,1800,40.7135,-74.012,1516,44,Clear,27.0,0.0,0,84.22,101.11
2026-09-01 09:00:00,R102,Highway,1800,40.7135,-74.012,1847,33,Clear,27.0,0.0,0,102.61,84.22
2026-09-01 10:00:00,R102,Highway,1800,40.7135,-74.012,982,69,Clear,27.0,0.0,0,54.56,102.61
2026-09-01 11:00:00,R102,Highway,1800,40.7135,-74.012,1057,64,Clear,27.0,0.0,0,58.72,54.56
2026-09-01 12:00:00,R102,Highway,1800,40.7135,-74.012,983,69,Clear,27.0,0.0,0,54.61,58.72
2026-09-01 13:00:00,R102,Highway,1800,40.7135,-74.012,1237,55,Clear,27.0,0.0,0,68.72,54.61
2026-09-01 14:00:00,R102,Highway,1800,40.7135,-74.012,1075,64,Clear,27.0,0.0,0,59.72,68.72
2026-09-01 15:00:00,R102,Highway,1800,40.7135,-74.012,1099,62,Clear,27.0,0.0,0,61.06,59.72
2026-09-01 16:00:00,R102,Highway,1800,40.7135,-74.012,1934,31,Clear,27.0,0.0,0,107.44,61.06
2026-09-01 17:00:00,R102,Highway,1800,40.7135,-74.012,1866,33,Clear,27.0,0.0,0,103.67,107.44
2026-09-01 18:00:00,R102,Highway,1800,40.7135,-74.012,1831,34,Clear,27.0,0.0,0,101.72,103.67
2026-09-01 19:00:00,R102,Highway,1800,40.7135,-74.012,1575,42,Clear,27.0,0.0,0,87.5,101.72
2026-09-01 20:00:00,R102,Highway,1800,40.7135,-74.012,382,100,Clear,27.0,0.0,0,21.22,87.5
2026-09-01 21:00:00,R102,Highway,1800,40.7135,-74.012,356,100,Clear,27.0,0.0,0,19.78,21.22
2026-09-01 22:00:00,R102,Highway,1800,40.7135,-74.012,316,100,Clear,27.0,0.0,0,17.56,19.78
2026-09-01 23:00:00,R102,Highway,1800,40.7135,-74.012,353,100,Clear,27.0,0.0,0,19.61,17.56
2026-09-02 00:00:00,R102,Highway,1800,40.7135,-74.012,357,80,Rainy,15.9,8.4,0,19.83,19.61
2026-09-02 01:00:00,R102,Highway,1800,40.7135,-74.012,405,80,Rainy,15.9,8.4,0,22.5,19.83
2026-09-02 02:00:00,R102,Highway,1800,40.7135,-74.012,337,80,Rainy,15.9,8.4,0,18.72,22.5
2026-09-02 03:00:00,R102,Highway,1800,40.7135,-74.012,409,80,Rainy,15.9,8.4,0,22.72,18.72
2026-09-02 04:00:00,R102,Highway,1800,40.7135,-74.012,392,80,Rainy,15.9,8.4,0,21.78,22.72
2026-09-02 05:00:00,R102,Highway,1800,40.7135,-74.012,405,80,Rainy,15.9,8.4,0,22.5,21.78
2026-09-02 06:00:00,R102,Highway,1800,40.7135,-74.012,327,80,Rainy,15.9,8.4,0,18.17,22.5
2026-09-02 07:00:00,R102,Highway,1800,40.7135,-74.012,1623,32,Rainy,15.9,8.4,0,90.17,18.17
2026-09-02 08:00:00,R102,Highway,1800,40.7135,-74.012,1789,28,Rainy,15.9,8.4,0,99.39,90.17
2026-09-02 09:00:00,R102,Highway,1800,40.7135,-74.012,1612,32,Rainy,15.9,8.4,0,89.56,99.39
2026-09-02 10:00:00,R102,Highway,1800,40.7135,-74.012,1182,46,Rainy,15.9,8.4,0,65.67,89.56
2026-09-02 11:00:00,R102,Highway,1800,40.7135,-74.012,1043,52,Rainy,15.9,8.4,0,57.94,65.67
2026-09-02 12:00:00,R102,Highway,1800,40.7135,-74.012,1210,45,Rainy,15.9,8.4,0,67.22,57.94
2026-09-02 13:00:00,R102,Highway,1800,40.7135,-74.012,1137,48,Rainy,15.9,8.4,0,63.17,67.22
2026-09-02 14:00:00,R102,Highway,1800,40.7135,-74.012,965,56,Rainy,15.9,8.4,0,53.61,63.17
2026-09-02 15:00:00,R102,Highway,1800,40.7135,-74.012,976,55,Rainy,15.9,8.4,0,54.22,53.61
2026-09-02 16:00:00,R102,Highway,1800,40.7135,-74.012,1631,32,Rainy,15.9,8.4,0,90.61,54.22
2026-09-02 17:00:00,R102,Highway,1800,40.7135,-74.012,1763,28,Rainy,15.9,8.4,0,97.94,90.61
2026-09-02 18:00:00,R102,Highway,1800,40.7135,-74.012,1695,30,Rainy,15.9,8.4,0,94.17,97.94
2026-09-02 19:00:00,R102,Highway,1800,40.7135,-74.012,1727,29,Rainy,15.9,8.4,0,95.94,94.17
2026-09-02 20:00:00,R102,Highway,1800,40.7135,-74.012,363,80,Rainy,15.9,8.4,0,20.17,95.94
2026-09-02 21:00:00,R102,Highway,1800,40.7135,-74.012,410,24,Rainy,15.9,8.4,1,22.78,20.17
2026-09-02 22:00:00,R102,Highway,1800,40.7135,-74.012,395,80,Rainy,15.9,8.4,0,21.94,22.78
2026-09-02 23:00:00,R102,Highway,1800,40.7135,-74.012,348,80,Rainy,15.9,8.4,0,19.33,21.94
2026-09-03 00:00:00,R102,Highway,1800,40.7135,-74.012,347,100,Clear,31.2,0.0,0,19.28,19.33
2026-09-03 01:00:00,R102,Highway,1800,40.7135,-74.012,346,100,Clear,31.2,0.0,0,19.22,19.28
2026-09-03 02:00:00,R102,Highway,1800,40.7135,-74.012,375,100,Clear,31.2,0.0,0,20.83,19.22
2026-09-03 03:00:00,R102,Highway,1800,40.7135,-74.012,409,100,Clear,31.2,0.0,0,22.72,20.83
2026-09-03 04:00:00,R102,Highway,1800,40.7135,-74.012,371,100,Clear,31.2,0.0,0,20.61,22.72
2026-09-03 05:00:00,R102,Highway,1800,40.7135,-74.012,313,100,Clear,31.2,0.0,0,17.39,20.61
2026-09-03 06:00:00,R102,Highway,1800,40.7135,-74.012,325,100,Clear,31.2,0.0,0,18.06,17.39
2026-09-03 07:00:00,R102,Highway,1800,40.7135,-74.012,1731,37,Clear,31.2,0.0,0,96.17,18.06
2026-09-03 08:00:00,R102,Highway,1800,40.7135,-74.012,1685,38,Clear,31.2,0.0,0,93.61,96.17
2026-09-03 09:00:00,R102,Highway,1800,40.7135,-74.012,1462,46,Clear,31.2,0.0,0,81.22,93.61
2026-09-03 10:00:00,R102,Highway,1800,40.7135,-74.012,1043,65,Clear,31.2,0.0,0,57.94,81.22
2026-09-03 11:00:00,R102,Highway,1800,40.7135,-74.012,1184,58,Clear,31.2,0.0,0,65.78,57.94
2026-09-03 12:00:00,R102,Highway,1800,40.7135,-74.012,1183,58,Clear,31.2,0.0,0,65.72,65.78
2026-09-03 13:00:00,R102,Highway,1800,40.7135,-74.012,1007,67,Clear,31.2,0.0,0,55.94,65.72
2026-09-03 14:00:00,R102,Highway,1800,40.7135,-74.012,1128,61,Clear,31.2,0.0,0,62.67,55.94
2026-09-03 15:00:00,R102,Highway,1800,40.7135,-74.012,1089,63,Clear,31.2,0.0,0,60.5,62.67
2026-09-03 16:00:00,R102,Highway,1800,40.7135,-74.012,1581,42,Clear,31.2,0.0,0,87.83,60.5
2026-09-03 17:00:00,R102,Highway,1800,40.7135,-74.012,1691,38,Clear,31.2,0.0,0,93.94,87.83
2026-09-03 18:00:00,R102,Highway,1800,40.7135,-74.012,1679,38,Clear,31.2,0.0,0,93.28,93.94
2026-09-03 19:00:00,R102,Highway,1800,40.7135,-74.012,1955,30,Clear,31.2,0.0,0,108.61,93.28
2026-09-03 20:00:00,R102,Highway,1800,40.7135,-74.012,306,100,Clear,31.2,0.0,0,17.0,108.61
2026-09-03 21:00:00,R102,Highway,1800,40.7135,-74.012,347,100,Clear,31.2,0.0,0,19.28,17.0
2026-09-03 22:00:00,R102,Highway,1800,40.7135,-74.012,340,100,Clear,31.2,0.0,0,18.89,19.28
2026-09-03 23:00:00,R102,Highway,1800,40.7135,-74.012,316,100,Clear,31.2,0.0,0,17.56,18.89
2026-09-04 00:00:00,R102,Highway,1800,40.7135,-74.012,356,100,Cloudy,18.1,0.0,0,19.78,17.56
2026-09-04 01:00:00,R102,Highway,1800,40.7135,-74.012,320,100,Cloudy,18.1,0.0,0,17.78,19.78
2026-09-04 02:00:00,R102,Highway,1800,40.7135,-74.012,400,100,Cloudy,18.1,0.0,0,22.22,17.78
2026-09-04 03:00:00,R102,Highway,1800,40.7135,-74.012,409,100,Cloudy,18.1,0.0,0,22.72,22.22
2026-09-04 04:00:00,R102,Highway,1800,40.7135,-74.012,403,100,Cloudy,18.1,0.0,0,22.39,22.72
2026-09-04 05:00:00,R102,Highway,1800,40.7135,-74.012,384,100,Cloudy,18.1,0.0,0,21.33,22.39
2026-09-04 06:00:00,R102,Highway,1800,40.7135,-74.012,375,100,Cloudy,18.1,0.0,0,20.83,21.33
2026-09-04 07:00:00,R102,Highway,1800,40.7135,-74.012,1775,35,Cloudy,18.1,0.0,0,98.61,20.83
2026-09-04 08:00:00,R102,Highway,1800,40.7135,-74.012,1504,44,Cloudy,18.1,0.0,0,83.56,98.61
2026-09-04 09:00:00,R102,Highway,1800,40.7135,-74.012,1436,47,Cloudy,18.1,0.0,0,79.78,83.56
2026-09-04 10:00:00,R102,Highway,1800,40.7135,-74.012,932,72,Cloudy,18.1,0.0,0,51.78,79.78
2026-09-04 11:00:00,R102,Highway,1800,40.7135,-74.012,1090,63,Cloudy,18.1,0.0,0,60.56,51.78
2026-09-04 12:00:00,R102,Highway,1800,40.7135,-74.012,1034,66,Cloudy,18.1,0.0,0,57.44,60.56
2026-09-04 13:00:00,R102,Highway,1800,40.7135,-74.012,1206,57,Cloudy,18.1,0.0,0,67.0,57.44
2026-09-04 14:00:00,R102,Highway,1800,40.7135,-74.012,1234,56,Cloudy,18.1,0.0,0,68.56,67.0
2026-09-04 15:00:00,R102,Highway,1800,40.7135,-74.012,1131,61,Cloudy,18.1,0.0,0,62.83,68.56
2026-09-04 16:00:00,R102,Highway,1800,40.7135,-74.012,1645,39,Cloudy,18.1,0.0,0,91.39,62.83
2026-09-04 17:00:00,R102,Highway,1800,40.7135,-74.012,1576,42,Cloudy,18.1,0.0,0,87.56,91.39
2026-09-04 18:00:00,R102,Highway,1800,40.7135,-74.012,1698,38,Cloudy,18.1,0.0,0,94.33,87.56
2026-09-04 19:00:00,R102,Highway,1800,40.7135,-74.012,1704,37,Cloudy,18.1,0.0,0,94.67,94.33
2026-09-04 20:00:00,R102,Highway,1800,40.7135,-74.012,308,100,Cloudy,18.1,0.0,0,17.11,94.67
2026-09-04 21:00:00,R102,Highway,1800,40.7135,-74.012,384,100,Cloudy,18.1,0.0,0,21.33,17.11
2026-09-04 22:00:00,R102,Highway,1800,40.7135,-74.012,311,100,Cloudy,18.1,0.0,0,17.28,21.33
2026-09-04 23:00:00,R102,Highway,1800,40.7135,-74.012,370,100,Cloudy,18.1,0.0,0,20.56,17.28
2026-09-05 00:00:00,R102,Highway,1800,40.7135,-74.012,306,80,Rainy,12.7,7.8,0,17.0,20.56
2026-09-05 01:00:00,R102,Highway,1800,40.7135,-74.012,345,80,Rainy,12.7,7.8,0,19.17,17.0
2026-09-05 02:00:00,R102,Highway,1800,40.7135,-74.012,325,80,Rainy,12.7,7.8,0,18.06,19.17
2026-09-05 03:00:00,R102,Highway,1800,40.7135,-74.012,321,80,Rainy,12.7,7.8,0,17.83,18.06
2026-09-05 04:00:00,R102,Highway,1800,40.7135,-74.012,314,80,Rainy,12.7,7.8,0,17.44,17.83
2026-09-05 05:00:00,R102,Highway,1800,40.7135,-74.012,396,80,Rainy,12.7,7.8,0,22.0,17.44
2026-09-05 06:00:00,R102,Highway,1800,40.7135,-74.012,400,80,Rainy,12.7,7.8,0,22.22,22.0
2026-09-05 07:00:00,R102,Highway,1800,40.7135,-74.012,345,80,Rainy,12.7,7.8,0,19.17,22.22
2026-09-05 08:00:00,R102,Highway,1800,40.7135,-74.012,336,80,Rainy,12.7,7.8,0,18.67,19.17
2026-09-05 09:00:00,R102,Highway,1800,40.7135,-74.012,322,80,Rainy,12.7,7.8,0,17.89,18.67
2026-09-05 10:00:00,R102,Highway,1800,40.7135,-74.012,387,80,Rainy,12.7,7.8,0,21.5,17.89
2026-09-05 11:00:00,R102,Highway,1800,40.7135,-74.012,1276,43,Rainy,12.7,7.8,0,70.89,21.5
2026-09-05 12:00:00,R102,Highway,1800,40.7135,-74.012,1114,49,Rainy,12.7,7.8,0,61.89,70.89
2026-09-05 13:00:00,R102,Highway,1800,40.7135,-74.012,1668,9,Rainy,12.7,7.8,1,92.67,61.89
2026-09-05 14:00:00,R102,Highway,1800,40.7135,-74.012,1108,49,Rainy,12.7,7.8,0,61.56,92.67
2026-09-05 15:00:00,R102,Highway,1800,40.7135,-74.012,1204,46,Rainy,12.7,7.8,0,66.89,61.56
2026-09-05 16:00:00,R102,Highway,1800,40.7135,-74.012,1231,44,Rainy,12.7,7.8,0,68.39,66.89
2026-09-05 17:00:00,R102,Highway,1800,40.7135,-74.012,1042,52,Rainy,12.7,7.8,0,57.89,68.39
2026-09-05 18:00:00,R102,Highway,1800,40.7135,-74.012,966,56,Rainy,12.7,7.8,0,53.67,57.89
2026-09-05 19:00:00,R102,Highway,1800,40.7135,-74.012,1194,46,Rainy,12.7,7.8,0,66.33,53.67
2026-09-05 20:00:00,R102,Highway,1800,40.7135,-74.012,1190,46,Rainy,12.7,7.8,0,66.11,66.33
2026-09-05 21:00:00,R102,Highway,1800,40.7135,-74.012,366,80,Rainy,12.7,7.8,0,20.33,66.11
2026-09-05 22:00:00,R102,Highway,1800,40.7135,-74.012,387,80,Rainy,12.7,7.8,0,21.5,20.33
2026-09-05 23:00:00,R102,Highway,1800,40.7135,-74.012,393,80,Rainy,12.7,7.8,0,21.83,21.5
2026-09-06 00:00:00,R102,Highway,1800,40.7135,-74.012,318,100,Cloudy,16.1,0.0,0,17.67,21.83
2026-09-06 01:00:00,R102,Highway,1800,40.7135,-74.012,377,100,Cloudy,16.1,0.0,0,20.94,17.67
2026-09-06 02:00:00,R102,Highway,1800,40.7135,-74.012,339,100,Cloudy,16.1,0.0,0,18.83,20.94
2026-09-06 03:00:00,R102,Highway,1800,40.7135,-74.012,350,100,Cloudy,16.1,0.0,0,19.44,18.83
2026-09-06 04:00:00,R102,Highway,1800,40.7135,-74.012,338,100,Cloudy,16.1,0.0,0,18.78,19.44
2026-09-06 05:00:00,R102,Highway,1800,40.7135,-74.012,320,100,Cloudy,16.1,0.0,0,17.78,18.78
2026-09-06 06:00:00,R102,Highway,1800,40.7135,-74.012,318,100,Cloudy,16.1,0.0,0,17.67,17.78
2026-09-06 07:00:00,R102,Highway,1800,40.7135,-74.012,405,100,Cloudy,16.1,0.0,0,22.5,17.67
2026-09-06 08:00:00,R102,Highway,1800,40.7135,-74.012,353,100,Cloudy,16.1,0.0,0,19.61,22.5
2026-09-06 09:00:00,R102,Highway,1800,40.7135,-74.012,361,100,Cloudy,16.1,0.0,0,20.06,19.61
2026-09-06 10:00:00,R102,Highway,1800,40.7135,-74.012,341,100,Cloudy,16.1,0.0,0,18.94,20.06
2026-09-06 11:00:00,R102,Highway,1800,40.7135,-74.012,1365,50,Cloudy,16.1,0.0,0,75.83,18.94
2026-09-06 12:00:00,R102,Highway,1800,40.7135,-74.012,1231,56,Cloudy,16.1,0.0,0,68.39,75.83
2026-09-06 13:00:00,R102,Highway,1800,40.7135,-74.012,1218,56,Cloudy,16.1,0.0,0,67.67,68.39
2026-09-06 14:00:00,R102,Highway,1800,40.7135,-74.012,1153,59,Cloudy,16.1,0.0,0,64.06,67.67
2026-09-06 15:00:00,R102,Highway,1800,40.7135,-74.012,1113,62,Cloudy,16.1,0.0,0,61.83,64.06
2026-09-06 16:00:00,R102,Highway,1800,40.7135,-74.012,1112,62,Cloudy,16.1,0.0,0,61.78,61.83
2026-09-06 17:00:00,R102,Highway,1800,40.7135,-74.012,1068,64,Cloudy,16.1,0.0,0,59.33,61.78
2026-09-06 18:00:00,R102,Highway,1800,40.7135,-74.012,1146,60,Cloudy,16.1,0.0,0,63.67,59.33
2026-09-06 19:00:00,R102,Highway,1800,40.7135,-74.012,1176,58,Cloudy,16.1,0.0,0,65.33,63.67
2026-09-06 20:00:00,R102,Highway,1800,40.7135,-74.012,1460,13,Cloudy,16.1,0.0,1,81.11,65.33
2026-09-06 21:00:00,R102,Highway,1800,40.7135,-74.012,336,100,Cloudy,16.1,0.0,0,18.67,81.11
2026-09-06 22:00:00,R102,Highway,1800,40.7135,-74.012,404,100,Cloudy,16.1,0.0,0,22.44,18.67
2026-09-06 23:00:00,R102,Highway,1800,40.7135,-74.012,379,100,Cloudy,16.1,0.0,0,21.06,22.44
2026-09-07 00:00:00,R102,Highway,1800,40.7135,-74.012,404,100,Clear,33.7,0.0,0,22.44,21.06
2026-09-07 01:00:00,R102,Highway,1800,40.7135,-74.012,347,100,Clear,33.7,0.0,0,19.28,22.44
2026-09-07 02:00:00,R102,Highway,1800,40.7135,-74.012,336,100,Clear,33.7,0.0,0,18.67,19.28
2026-09-07 03:00:00,R102,Highway,1800,40.7135,-74.012,407,100,Clear,33.7,0.0,0,22.61,18.67
2026-09-07 04:00:00,R102,Highway,1800,40.7135,-74.012,409,100,Clear,33.7,0.0,0,22.72,22.61
2026-09-07 05:00:00,R102,Highway,1800,40.7135,-74.012,381,100,Clear,33.7,0.0,0,21.17,22.72
2026-09-07 06:00:00,R102,Highway,1800,40.7135,-74.012,410,100,Clear,33.7,0.0,0,22.78,21.17
2026-09-07 07:00:00,R102,Highway,1800,40.7135,-74.012,1665,39,Clear,33.7,0.0,0,92.5,22.78
2026-09-07 08:00:00,R102,Highway,1800,40.7135,-74.012,1730,37,Clear,33.7,0.0,0,96.11,92.5
2026-09-07 09:00:00,R102,Highway,1800,40.7135,-74.012,1620,40,Clear,33.7,0.0,0,90.0,96.11
2026-09-07 10:00:00,R102,Highway,1800,40.7135,-74.012,1230,56,Clear,33.7,0.0,0,68.33,90.0
2026-09-07 11:00:00,R102,Highway,1800,40.7135,-74.012,1238,55,Clear,33.7,0.0,0,68.78,68.33
2026-09-07 12:00:00,R102,Highway,1800,40.7135,-74.012,1178,58,Clear,33.7,0.0,0,65.44,68.78
2026-09-07 13:00:00,R102,Highway,1800,40.7135,-74.012,1037,66,Clear,33.7,0.0,0,57.61,65.44
2026-09-07 14:00:00,R102,Highway,1800,40.7135,-74.012,933,72,Clear,33.7,0.0,0,51.83,57.61
2026-09-07 15:00:00,R102,Highway,1800,40.7135,-74.012,1171,59,Clear,33.7,0.0,0,65.06,51.83
2026-09-07 16:00:00,R102,Highway,1800,40.7135,-74.012,1941,31,Clear,33.7,0.0,0,107.83,65.06
2026-09-07 17:00:00,R102,Highway,1800,40.7135,-74.012,1554,42,Clear,33.7,0.0,0,86.33,107.83
2026-09-07 18:00:00,R102,Highway,1800,40.7135,-74.012,1514,44,Clear,33.7,0.0,0,84.11,86.33
2026-09-07 19:00:00,R102,Highway,1800,40.7135,-74.012,1542,43,Clear,33.7,0.0,0,85.67,84.11
2026-09-07 20:00:00,R102,Highway,1800,40.7135,-74.012,367,100,Clear,33.7,0.0,0,20.39,85.67
2026-09-07 21:00:00,R102,Highway,1800,40.7135,-74.012,319,100,Clear,33.7,0.0,0,17.72,20.39
2026-09-07 22:00:00,R102,Highway,1800,40.7135,-74.012,390,100,Clear,33.7,0.0,0,21.67,17.72
2026-09-07 23:00:00,R102,Highway,1800,40.7135,-74.012,330,100,Clear,33.7,0.0,0,18.33,21.67
2026-09-08 00:00:00,R102,Highway,1800,40.7135,-74.012,339,100,Clear,20.5,0.0,0,18.83,18.33
2026-09-08 01:00:00,R102,Highway,1800,40.7135,-74.012,319,100,Clear,20.5,0.0,0,17.72,18.83
2026-09-08 02:00:00,R102,Highway,1800,40.7135,-74.012,307,100,Clear,20.5,0.0,0,17.06,17.72
2026-09-08 03:00:00,R102,Highway,1800,40.7135,-74.012,315,100,Clear,20.5,0.0,0,17.5,17.06
2026-09-08 04:00:00,R102,Highway,1800,40.7135,-74.012,360,100,Clear,20.5,0.0,0,20.0,17.5
2026-09-08 05:00:00,R102,Highway,1800,40.7135,-74.012,337,100,Clear,20.5,0.0,0,18.72,20.0
2026-09-08 06:00:00,R102,Highway,1800,40.7135,-74.012,404,100,Clear,20.5,0.0,0,22.44,18.72
2026-09-08 07:00:00,R102,Highway,1800,40.7135,-74.012,1632,40,Clear,20.5,0.0,0,90.67,22.44
2026-09-08 08:00:00,R102,Highway,1800,40.7135,-74.012,1382,49,Clear,20.5,0.0,0,76.78,90.67
2026-09-08 09:00:00,R102,Highway,1800,40.7135,-74.012,1617,40,Clear,20.5,0.0,0,89.83,76.78
2026-09-08 10:00:00,R102,Highway,1800,40.7135,-74.012,1232,56,Clear,20.5,0.0,0,68.44,89.83
2026-09-08 11:00:00,R102,Highway,1800,40.7135,-74.012,1015,67,Clear,20.5,0.0,0,56.39,68.44
2026-09-08 12:00:00,R102,Highway,1800,40.7135,-74.012,1124,61,Clear,20.5,0.0,0,62.44,56.39
2026-09-08 13:00:00,R102,Highway,1800,40.7135,-74.012,1194,57,Clear,20.5,0.0,0,66.33,62.44
2026-09-08 14:00:00,R102,Highway,1800,40.7135,-74.012,968,70,Clear,20.5,0.0,0,53.78,66.33
2026-09-08 15:00:00,R102,Highway,1800,40.7135,-74.012,1031,66,Clear,20.5,0.0,0,57.28,53.78
2026-09-08 16:00:00,R102,Highway,1800,40.7135,-74.012,1829,34,Clear,20.5,0.0,0,101.61,57.28
2026-09-08 17:00:00,R102,Highway,1800,40.7135,-74.012,1752,36,Clear,20.5,0.0,0,97.33,101.61
2026-09-08 18:00:00,R102,Highway,1800,40.7135,-74.012,1748,36,Clear,20.5,0.0,0,97.11,97.33
2026-09-08 19:00:00,R102,Highway,1800,40.7135,-74.012,1676,38,Clear,20.5,0.0,0,93.11,97.11
2026-09-08 20:00:00,R102,Highway,1800,40.7135,-74.012,355,100,Clear,20.5,0.0,0,19.72,93.11
2026-09-08 21:00:00,R102,Highway,1800,40.7135,-74.012,322,100,Clear,20.5,0.0,0,17.89,19.72
2026-09-08 22:00:00,R102,Highway,1800,40.7135,-74.012,383,100,Clear,20.5,0.0,0,21.28,17.89
2026-09-08 23:00:00,R102,Highway,1800,40.7135,-74.012,355,100,Clear,20.5,0.0,0,19.72,21.28
2026-09-09 00:00:00,R102,Highway,1800,40.7135,-74.012,329,100,Clear,24.7,0.0,0,18.28,19.72
2026-09-09 01:00:00,R102,Highway,1800,40.7135,-74.012,392,100,Clear,24.7,0.0,0,21.78,18.28
2026-09-09 02:00:00,R102,Highway,1800,40.7135,-74.012,401,100,Clear,24.7,0.0,0,22.28,21.78
2026-09-09 03:00:00,R102,Highway,1800,40.7135,-74.012,396,100,Clear,24.7,0.0,0,22.0,22.28
2026-09-09 04:00:00,R102,Highway,1800,40.7135,-74.012,389,100,Clear,24.7,0.0,0,21.61,22.0
2026-09-09 05:00:00,R102,Highway,1800,40.7135,-74.012,310,100,Clear,24.7,0.0,0,17.22,21.61
2026-09-09 06:00:00,R102,Highway,1800,40.7135,-74.012,373,100,Clear,24.7,0.0,0,20.72,17.22
2026-09-09 07:00:00,R102,Highway,1800,40.7135,-74.012,1520,44,Clear,24.7,0.0,0,84.44,20.72
2026-09-09 08:00:00,R102,Highway,1800,40.7135,-74.012,1418,48,Clear,24.7,0.0,0,78.78,84.44
2026-09-09 09:00:00,R102,Highway,1800,40.7135,-74.012,1397,48,Clear,24.7,0.0,0,77.61,78.78
2026-09-09 10:00:00,R102,Highway,1800,40.7135,-74.012,1117,61,Clear,24.7,0.0,0,62.06,77.61
2026-09-09 11:00:00,R102,Highway,1800,40.7135,-74.012,1051,65,Clear,24.7,0.0,0,58.39,62.06
2026-09-09 12:00:00,R102,Highway,1800,40.7135,-74.012,1237,55,Clear,24.7,0.0,0,68.72,58.39
2026-09-09 13:00:00,R102,Highway,1800,40.7135,-74.012,1053,65,Clear,24.7,0.0,0,58.5,68.72
2026-09-09 14:00:00,R102,Highway,1800,40.7135,-74.012,1203,57,Clear,24.7,0.0,0,66.83,58.5
2026-09-09 15:00:00,R102,Highway,1800,40.7135,-74.012,1150,60,Clear,24.7,0.0,0,63.89,66.83
2026-09-09 16:00:00,R102,Highway,1800,40.7135,-74.012,1521,44,Clear,24.7,0.0,0,84.5,63.89
2026-09-09 17:00:00,R102,Highway,1800,40.7135,-74.012,1823,34,Clear,24.7,0.0,0,101.28,84.5
2026-09-09 18:00:00,R102,Highway,1800,40.7135,-74.012,1780,35,Clear,24.7,0.0,0,98.89,101.28
2026-09-09 19:00:00,R102,Highway,1800,40.7135,-74.012,1701,38,Clear,24.7,0.0,0,94.5,98.89
2026-09-09 20:00:00,R102,Highway,1800,40.7135,-74.012,365,100,Clear,24.7,0.0,0,20.28,94.5
2026-09-09 21:00:00,R102,Highway,1800,40.7135,-74.012,403,100,Clear,24.7,0.0,0,22.39,20.28
2026-09-09 22:00:00,R102,Highway,1800,40.7135,-74.012,359,100,Clear,24.7,0.0,0,19.94,22.39
2026-09-09 23:00:00,R102,Highway,1800,40.7135,-74.012,336,100,Clear,24.7,0.0,0,18.67,19.94
2026-09-10 00:00:00,R102,Highway,1800,40.7135,-74.012,409,100,Clear,20.1,0.0,0,22.72,18.67
2026-09-10 01:00:00,R102,Highway,1800,40.7135,-74.012,376,100,Clear,20.1,0.0,0,20.89,22.72
2026-09-10 02:00:00,R102,Highway,1800,40.7135,-74.012,398,100,Clear,20.1,0.0,0,22.11,20.89
2026-09-10 03:00:00,R102,Highway,1800,40.7135,-74.012,400,100,Clear,20.1,0.0,0,22.22,22.11
2026-09-10 04:00:00,R102,Highway,1800,40.7135,-74.012,329,100,Clear,20.1,0.0,0,18.28,22.22
2026-09-10 05:00:00,R102,Highway,1800,40.7135,-74.012,323,100,Clear,20.1,0.0,0,17.94,18.28
2026-09-10 06:00:00,R102,Highway,1800,40.7135,-74.012,357,100,Clear,20.1,0.0,0,19.83,17.94
2026-09-10 07:00:00,R102,Highway,1800,40.7135,-74.012,1537,43,Clear,20.1,0.0,0,85.39,19.83
2026-09-10 08:00:00,R102,Highway,1800,40.7135,-74.012,1821,34,Clear,20.1,0.0,0,101.17,85.39
2026-09-10 09:00:00,R102,Highway,1800,40.7135,-74.012,1794,35,Clear,20.1,0.0,0,99.67,101.17
2026-09-10 10:00:00,R102,Highway,1800,40.7135,-74.012,1093,63,Clear,20.1,0.0,0,60.72,99.67
2026-09-10 11:00:00,R102,Highway,1800,40.7135,-74.012,1057,64,Clear,20.1,0.0,0,58.72,60.72
2026-09-10 12:00:00,R102,Highway,1800,40.7135,-74.012,1157,59,Clear,20.1,0.0,0,64.28,58.72
2026-09-10 13:00:00,R102,Highway,1800,40.7135,-74.012,963,70,Clear,20.1,0.0,0,53.5,64.28
2026-09-10 14:00:00,R102,Highway,1800,40.7135,-74.012,1019,67,Clear,20.1,0.0,0,56.61,53.5
2026-09-10 15:00:00,R102,Highway,1800,40.7135,-74.012,942,71,Clear,20.1,0.0,0,52.33,56.61
2026-09-10 16:00:00,R102,Highway,1800,40.7135,-74.012,1892,32,Clear,20.1,0.0,0,105.11,52.33
2026-09-10 17:00:00,R102,Highway,1800,40.7135,-74.012,1675,38,Clear,20.1,0.0,0,93.06,105.11
2026-09-10 18:00:00,R102,Highway,1800,40.7135,-74.012,1744,36,Clear,20.1,0.0,0,96.89,93.06
2026-09-10 19:00:00,R102,Highway,1800,40.7135,-74.012,1819,34,Clear,20.1,0.0,0,101.06,96.89
2026-09-10 20:00:00,R102,Highway,1800,40.7135,-74.012,346,100,Clear,20.1,0.0,0,19.22,101.06
2026-09-10 21:00:00,R102,Highway,1800,40.7135,-74.012,353,100,Clear,20.1,0.0,0,19.61,19.22
2026-09-10 22:00:00,R102,Highway,1800,40.7135,-74.012,388,100,Clear,20.1,0.0,0,21.56,19.61
2026-09-10 23:00:00,R102,Highway,1800,40.7135,-74.012,355,100,Clear,20.1,0.0,0,19.72,21.56
2026-09-11 00:00:00,R102,Highway,1800,40.7135,-74.012,308,100,Clear,22.1,0.0,0,17.11,19.72
2026-09-11 01:00:00,R102,Highway,1800,40.7135,-74.012,406,100,Clear,22.1,0.0,0,22.56,17.11
2026-09-11 02:00:00,R102,Highway,1800,40.7135,-74.012,340,100,Clear,22.1,0.0,0,18.89,22.56
2026-09-11 03:00:00,R102,Highway,1800,40.7135,-74.012,324,100,Clear,22.1,0.0,0,18.0,18.89
2026-09-11 04:00:00,R102,Highway,1800,40.7135,-74.012,383,100,Clear,22.1,0.0,0,21.28,18.0
2026-09-11 05:00:00,R102,Highway,1800,40.7135,-74.012,395,100,Clear,22.1,0.0,0,21.94,21.28
2026-09-11 06:00:00,R102,Highway,1800,40.7135,-74.012,372,100,Clear,22.1,0.0,0,20.67,21.94
2026-09-11 07:00:00,R102,Highway,1800,40.7135,-74.012,1789,35,Clear,22.1,0.0,0,99.39,20.67
2026-09-11 08:00:00,R102,Highway,1800,40.7135,-74.012,1589,41,Clear,22.1,0.0,0,88.28,99.39
2026-09-11 09:00:00,R102,Highway,1800,40.7135,-74.012,1453,46,Clear,22.1,0.0,0,80.72,88.28
2026-09-11 10:00:00,R102,Highway,1800,40.7135,-74.012,920,72,Clear,22.1,0.0,0,51.11,80.72
2026-09-11 11:00:00,R102,Highway,1800,40.7135,-74.012,1111,62,Clear,22.1,0.0,0,61.72,51.11
2026-09-11 12:00:00,R102,Highway,1800,40.7135,-74.012,1230,56,Clear,22.1,0.0,0,68.33,61.72
2026-09-11 13:00:00,R102,Highway,1800,40.7135,-74.012,1020,67,Clear,22.1,0.0,0,56.67,68.33
2026-09-11 14:00:00,R102,Highway,1800,40.7135,-74.012,1178,58,Clear,22.1,0.0,0,65.44,56.67
2026-09-11 15:00:00,R102,Highway,1800,40.7135,-74.012,1105,18,Clear,22.1,0.0,1,61.39,65.44
2026-09-11 16:00:00,R102,Highway,1800,40.7135,-74.012,1803,34,Clear,22.1,0.0,0,100.17,61.39
2026-09-11 17:00:00,R102,Highway,1800,40.7135,-74.012,1502,44,Clear,22.1,0.0,0,83.44,100.17
2026-09-11 18:00:00,R102,Highway,1800,40.7135,-74.012,1907,32,Clear,22.1,0.0,0,105.94,83.44
2026-09-11 19:00:00,R102,Highway,1800,40.7135,-74.012,1716,37,Clear,22.1,0.0,0,95.33,105.94
2026-09-11 20:00:00,R102,Highway,1800,40.7135,-74.012,383,100,Clear,22.1,0.0,0,21.28,95.33
2026-09-11 21:00:00,R102,Highway,1800,40.7135,-74.012,315,100,Clear,22.1,0.0,0,17.5,21.28
2026-09-11 22:00:00,R102,Highway,1800,40.7135,-74.012,320,100,Clear,22.1,0.0,0,17.78,17.5
2026-09-11 23:00:00,R102,Highway,1800,40.7135,-74.012,317,100,Clear,22.1,0.0,0,17.61,17.78
2026-09-12 00:00:00,R102,Highway,1800,40.7135,-74.012,341,100,Cloudy,24.4,0.0,0,18.94,17.61
2026-09-12 01:00:00,R102,Highway,1800,40.7135,-74.012,349,100,Cloudy,24.4,0.0,0,19.39,18.94
2026-09-12 02:00:00,R102,Highway,1800,40.7135,-74.012,322,100,Cloudy,24.4,0.0,0,17.89,19.39
2026-09-12 03:00:00,R102,Highway,1800,40.7135,-74.012,402,100,Cloudy,24.4,0.0,0,22.33,17.89
2026-09-12 04:00:00,R102,Highway,1800,40.7135,-74.012,438,30,Cloudy,24.4,0.0,1,24.33,22.33
2026-09-12 05:00:00,R102,Highway,1800,40.7135,-74.012,390,100,Cloudy,24.4,0.0,0,21.67,24.33
2026-09-12 06:00:00,R102,Highway,1800,40.7135,-74.012,336,100,Cloudy,24.4,0.0,0,18.67,21.67
2026-09-12 07:00:00,R102,Highway,1800,40.7135,-74.012,331,100,Cloudy,24.4,0.0,0,18.39,18.67
2026-09-12 08:00:00,R102,Highway,1800,40.7135,-74.012,402,100,Cloudy,24.4,0.0,0,22.33,18.39
2026-09-12 09:00:00,R102,Highway,1800,40.7135,-74.012,379,100,Cloudy,24.4,0.0,0,21.06,22.33
2026-09-12 10:00:00,R102,Highway,1800,40.7135,-74.012,393,100,Cloudy,24.4,0.0,0,21.83,21.06
2026-09-12 11:00:00,R102,Highway,1800,40.7135,-74.012,1405,48,Cloudy,24.4,0.0,0,78.06,21.83
2026-09-12 12:00:00,R102,Highway,1800,40.7135,-74.012,1131,61,Cloudy,24.4,0.0,0,62.83,78.06
2026-09-12 13:00:00,R102,Highway,1800,40.7135,-74.012,1096,62,Cloudy,24.4,0.0,0,60.89,62.83
2026-09-12 14:00:00,R102,Highway,1800,40.7135,-74.012,1190,58,Cloudy,24.4,0.0,0,66.11,60.89
2026-09-12 15:00:00,R102,Highway,1800,40.7135,-74.012,1426,47,Cloudy,24.4,0.0,0,79.22,66.11
2026-09-12 16:00:00,R102,Highway,1800,40.7135,-74.012,1207,57,Cloudy,24.4,0.0,0,67.06,79.22
2026-09-12 17:00:00,R102,Highway,1800,40.7135,-74.012,922,72,Cloudy,24.4,0.0,0,51.22,67.06
2026-09-12 18:00:00,R102,Highway,1800,40.7135,-74.012,1206,57,Cloudy,24.4,0.0,0,67.0,51.22
2026-09-12 19:00:00,R102,Highway,1800,40.7135,-74.012,1043,65,Cloudy,24.4,0.0,0,57.94,67.0
2026-09-12 20:00:00,R102,Highway,1800,40.7135,-74.012,1159,59,Cloudy,24.4,0.0,0,64.39,57.94
2026-09-12 21:00:00,R102,Highway,1800,40.7135,-74.012,405,100,Cloudy,24.4,0.0,0,22.5,64.39
2026-09-12 22:00:00,R102,Highway,1800,40.7135,-74.012,332,100,Cloudy,24.4,0.0,0,18.44,22.5
2026-09-12 23:00:00,R102,Highway,1800,40.7135,-74.012,412,100,Cloudy,24.4,0.0,0,22.89,18.44
2026-09-13 00:00:00,R102,Highway,1800,40.7135,-74.012,338,100,Cloudy,17.0,0.0,0,18.78,22.89
2026-09-13 01:00:00,R102,Highway,1800,40.7135,-74.012,317,100,Cloudy,17.0,0.0,0,17.61,18.78
2026-09-13 02:00:00,R102,Highway,1800,40.7135,-74.012,377,100,Cloudy,17.0,0.0,0,20.94,17.61
2026-09-13 03:00:00,R102,Highway,1800,40.7135,-74.012,412,100,Cloudy,17.0,0.0,0,22.89,20.94
2026-09-13 04:00:00,R102,Highway,1800,40.7135,-74.012,374,100,Cloudy,17.0,0.0,0,20.78,22.89
2026-09-13 05:00:00,R102,Highway,1800,40.7135,-74.012,319,100,Cloudy,17.0,0.0,0,17.72,20.78
2026-09-13 06:00:00,R102,Highway,1800,40.7135,-74.012,328,100,Cloudy,17.0,0.0,0,18.22,17.72
2026-09-13 07:00:00,R102,Highway,1800,40.7135,-74.012,395,100,Cloudy,17.0,0.0,0,21.94,18.22
2026-09-13 08:00:00,R102,Highway,1800,40.7135,-74.012,309,100,Cloudy,17.0,0.0,0,17.17,21.94
2026-09-13 09:00:00,R102,Highway,1800,40.7135,-74.012,337,100,Cloudy,17.0,0.0,0,18.72,17.17
2026-09-13 10:00:00,R102,Highway,1800,40.7135,-74.012,398,100,Cloudy,17.0,0.0,0,22.11,18.72
2026-09-13 11:00:00,R102,Highway,1800,40.7135,-74.012,1271,54,Cloudy,17.0,0.0,0,70.61,22.11
2026-09-13 12:00:00,R102,Highway,1800,40.7135,-74.012,1658,11,Cloudy,17.0,0.0,1,92.11,70.61
2026-09-13 13:00:00,R102,Highway,1800,40.7135,-74.012,1267,54,Cloudy,17.0,0.0,0,70.39,92.11
2026-09-13 14:00:00,R102,Highway,1800,40.7135,-74.012,1165,59,Cloudy,17.0,0.0,0,64.72,70.39
2026-09-13 15:00:00,R102,Highway,1800,40.7135,-74.012,1185,58,Cloudy,17.0,0.0,0,65.83,64.72
2026-09-13 16:00:00,R102,Highway,1800,40.7135,-74.012,1047,65,Cloudy,17.0,0.0,0,58.17,65.83
2026-09-13 17:00:00,R102,Highway,1800,40.7135,-74.012,948,71,Cloudy,17.0,0.0,0,52.67,58.17
2026-09-13 18:00:00,R102,Highway,1800,40.7135,-74.012,1232,56,Cloudy,17.0,0.0,0,68.44,52.67
2026-09-13 19:00:00,R102,Highway,1800,40.7135,-74.012,1003,67,Cloudy,17.0,0.0,0,55.72,68.44
2026-09-13 20:00:00,R102,Highway,1800,40.7135,-74.012,1148,60,Cloudy,17.0,0.0,0,63.78,55.72
2026-09-13 21:00:00,R102,Highway,1800,40.7135,-74.012,409,100,Cloudy,17.0,0.0,0,22.72,63.78
2026-09-13 22:00:00,R102,Highway,1800,40.7135,-74.012,402,100,Cloudy,17.0,0.0,0,22.33,22.72
2026-09-13 23:00:00,R102,Highway,1800,40.7135,-74.012,337,100,Cloudy,17.0,0.0,0,18.72,22.33
2026-09-14 00:00:00,R102,Highway,1800,40.7135,-74.012,329,100,Clear,22.4,0.0,0,18.28,18.72
2026-09-14 01:00:00,R102,Highway,1800,40.7135,-74.012,354,100,Clear,22.4,0.0,0,19.67,18.28
2026-09-14 02:00:00,R102,Highway,1800,40.7135,-74.012,353,100,Clear,22.4,0.0,0,19.61,19.67
2026-09-14 03:00:00,R102,Highway,1800,40.7135,-74.012,351,100,Clear,22.4,0.0,0,19.5,19.61
2026-09-14 04:00:00,R102,Highway,1800,40.7135,-74.012,367,100,Clear,22.4,0.0,0,20.39,19.5
2026-09-14 05:00:00,R102,Highway,1800,40.7135,-74.012,385,100,Clear,22.4,0.0,0,21.39,20.39
2026-09-14 06:00:00,R102,Highway,1800,40.7135,-74.012,318,100,Clear,22.4,0.0,0,17.67,21.39
2026-09-14 07:00:00,R102,Highway,1800,40.7135,-74.012,1632,40,Clear,22.4,0.0,0,90.67,17.67
2026-09-14 08:00:00,R102,Highway,1800,40.7135,-74.012,1524,44,Clear,22.4,0.0,0,84.67,90.67
2026-09-14 09:00:00,R102,Highway,1800,40.7135,-74.012,1386,49,Clear,22.4,0.0,0,77.0,84.67
2026-09-14 10:00:00,R102,Highway,1800,40.7135,-74.012,1045,65,Clear,22.4,0.0,0,58.06,77.0
2026-09-14 11:00:00,R102,Highway,1800,40.7135,-74.012,1229,56,Clear,22.4,0.0,0,68.28,58.06
2026-09-14 12:00:00,R102,Highway,1800,40.7135,-74.012,1057,64,Clear,22.4,0.0,0,58.72,68.28
2026-09-14 13:00:00,R102,Highway,1800,40.7135,-74.012,1023,66,Clear,22.4,0.0,0,56.83,58.72
2026-09-14 14:00:00,R102,Highway,1800,40.7135,-74.012,930,72,Clear,22.4,0.0,0,51.67,56.83
2026-09-14 15:00:00,R102,Highway,1800,40.7135,-74.012,1031,66,Clear,22.4,0.0,0,57.28,51.67
2026-09-14 16:00:00,R102,Highway,1800,40.7135,-74.012,1789,35,Clear,22.4,0.0,0,99.39,57.28
2026-09-14 17:00:00,R102,Highway,1800,40.7135,-74.012,1797,35,Clear,22.4,0.0,0,99.83,99.39
2026-09-14 18:00:00,R102,Highway,1800,40.7135,-74.012,1908,31,Clear,22.4,0.0,0,106.0,99.83
2026-09-14 19:00:00,R102,Highway,1800,40.7135,-74.012,1466,46,Clear,22.4,0.0,0,81.44,106.0
2026-09-14 20:00:00,R102,Highway,1800,40.7135,-74.012,375,100,Clear,22.4,0.0,0,20.83,81.44
2026-09-14 21:00:00,R102,Highway,1800,40.7135,-74.012,324,100,Clear,22.4,0.0,0,18.0,20.83
2026-09-14 22:00:00,R102,Highway,1800,40.7135,-74.012,387,100,Clear,22.4,0.0,0,21.5,18.0
2026-09-14 23:00:00,R102,Highway,1800,40.7135,-74.012,333,100,Clear,22.4,0.0,0,18.5,21.5
2026-09-15 00:00:00,R102,Highway,1800,40.7135,-74.012,379,100,Clear,23.4,0.0,0,21.06,18.5
2026-09-15 01:00:00,R102,Highway,1800,40.7135,-74.012,376,100,Clear,23.4,0.0,0,20.89,21.06
2026-09-15 02:00:00,R102,Highway,1800,40.7135,-74.012,366,100,Clear,23.4,0.0,0,20.33,20.89
2026-09-15 03:00:00,R102,Highway,1800,40.7135,-74.012,348,100,Clear,23.4,0.0,0,19.33,20.33
2026-09-15 04:00:00,R102,Highway,1800,40.7135,-74.012,371,100,Clear,23.4,0.0,0,20.61,19.33
2026-09-15 05:00:00,R102,Highway,1800,40.7135,-74.012,312,100,Clear,23.4,0.0,0,17.33,20.61
2026-09-15 06:00:00,R102,Highway,1800,40.7135,-74.012,370,100,Clear,23.4,0.0,0,20.56,17.33
2026-09-15 07:00:00,R102,Highway,1800,40.7135,-74.012,1562,42,Clear,23.4,0.0,0,86.78,20.56
2026-09-15 08:00:00,R102,Highway,1800,40.7135,-74.012,1788,35,Clear,23.4,0.0,0,99.33,86.78
2026-09-15 09:00:00,R102,Highway,1800,40.7135,-74.012,1712,37,Clear,23.4,0.0,0,95.11,99.33
2026-09-15 10:00:00,R102,Highway,1800,40.7135,-74.012,1069,64,Clear,23.4,0.0,0,59.39,95.11
2026-09-15 11:00:00,R102,Highway,1800,40.7135,-74.012,1227,56,Clear,23.4,0.0,0,68.17,59.39
2026-09-15 12:00:00,R102,Highway,1800,40.7135,-74.012,1199,57,Clear,23.4,0.0,0,66.61,68.17
2026-09-15 13:00:00,R102,Highway,1800,40.7135,-74.012,1135,60,Clear,23.4,0.0,0,63.06,66.61
2026-09-15 14:00:00,R102,Highway,1800,40.7135,-74.012,1158,59,Clear,23.4,0.0,0,64.33,63.06
2026-09-15 15:00:00,R102,Highway,1800,40.7135,-74.012,1040,65,Clear,23.4,0.0,0,57.78,64.33
2026-09-15 16:00:00,R102,Highway,1800,40.7135,-74.012,1473,45,Clear,23.4,0.0,0,81.83,57.78
2026-09-15 17:00:00,R102,Highway,1800,40.7135,-74.012,1789,35,Clear,23.4,0.0,0,99.39,81.83
2026-09-15 18:00:00,R102,Highway,1800,40.7135,-74.012,1523,44,Clear,23.4,0.0,0,84.61,99.39
2026-09-15 19:00:00,R102,Highway,1800,40.7135,-74.012,1806,34,Clear,23.4,0.0,0,100.33,84.61
2026-09-15 20:00:00,R102,Highway,1800,40.7135,-74.012,342,100,Clear,23.4,0.0,0,19.0,100.33
2026-09-15 21:00:00,R102,Highway,1800,40.7135,-74.012,352,100,Clear,23.4,0.0,0,19.56,19.0
2026-09-15 22:00:00,R102,Highway,1800,40.7135,-74.012,308,100,Clear,23.4,0.0,0,17.11,19.56
2026-09-15 23:00:00,R102,Highway,1800,40.7135,-74.012,377,100,Clear,23.4,0.0,0,20.94,17.11
2026-09-16 00:00:00,R102,Highway,1800,40.7135,-74.012,353,100,Clear,24.2,0.0,0,19.61,20.94
2026-09-16 01:00:00,R102,Highway,1800,40.7135,-74.012,353,100,Clear,24.2,0.0,0,19.61,19.61
2026-09-16 02:00:00,R102,Highway,1800,40.7135,-74.012,375,100,Clear,24.2,0.0,0,20.83,19.61
2026-09-16 03:00:00,R102,Highway,1800,40.7135,-74.012,402,100,Clear,24.2,0.0,0,22.33,20.83
2026-09-16 04:00:00,R102,Highway,1800,40.7135,-74.012,360,100,Clear,24.2,0.0,0,20.0,22.33
2026-09-16 05:00:00,R102,Highway,1800,40.7135,-74.012,368,100,Clear,24.2,0.0,0,20.44,20.0
2026-09-16 06:00:00,R102,Highway,1800,40.7135,-74.012,378,100,Clear,24.2,0.0,0,21.0,20.44
2026-09-16 07:00:00,R102,Highway,1800,40.7135,-74.012,1615,40,Clear,24.2,0.0,0,89.72,21.0
2026-09-16 08:00:00,R102,Highway,1800,40.7135,-74.012,1793,35,Clear,24.2,0.0,0,99.61,89.72
2026-09-16 09:00:00,R102,Highway,1800,40.7135,-74.012,1409,48,Clear,24.2,0.0,0,78.28,99.61
2026-09-16 10:00:00,R102,Highway,1800,40.7135,-74.012,1048,65,Clear,24.2,0.0,0,58.22,78.28
2026-09-16 11:00:00,R102,Highway,1800,40.7135,-74.012,1220,56,Clear,24.2,0.0,0,67.78,58.22
2026-09-16 12:00:00,R102,Highway,1800,40.7135,-74.012,1211,57,Clear,24.2,0.0,0,67.28,67.78
2026-09-16 13:00:00,R102,Highway,1800,40.7135,-74.012,1109,62,Clear,24.2,0.0,0,61.61,67.28
2026-09-16 14:00:00,R102,Highway,1800,40.7135,-74.012,1207,57,Clear,24.2,0.0,0,67.06,61.61
2026-09-16 15:00:00,R102,Highway,1800,40.7135,-74.012,990,68,Clear,24.2,0.0,0,55.0,67.06
2026-09-16 16:00:00,R102,Highway,1800,40.7135,-74.012,1605,41,Clear,24.2,0.0,0,89.17,55.0
2026-09-16 17:00:00,R102,Highway,1800,40.7135,-74.012,1632,40,Clear,24.2,0.0,0,90.67,89.17
2026-09-16 18:00:00,R102,Highway,1800,40.7135,-74.012,1694,38,Clear,24.2,0.0,0,94.11,90.67
2026-09-16 19:00:00,R102,Highway,1800,40.7135,-74.012,1628,40,Clear,24.2,0.0,0,90.44,94.11
2026-09-16 20:00:00,R102,Highway,1800,40.7135,-74.012,372,100,Clear,24.2,0.0,0,20.67,90.44
2026-09-16 21:00:00,R102,Highway,1800,40.7135,-74.012,398,100,Clear,24.2,0.0,0,22.11,20.67
2026-09-16 22:00:00,R102,Highway,1800,40.7135,-74.012,344,100,Clear,24.2,0.0,0,19.11,22.11
2026-09-16 23:00:00,R102,Highway,1800,40.7135,-74.012,389,100,Clear,24.2,0.0,0,21.61,19.11
2026-06-19 00:00:00,R201,Arterial,1000,40.72,-73.99,207,60,Clear,23.7,0.0,0,20.7,
2026-06-19 01:00:00,R201,Arterial,1000,40.72,-73.99,212,60,Clear,23.7,0.0,0,21.2,20.7
2026-06-19 02:00:00,R201,Arterial,1000,40.72,-73.99,222,60,Clear,23.7,0.0,0,22.2,21.2
2026-06-19 03:00:00,R201,Arterial,1000,40.72,-73.99,218,60,Clear,23.7,0.0,0,21.8,22.2
2026-06-19 04:00:00,R201,Arterial,1000,40.72,-73.99,173,60,Clear,23.7,0.0,0,17.3,21.8
2026-06-19 05:00:00,R201,Arterial,1000,40.72,-73.99,224,60,Clear,23.7,0.0,0,22.4,17.3
2026-06-19 06:00:00,R201,Arterial,1000,40.72,-73.99,192,60,Clear,23.7,0.0,0,19.2,22.4
2026-06-19 07:00:00,R201,Arterial,1000,40.72,-73.99,816,27,Clear,23.7,0.0,0,81.6,19.2
2026-06-19 08:00:00,R201,Arterial,1000,40.72,-73.99,1015,20,Clear,23.7,0.0,0,101.5,81.6
2026-06-19 09:00:00,R201,Arterial,1000,40.72,-73.99,851,26,Clear,23.7,0.0,0,85.1,101.5
2026-06-19 10:00:00,R201,Arterial,1000,40.72,-73.99,536,42,Clear,23.7,0.0,0,53.6,85.1
2026-06-19 11:00:00,R201,Arterial,1000,40.72,-73.99,557,40,Clear,23.7,0.0,0,55.7,53.6
2026-06-19 12:00:00,R201,Arterial,1000,40.72,-73.99,533,42,Clear,23.7,0.0,0,53.3,55.7
2026-06-19 13:00:00,R201,Arterial,1000,40.72,-73.99,510,43,Clear,23.7,0.0,0,51.0,53.3
2026-06-19 14:00:00,R201,Arterial,1000,40.72,-73.99,523,42,Clear,23.7,0.0,0,52.3,51.0
2026-06-19 15:00:00,R201,Arterial,1000,40.72,-73.99,635,36,Clear,23.7,0.0,0,63.5,52.3
2026-06-19 16:00:00,R201,Arterial,1000,40.72,-73.99,1042,19,Clear,23.7,0.0,0,104.2,63.5
2026-06-19 17:00:00,R201,Arterial,1000,40.72,-73.99,844,26,Clear,23.7,0.0,0,84.4,104.2
2026-06-19 18:00:00,R201,Arterial,1000,40.72,-73.99,826,27,Clear,23.7,0.0,0,82.6,84.4
2026-06-19 19:00:00,R201,Arterial,1000,40.72,-73.99,897,24,Clear,23.7,0.0,0,89.7,82.6
2026-06-19 20:00:00,R201,Arterial,1000,40.72,-73.99,187,60,Clear,23.7,0.0,0,18.7,89.7
2026-06-19 21:00:00,R201,Arterial,1000,40.72,-73.99,173,60,Clear,23.7,0.0,0,17.3,18.7
2026-06-19 22:00:00,R201,Arterial,1000,40.72,-73.99,220,60,Clear,23.7,0.0,0,22.0,17.3
2026-06-19 23:00:00,R201,Arterial,1000,40.72,-73.99,173,60,Clear,23.7,0.0,0,17.3,22.0
2026-06-20 00:00:00,R201,Arterial,1000,40.72,-73.99,170,60,Clear,30.5,0.0,0,17.0,17.3
2026-06-20 01:00:00,R201,Arterial,1000,40.72,-73.99,224,60,Clear,30.5,0.0,0,22.4,17.0
2026-06-20 02:00:00,R201,Arterial,1000,40.72,-73.99,214,60,Clear,30.5,0.0,0,21.4,22.4
2026-06-20 03:00:00,R201,Arterial,1000,40.72,-73.99,173,60,Clear,30.5,0.0,0,17.3,21.4
2026-06-20 04:00:00,R201,Arterial,1000,40.72,-73.99,223,60,Clear,30.5,0.0,0,22.3,17.3
2026-06-20 05:00:00,R201,Arterial,1000,40.72,-73.99,182,60,Clear,30.5,0.0,0,18.2,22.3
2026-06-20 06:00:00,R201,Arterial,1000,40.72,-73.99,185,60,Clear,30.5,0.0,0,18.5,18.2
2026-06-20 07:00:00,R201,Arterial,1000,40.72,-73.99,173,60,Clear,30.5,0.0,0,17.3,18.5
2026-06-20 08:00:00,R201,Arterial,1000,40.72,-73.99,183,60,Clear,30.5,0.0,0,18.3,17.3
2026-06-20 09:00:00,R201,Arterial,1000,40.72,-73.99,197,60,Clear,30.5,0.0,0,19.7,18.3
2026-06-20 10:00:00,R201,Arterial,1000,40.72,-73.99,216,60,Clear,30.5,0.0,0,21.6,19.7
2026-06-20 11:00:00,R201,Arterial,1000,40.72,-73.99,631,36,Clear,30.5,0.0,0,63.1,21.6
2026-06-20 12:00:00,R201,Arterial,1000,40.72,-73.99,635,36,Clear,30.5,0.0,0,63.5,63.1
2026-06-20 13:00:00,R201,Arterial,1000,40.72,-73.99,626,36,Clear,30.5,0.0,0,62.6,63.5
2026-06-20 14:00:00,R201,Arterial,1000,40.72,-73.99,767,29,Clear,30.5,0.0,0,76.7,62.6
2026-06-20 15:00:00,R201,Arterial,1000,40.72,-73.99,753,30,Clear,30.5,0.0,0,75.3,76.7
2026-06-20 16:00:00,R201,Arterial,1000,40.72,-73.99,626,36,Clear,30.5,0.0,0,62.6,75.3
2026-06-20 17:00:00,R201,Arterial,1000,40.72,-73.99,595,38,Clear,30.5,0.0,0,59.5,62.6
2026-06-20 18:00:00,R201,Arterial,1000,40.72,-73.99,642,35,Clear,30.5,0.0,0,64.2,59.5
2026-06-20 19:00:00,R201,Arterial,1000,40.72,-73.99,661,34,Clear,30.5,0.0,0,66.1,64.2
2026-06-20 20:00:00,R201,Arterial,1000,40.72,-73.99,547,41,Clear,30.5,0.0,0,54.7,66.1
2026-06-20 21:00:00,R201,Arterial,1000,40.72,-73.99,188,60,Clear,30.5,0.0,0,18.8,54.7
2026-06-20 22:00:00,R201,Arterial,1000,40.72,-73.99,193,60,Clear,30.5,0.0,0,19.3,18.8
2026-06-20 23:00:00,R201,Arterial,1000,40.72,-73.99,226,60,Clear,30.5,0.0,0,22.6,19.3
2026-06-21 00:00:00,R201,Arterial,1000,40.72,-73.99,222,60,Cloudy,21.5,0.0,0,22.2,22.6
2026-06-21 01:00:00,R201,Arterial,1000,40.72,-73.99,182,60,Cloudy,21.5,0.0,0,18.2,22.2
2026-06-21 02:00:00,R201,Arterial,1000,40.72,-73.99,172,60,Cloudy,21.5,0.0,0,17.2,18.2
2026-06-21 03:00:00,R201,Arterial,1000,40.72,-73.99,173,60,Cloudy,21.5,0.0,0,17.3,17.2
2026-06-21 04:00:00,R201,Arterial,1000,40.72,-73.99,199,60,Cloudy,21.5,0.0,0,19.9,17.3
2026-06-21 05:00:00,R201,Arterial,1000,40.72,-73.99,211,60,Cloudy,21.5,0.0,0,21.1,19.9
2026-06-21 06:00:00,R201,Arterial,1000,40.72,-73.99,212,60,Cloudy,21.5,0.0,0,21.2,21.1
2026-06-21 07:00:00,R201,Arterial,1000,40.72,-73.99,198,60,Cloudy,21.5,0.0,0,19.8,21.2
2026-06-21 08:00:00,R201,Arterial,1000,40.72,-73.99,171,60,Cloudy,21.5,0.0,0,17.1,19.8
2026-06-21 09:00:00,R201,Arterial,1000,40.72,-73.99,190,60,Cloudy,21.5,0.0,0,19.0,17.1
2026-06-21 10:00:00,R201,Arterial,1000,40.72,-73.99,217,60,Cloudy,21.5,0.0,0,21.7,19.0
2026-06-21 11:00:00,R201,Arterial,1000,40.72,-73.99,685,33,Cloudy,21.5,0.0,0,68.5,21.7
2026-06-21 12:00:00,R201,Arterial,1000,40.72,-73.99,729,31,Cloudy,21.5,0.0,0,72.9,68.5
2026-06-21 13:00:00,R201,Arterial,1000,40.72,-73.99,767,29,Cloudy,21.5,0.0,0,76.7,72.9
2026-06-21 14:00:00,R201,Arterial,1000,40.72,-73.99,780,29,Cloudy,21.5,0.0,0,78.0,76.7
2026-06-21 15:00:00,R201,Arterial,1000,40.72,-73.99,659,35,Cloudy,21.5,0.0,0,65.9,78.0
2026-06-21 16:00:00,R201,Arterial,1000,40.72,-73.99,632,36,Cloudy,21.5,0.0,0,63.2,65.9
2026-06-21 17:00:00,R201,Arterial,1000,40.72,-73.99,671,34,Cloudy,21.5,0.0,0,67.1,63.2
2026-06-21 18:00:00,R201,Arterial,1000,40.72,-73.99,548,41,Cloudy,21.5,0.0,0,54.8,67.1
2026-06-21 19:00:00,R201,Arterial,1000,40.72,-73.99,615,37,Cloudy,21.5,0.0,0,61.5,54.8
2026-06-21 20:00:00,R201,Arterial,1000,40.72,-73.99,608,37,Cloudy,21.5,0.0,0,60.8,61.5
2026-06-21 21:00:00,R201,Arterial,1000,40.72,-73.99,214,60,Cloudy,21.5,0.0,0,21.4,60.8
2026-06-21 22:00:00,R201,Arterial,1000,40.72,-73.99,175,60,Cloudy,21.5,0.0,0,17.5,21.4
2026-06-21 23:00:00,R201,Arterial,1000,40.72,-73.99,210,60,Cloudy,21.5,0.0,0,21.0,17.5
2026-06-22 00:00:00,R201,Arterial,1000,40.72,-73.99,177,60,Clear,33.2,0.0,0,17.7,21.0
2026-06-22 01:00:00,R201,Arterial,1000,40.72,-73.99,170,60,Clear,33.2,0.0,0,17.0,17.7
2026-06-22 02:00:00,R201,Arterial,1000,40.72,-73.99,181,60,Clear,33.2,0.0,0,18.1,17.0
2026-06-22 03:00:00,R201,Arterial,1000,40.72,-73.99,205,60,Clear,33.2,0.0,0,20.5,18.1
2026-06-22 04:00:00,R201,Arterial,1000,40.72,-73.99,185,60,Clear,33.2,0.0,0,18.5,20.5
2026-06-22 05:00:00,R201,Arterial,1000,40.72,-73.99,216,60,Clear,33.2,0.0,0,21.6,18.5
2026-06-22 06:00:00,R201,Arterial,1000,40.72,-73.99,226,60,Clear,33.2,0.0,0,22.6,21.6
2026-06-22 07:00:00,R201,Arterial,1000,40.72,-73.99,957,22,Clear,33.2,0.0,0,95.7,22.6
2026-06-22 08:00:00,R201,Arterial,1000,40.72,-73.99,957,22,Clear,33.2,0.0,0,95.7,95.7
2026-06-22 09:00:00,R201,Arterial,1000,40.72,-73.99,956,22,Clear,33.2,0.0,0,95.6,95.7
2026-06-22 10:00:00,R201,Arterial,1000,40.72,-73.99,520,43,Clear,33.2,0.0,0,52.0,95.6
2026-06-22 11:00:00,R201,Arterial,1000,40.72,-73.99,654,35,Clear,33.2,0.0,0,65.4,52.0
2026-06-22 12:00:00,R201,Arterial,1000,40.72,-73.99,559,40,Clear,33.2,0.0,0,55.9,65.4
2026-06-22 13:00:00,R201,Arterial,1000,40.72,-73.99,633,36,Clear,33.2,0.0,0,63.3,55.9
2026-06-22 14:00:00,R201,Arterial,1000,40.72,-73.99,514,43,Clear,33.2,0.0,0,51.4,63.3
2026-06-22 15:00:00,R201,Arterial,1000,40.72,-73.99,606,37,Clear,33.2,0.0,0,60.6,51.4
2026-06-22 16:00:00,R201,Arterial,1000,40.72,-73.99,1152,5,Clear,33.2,0.0,1,115.2,60.6
2026-06-22 17:00:00,R201,Arterial,1000,40.72,-73.99,879,25,Clear,33.2,0.0,0,87.9,115.2
2026-06-22 18:00:00,R201,Arterial,1000,40.72,-73.99,871,25,Clear,33.2,0.0,0,87.1,87.9
2026-06-22 19:00:00,R201,Arterial,1000,40.72,-73.99,931,23,Clear,33.2,0.0,0,93.1,87.1
2026-06-22 20:00:00,R201,Arterial,1000,40.72,-73.99,218,60,Clear,33.2,0.0,0,21.8,93.1
2026-06-22 21:00:00,R201,Arterial,1000,40.72,-73.99,187,60,Clear,33.2,0.0,0,18.7,21.8
2026-06-22 22:00:00,R201,Arterial,1000,40.72,-73.99,191,60,Clear,33.2,0.0,0,19.1,18.7
2026-06-22 23:00:00,R201,Arterial,1000,40.72,-73.99,213,60,Clear,33.2,0.0,0,21.3,19.1
2026-06-23 00:00:00,R201,Arterial,1000,40.72,-73.99,222,60,Clear,22.2,0.0,0,22.2,21.3
2026-06-23 01:00:00,R201,Arterial,1000,40.72,-73.99,206,60,Clear,22.2,0.0,0,20.6,22.2
2026-06-23 02:00:00,R201,Arterial,1000,40.72,-73.99,222,60,Clear,22.2,0.0,0,22.2,20.6
2026-06-23 03:00:00,R201,Arterial,1000,40.72,-73.99,189,60,Clear,22.2,0.0,0,18.9,22.2
2026-06-23 04:00:00,R201,Arterial,1000,40.72,-73.99,224,60,Clear,22.2,0.0,0,22.4,18.9
2026-06-23 05:00:00,R201,Arterial,1000,40.72,-73.99,220,60,Clear,22.2,0.0,0,22.0,22.4
2026-06-23 06:00:00,R201,Arterial,1000,40.72,-73.99,183,60,Clear,22.2,0.0,0,18.3,22.0
2026-06-23 07:00:00,R201,Arterial,1000,40.72,-73.99,864,25,Clear,22.2,0.0,0,86.4,18.3
2026-06-23 08:00:00,R201,Arterial,1000,40.72,-73.99,986,21,Clear,22.2,0.0,0,98.6,86.4
2026-06-23 09:00:00,R201,Arterial,1000,40.72,-73.99,986,21,Clear,22.2,0.0,0,98.6,98.6
2026-06-23 10:00:00,R201,Arterial,1000,40.72,-73.99,674,34,Clear,22.2,0.0,0,67.4,98.6
2026-06-23 11:00:00,R201,Arterial,1000,40.72,-73.99,568,40,Clear,22.2,0.0,0,56.8,67.4
2026-06-23 12:00:00,R201,Arterial,1000,40.72,-73.99,656,35,Clear,22.2,0.0,0,65.6,56.8
2026-06-23 13:00:00,R201,Arterial,1000,40.72,-73.99,536,42,Clear,22.2,0.0,0,53.6,65.6
2026-06-23 14:00:00,R201,Arterial,1000,40.72,-73.99,670,34,Clear,22.2,0.0,0,67.0,53.6
2026-06-23 15:00:00,R201,Arterial,1000,40.72,-73.99,642,35,Clear,22.2,0.0,0,64.2,67.0
2026-06-23 16:00:00,R201,Arterial,1000,40.72,-73.99,843,26,Clear,22.2,0.0,0,84.3,64.2
2026-06-23 17:00:00,R201,Arterial,1000,40.72,-73.99,964,22,Clear,22.2,0.0,0,96.4,84.3
2026-06-23 18:00:00,R201,Arterial,1000,40.72,-73.99,1147,5,Clear,22.2,0.0,1,114.7,96.4
2026-06-23 19:00:00,R201,Arterial,1000,40.72,-73.99,1065,19,Clear,22.2,0.0,0,106.5,114.7
2026-06-23 20:00:00,R201,Arterial,1000,40.72,-73.99,211,60,Clear,22.2,0.0,0,21.1,106.5
2026-06-23 21:00:00,R201,Arterial,1000,40.72,-73.99,207,60,Clear,22.2,0.0,0,20.7,21.1
2026-06-23 22:00:00,R201,Arterial,1000,40.72,-73.99,217,60,Clear,22.2,0.0,0,21.7,20.7
2026-06-23 23:00:00,R201,Arterial,1000,40.72,-73.99,204,60,Clear,22.2,0.0,0,20.4,21.7
2026-06-24 00:00:00,R201,Arterial,1000,40.72,-73.99,180,60,Cloudy,22.0,0.0,0,18.0,20.4
2026-06-24 01:00:00,R201,Arterial,1000,40.72,-73.99,215,60,Cloudy,22.0,0.0,0,21.5,18.0
2026-06-24 02:00:00,R201,Arterial,1000,40.72,-73.99,198,60,Cloudy,22.0,0.0,0,19.8,21.5
2026-06-24 03:00:00,R201,Arterial,1000,40.72,-73.99,223,60,Cloudy,22.0,0.0,0,22.3,19.8
2026-06-24 04:00:00,R201,Arterial,1000,40.72,-73.99,201,60,Cloudy,22.0,0.0,0,20.1,22.3
2026-06-24 05:00:00,R201,Arterial,1000,40.72,-73.99,187,60,Cloudy,22.0,0.0,0,18.7,20.1
2026-06-24 06:00:00,R201,Arterial,1000,40.72,-73.99,170,60,Cloudy,22.0,0.0,0,17.0,18.7
2026-06-24 07:00:00,R201,Arterial,1000,40.72,-73.99,906,24,Cloudy,22.0,0.0,0,90.6,17.0
2026-06-24 08:00:00,R201,Arterial,1000,40.72,-73.99,798,28,Cloudy,22.0,0.0,0,79.8,90.6
2026-06-24 09:00:00,R201,Arterial,1000,40.72,-73.99,809,27,Cloudy,22.0,0.0,0,80.9,79.8
2026-06-24 10:00:00,R201,Arterial,1000,40.72,-73.99,583,39,Cloudy,22.0,0.0,0,58.3,80.9
2026-06-24 11:00:00,R201,Arterial,1000,40.72,-73.99,589,38,Cloudy,22.0,0.0,0,58.9,58.3
2026-06-24 12:00:00,R201,Arterial,1000,40.72,-73.99,617,37,Cloudy,22.0,0.0,0,61.7,58.9
2026-06-24 13:00:00,R201,Arterial,1000,40.72,-73.99,589,38,Cloudy,22.0,0.0,0,58.9,61.7
2026-06-24 14:00:00,R201,Arterial,1000,40.72,-73.99,512,43,Cloudy,22.0,0.0,0,51.2,58.9
2026-06-24 15:00:00,R201,Arterial,1000,40.72,-73.99,535,42,Cloudy,22.0,0.0,0,53.5,51.2
2026-06-24 16:00:00,R201,Arterial,1000,40.72,-73.99,1047,19,Cloudy,22.0,0.0,0,104.7,53.5
2026-06-24 17:00:00,R201,Arterial,1000,40.72,-73.99,821,27,Cloudy,22.0,0.0,0,82.1,104.7
2026-06-24 18:00:00,R201,Arterial,1000,40.72,-73.99,819,27,Cloudy,22.0,0.0,0,81.9,82.1
2026-06-24 19:00:00,R201,Arterial,1000,40.72,-73.99,862,25,Cloudy,22.0,0.0,0,86.2,81.9
2026-06-24 20:00:00,R201,Arterial,1000,40.72,-73.99,195,60,Cloudy,22.0,0.0,0,19.5,86.2
2026-06-24 21:00:00,R201,Arterial,1000,40.72,-73.99,193,60,Cloudy,22.0,0.0,0,19.3,19.5
2026-06-24 22:00:00,R201,Arterial,1000,40.72,-73.99,215,60,Cloudy,22.0,0.0,0,21.5,19.3
2026-06-24 23:00:00,R201,Arterial,1000,40.72,-73.99,225,60,Cloudy,22.0,0.0,0,22.5,21.5
2026-06-25 00:00:00,R201,Arterial,1000,40.72,-73.99,204,60,Clear,32.0,0.0,0,20.4,22.5
2026-06-25 01:00:00,R201,Arterial,1000,40.72,-73.99,229,60,Clear,32.0,0.0,0,22.9,20.4
2026-06-25 02:00:00,R201,Arterial,1000,40.72,-73.99,195,60,Clear,32.0,0.0,0,19.5,22.9
2026-06-25 03:00:00,R201,Arterial,1000,40.72,-73.99,220,18,Clear,32.0,0.0,1,22.0,19.5
2026-06-25 04:00:00,R201,Arterial,1000,40.72,-73.99,190,60,Clear,32.0,0.0,0,19.0,22.0
2026-06-25 05:00:00,R201,Arterial,1000,40.72,-73.99,216,60,Clear,32.0,0.0,0,21.6,19.0
2026-06-25 06:00:00,R201,Arterial,1000,40.72,-73.99,220,60,Clear,32.0,0.0,0,22.0,21.6
2026-06-25 07:00:00,R201,Arterial,1000,40.72,-73.99,1028,20,Clear,32.0,0.0,0,102.8,22.0
2026-06-25 08:00:00,R201,Arterial,1000,40.72,-73.99,1019,20,Clear,32.0,0.0,0,101.9,102.8
2026-06-25 09:00:00,R201,Arterial,1000,40.72,-73.99,874,25,Clear,32.0,0.0,0,87.4,101.9
2026-06-25 10:00:00,R201,Arterial,1000,40.72,-73.99,686,33,Clear,32.0,0.0,0,68.6,87.4
2026-06-25 11:00:00,R201,Arterial,1000,40.72,-73.99,673,34,Clear,32.0,0.0,0,67.3,68.6
2026-06-25 12:00:00,R201,Arterial,1000,40.72,-73.99,560,40,Clear,32.0,0.0,0,56.0,67.3
2026-06-25 13:00:00,R201,Arterial,1000,40.72,-73.99,563,40,Clear,32.0,0.0,0,56.3,56.0
2026-06-25 14:00:00,R201,Arterial,1000,40.72,-73.99,602,38,Clear,32.0,0.0,0,60.2,56.3
2026-06-25 15:00:00,R201,Arterial,1000,40.72,-73.99,570,40,Clear,32.0,0.0,0,57.0,60.2
2026-06-25 16:00:00,R201,Arterial,1000,40.72,-73.99,926,23,Clear,32.0,0.0,0,92.6,57.0
2026-06-25 17:00:00,R201,Arterial,1000,40.72,-73.99,818,27,Clear,32.0,0.0,0,81.8,92.6
2026-06-25 18:00:00,R201,Arterial,1000,40.72,-73.99,906,24,Clear,32.0,0.0,0,90.6,81.8
2026-06-25 19:00:00,R201,Arterial,1000,40.72,-73.99,1055,19,Clear,32.0,0.0,0,105.5,90.6
2026-06-25 20:00:00,R201,Arterial,1000,40.72,-73.99,183,60,Clear,32.0,0.0,0,18.3,105.5
2026-06-25 21:00:00,R201,Arterial,1000,40.72,-73.99,213,60,Clear,32.0,0.0,0,21.3,18.3
2026-06-25 22:00:00,R201,Arterial,1000,40.72,-73.99,184,60,Clear,32.0,0.0,0,18.4,21.3
2026-06-25 23:00:00,R201,Arterial,1000,40.72,-73.99,207,60,Clear,32.0,0.0,0,20.7,18.4
2026-06-26 00:00:00,R201,Arterial,1000,40.72,-73.99,215,60,Cloudy,20.0,0.0,0,21.5,20.7
2026-06-26 01:00:00,R201,Arterial,1000,40.72,-73.99,220,60,Cloudy,20.0,0.0,0,22.0,21.5
2026-06-26 02:00:00,R201,Arterial,1000,40.72,-73.99,172,60,Cloudy,20.0,0.0,0,17.2,22.0
2026-06-26 03:00:00,R201,Arterial,1000,40.72,-73.99,197,60,Cloudy,20.0,0.0,0,19.7,17.2
2026-06-26 04:00:00,R201,Arterial,1000,40.72,-73.99,184,60,Cloudy,20.0,0.0,0,18.4,19.7
2026-06-26 05:00:00,R201,Arterial,1000,40.72,-73.99,212,60,Cloudy,20.0,0.0,0,21.2,18.4
2026-06-26 06:00:00,R201,Arterial,1000,40.72,-73.99,196,60,Cloudy,20.0,0.0,0,19.6,21.2
2026-06-26 07:00:00,R201,Arterial,1000,40.72,-73.99,915,23,Cloudy,20.0,0.0,0,91.5,19.6
2026-06-26 08:00:00,R201,Arterial,1000,40.72,-73.99,862,25,Cloudy,20.0,0.0,0,86.2,91.5
2026-06-26 09:00:00,R201,Arterial,1000,40.72,-73.99,818,27,Cloudy,20.0,0.0,0,81.8,86.2
2026-06-26 10:00:00,R201,Arterial,1000,40.72,-73.99,556,40,Cloudy,20.0,0.0,0,55.6,81.8
2026-06-26 11:00:00,R201,Arterial,1000,40.72,-73.99,678,34,Cloudy,20.0,0.0,0,67.8,55.6
2026-06-26 12:00:00,R201,Arterial,1000,40.72,-73.99,577,39,Cloudy,20.0,0.0,0,57.7,67.8
2026-06-26 13:00:00,R201,Arterial,1000,40.72,-73.99,603,38,Cloudy,20.0,0.0,0,60.3,57.7
2026-06-26 14:00:00,R201,Arterial,1000,40.72,-73.99,566,40,Cloudy,20.0,0.0,0,56.6,60.3
2026-06-26 15:00:00,R201,Arterial,1000,40.72,-73.99,570,40,Cloudy,20.0,0.0,0,57.0,56.6
2026-06-26 16:00:00,R201,Arterial,1000,40.72,-73.99,986,21,Cloudy,20.0,0.0,0,98.6,57.0
2026-06-26 17:00:00,R201,Arterial,1000,40.72,-73.99,970,21,Cloudy,20.0,0.0,0,97.0,98.6
2026-06-26 18:00:00,R201,Arterial,1000,40.72,-73.99,929,23,Cloudy,20.0,0.0,0,92.9,97.0
2026-06-26 19:00:00,R201,Arterial,1000,40.72,-73.99,828,27,Cloudy,20.0,0.0,0,82.8,92.9
2026-06-26 20:00:00,R201,Arterial,1000,40.72,-73.99,211,60,Cloudy,20.0,0.0,0,21.1,82.8
2026-06-26 21:00:00,R201,Arterial,1000,40.72,-73.99,229,60,Cloudy,20.0,0.0,0,22.9,21.1
2026-06-26 22:00:00,R201,Arterial,1000,40.72,-73.99,183,60,Cloudy,20.0,0.0,0,18.3,22.9
2026-06-26 23:00:00,R201,Arterial,1000,40.72,-73.99,186,60,Cloudy,20.0,0.0,0,18.6,18.3
2026-06-27 00:00:00,R201,Arterial,1000,40.72,-73.99,169,48,Heavy Rain,11.5,6.9,0,16.9,18.6
2026-06-27 01:00:00,R201,Arterial,1000,40.72,-73.99,193,48,Heavy Rain,11.5,6.9,0,19.3,16.9
2026-06-27 02:00:00,R201,Arterial,1000,40.72,-73.99,237,14,Heavy Rain,11.5,6.9,1,23.7,19.3
2026-06-27 03:00:00,R201,Arterial,1000,40.72,-73.99,180,48,Heavy Rain,11.5,6.9,0,18.0,23.7
2026-06-27 04:00:00,R201,Arterial,1000,40.72,-73.99,171,48,Heavy Rain,11.5,6.9,0,17.1,18.0
2026-06-27 05:00:00,R201,Arterial,1000,40.72,-73.99,171,48,Heavy Rain,11.5,6.9,0,17.1,17.1
2026-06-27 06:00:00,R201,Arterial,1000,40.72,-73.99,181,48,Heavy Rain,11.5,6.9,0,18.1,17.1
2026-06-27 07:00:00,R201,Arterial,1000,40.72,-73.99,162,48,Heavy Rain,11.5,6.9,0,16.2,18.1
2026-06-27 08:00:00,R201,Arterial,1000,40.72,-73.99,156,48,Heavy Rain,11.5,6.9,0,15.6,16.2
2026-06-27 09:00:00,R201,Arterial,1000,40.72,-73.99,196,48,Heavy Rain,11.5,6.9,0,19.6,15.6
2026-06-27 10:00:00,R201,Arterial,1000,40.72,-73.99,179,48,Heavy Rain,11.5,6.9,0,17.9,19.6
2026-06-27 11:00:00,R201,Arterial,1000,40.72,-73.99,691,26,Heavy Rain,11.5,6.9,0,69.1,17.9
2026-06-27 12:00:00,R201,Arterial,1000,40.72,-73.99,567,32,Heavy Rain,11.5,6.9,0,56.7,69.1
2026-06-27 13:00:00,R201,Arterial,1000,40.72,-73.99,617,29,Heavy Rain,11.5,6.9,0,61.7,56.7
2026-06-27 14:00:00,R201,Arterial,1000,40.72,-73.99,564,32,Heavy Rain,11.5,6.9,0,56.4,61.7
2026-06-27 15:00:00,R201,Arterial,1000,40.72,-73.99,619,29,Heavy Rain,11.5,6.9,0,61.9,56.4
2026-06-27 16:00:00,R201,Arterial,1000,40.72,-73.99,460,37,Heavy Rain,11.5,6.9,0,46.0,61.9
2026-06-27 17:00:00,R201,Arterial,1000,40.72,-73.99,496,35,Heavy Rain,11.5,6.9,0,49.6,46.0
2026-06-27 18:00:00,R201,Arterial,1000,40.72,-73.99,521,34,Heavy Rain,11.5,6.9,0,52.1,49.6
2026-06-27 19:00:00,R201,Arterial,1000,40.72,-73.99,541,33,Heavy Rain,11.5,6.9,0,54.1,52.1
2026-06-27 20:00:00,R201,Arterial,1000,40.72,-73.99,604,30,Heavy Rain,11.5,6.9,0,60.4,54.1
2026-06-27 21:00:00,R201,Arterial,1000,40.72,-73.99,190,48,Heavy Rain,11.5,6.9,0,19.0,60.4
2026-06-27 22:00:00,R201,Arterial,1000,40.72,-73.99,189,48,Heavy Rain,11.5,6.9,0,18.9,19.0
2026-06-27 23:00:00,R201,Arterial,1000,40.72,-73.99,178,48,Heavy Rain,11.5,6.9,0,17.8,18.9
2026-06-28 00:00:00,R201,Arterial,1000,40.72,-73.99,190,60,Cloudy,21.6,0.0,0,19.0,17.8
2026-06-28 01:00:00,R201,Arterial,1000,40.72,-73.99,193,60,Cloudy,21.6,0.0,0,19.3,19.0
2026-06-28 02:00:00,R201,Arterial,1000,40.72,-73.99,178,60,Cloudy,21.6,0.0,0,17.8,19.3
2026-06-28 03:00:00,R201,Arterial,1000,40.72,-73.99,206,60,Cloudy,21.6,0.0,0,20.6,17.8
2026-06-28 04:00:00,R201,Arterial,1000,40.72,-73.99,173,60,Cloudy,21.6,0.0,0,17.3,20.6
2026-06-28 05:00:00,R201,Arterial,1000,40.72,-73.99,226,60,Cloudy,21.6,0.0,0,22.6,17.3
2026-06-28 06:00:00,R201,Arterial,1000,40.72,-73.99,215,60,Cloudy,21.6,0.0,0,21.5,22.6
2026-06-28 07:00:00,R201,Arterial,1000,40.72,-73.99,213,60,Cloudy,21.6,0.0,0,21.3,21.5
2026-06-28 08:00:00,R201,Arterial,1000,40.72,-73.99,201,60,Cloudy,21.6,0.0,0,20.1,21.3
2026-06-28 09:00:00,R201,Arterial,1000,40.72,-73.99,210,60,Cloudy,21.6,0.0,0,21.0,20.1
2026-06-28 10:00:00,R201,Arterial,1000,40.72,-73.99,218,60,Cloudy,21.6,0.0,0,21.8,21.0
2026-06-28 11:00:00,R201,Arterial,1000,40.72,-73.99,762,30,Cloudy,21.6,0.0,0,76.2,21.8
2026-06-28 12:00:00,R201,Arterial,1000,40.72,-73.99,740,31,Cloudy,21.6,0.0,0,74.0,76.2
2026-06-28 13:00:00,R201,Arterial,1000,40.72,-73.99,607,37,Cloudy,21.6,0.0,0,60.7,74.0
2026-06-28 14:00:00,R201,Arterial,1000,40.72,-73.99,668,34,Cloudy,21.6,0.0,0,66.8,60.7
2026-06-28 15:00:00,R201,Arterial,1000,40.72,-73.99,798,28,Cloudy,21.6,0.0,0,79.8,66.8
2026-06-28 16:00:00,R201,Arterial,1000,40.72,-73.99,569,40,Cloudy,21.6,0.0,0,56.9,79.8
2026-06-28 17:00:00,R201,Arterial,1000,40.72,-73.99,559,40,Cloudy,21.6,0.0,0,55.9,56.9
2026-06-28 18:00:00,R201,Arterial,1000,40.72,-73.99,516,43,Cloudy,21.6,0.0,0,51.6,55.9
2026-06-28 19:00:00,R201,Arterial,1000,40.72,-73.99,658,35,Cloudy,21.6,0.0,0,65.8,51.6
2026-06-28 20:00:00,R201,Arterial,1000,40.72,-73.99,553,41,Cloudy,21.6,0.0,0,55.3,65.8
2026-06-28 21:00:00,R201,Arterial,1000,40.72,-73.99,209,60,Cloudy,21.6,0.0,0,20.9,55.3
2026-06-28 22:00:00,R201,Arterial,1000,40.72,-73.99,178,60,Cloudy,21.6,0.0,0,17.8,20.9
2026-06-28 23:00:00,R201,Arterial,1000,40.72,-73.99,211,60,Cloudy,21.6,0.0,0,21.1,17.8
2026-06-29 00:00:00,R201,Arterial,1000,40.72,-73.99,189,60,Clear,27.3,0.0,0,18.9,21.1
2026-06-29 01:00:00,R201,Arterial,1000,40.72,-73.99,206,60,Clear,27.3,0.0,0,20.6,18.9
2026-06-29 02:00:00,R201,Arterial,1000,40.72,-73.99,203,60,Clear,27.3,0.0,0,20.3,20.6
2026-06-29 03:00:00,R201,Arterial,1000,40.72,-73.99,218,60,Clear,27.3,0.0,0,21.8,20.3
2026-06-29 04:00:00,R201,Arterial,1000,40.72,-73.99,203,60,Clear,27.3,0.0,0,20.3,21.8
2026-06-29 05:00:00,R201,Arterial,1000,40.72,-73.99,211,60,Clear,27.3,0.0,0,21.1,20.3
2026-06-29 06:00:00,R201,Arterial,1000,40.72,-73.99,171,60,Clear,27.3,0.0,0,17.1,21.1
2026-06-29 07:00:00,R201,Arterial,1000,40.72,-73.99,832,27,Clear,27.3,0.0,0,83.2,17.1
2026-06-29 08:00:00,R201,Arterial,1000,40.72,-73.99,781,29,Clear,27.3,0.0,0,78.1,83.2
2026-06-29 09:00:00,R201,Arterial,1000,40.72,-73.99,932,23,Clear,27.3,0.0,0,93.2,78.1
2026-06-29 10:00:00,R201,Arterial,1000,40.72,-73.99,664,34,Clear,27.3,0.0,0,66.4,93.2
2026-06-29 11:00:00,R201,Arterial,1000,40.72,-73.99,631,36,Clear,27.3,0.0,0,63.1,66.4
2026-06-29 12:00:00,R201,Arterial,1000,40.72,-73.99,558,40,Clear,27.3,0.0,0,55.8,63.1
2026-06-29 13:00:00,R201,Arterial,1000,40.72,-73.99,672,34,Clear,27.3,0.0,0,67.2,55.8
2026-06-29 14:00:00,R201,Arterial,1000,40.72,-73.99,576,39,Clear,27.3,0.0,0,57.6,67.2
2026-06-29 15:00:00,R201,Arterial,1000,40.72,-73.99,549,41,Clear,27.3,0.0,0,54.9,57.6
2026-06-29 16:00:00,R201,Arterial,1000,40.72,-73.99,1065,19,Clear,27.3,0.0,0,106.5,54.9
2026-06-29 17:00:00,R201,Arterial,1000,40.72,-73.99,908,24,Clear,27.3,0.0,0,90.8,106.5
2026-06-29 18:00:00,R201,Arterial,1000,40.72,-73.99,1027,20,Clear,27.3,0.0,0,102.7,90.8
2026-06-29 19:00:00,R201,Arterial,1000,40.72,-73.99,891,24,Clear,27.3,0.0,0,89.1,102.7
2026-06-29 20:00:00,R201,Arterial,1000,40.72,-73.99,222,60,Clear,27.3,0.0,0,22.2,89.1
2026-06-29 21:00:00,R201,Arterial,1000,40.72,-73.99,190,60,Clear,27.3,0.0,0,19.0,22.2
2026-06-29 22:00:00,R201,Arterial,1000,40.72,-73.99,191,60,Clear,27.3,0.0,0,19.1,19.0
2026-06-29 23:00:00,R201,Arterial,1000,40.72,-73.99,174,60,Clear,27.3,0.0,0,17.4,19.1
2026-06-30 00:00:00,R201,Arterial,1000,40.72,-73.99,198,60,Clear,25.9,0.0,0,19.8,17.4
2026-06-30 01:00:00,R201,Arterial,1000,40.72,-73.99,183,60,Clear,25.9,0.0,0,18.3,19.8
2026-06-30 02:00:00,R201,Arterial,1000,40.72,-73.99,202,60,Clear,25.9,0.0,0,20.2,18.3
2026-06-30 03:00:00,R201,Arterial,1000,40.72,-73.99,208,60,Clear,25.9,0.0,0,20.8,20.2
2026-06-30 04:00:00,R201,Arterial,1000,40.72,-73.99,225,60,Clear,25.9,0.0,0,22.5,20.8
2026-06-30 05:00:00,R201,Arterial,1000,40.72,-73.99,202,60,Clear,25.9,0.0,0,20.2,22.5
2026-06-30 06:00:00,R201,Arterial,1000,40.72,-73.99,204,60,Clear,25.9,0.0,0,20.4,20.2
2026-06-30 07:00:00,R201,Arterial,1000,40.72,-73.99,963,22,Clear,25.9,0.0,0,96.3,20.4
2026-06-30 08:00:00,R201,Arterial,1000,40.72,-73.99,830,27,Clear,25.9,0.0,0,83.0,96.3
2026-06-30 09:00:00,R201,Arterial,1000,40.72,-73.99,853,26,Clear,25.9,0.0,0,85.3,83.0
2026-06-30 10:00:00,R201,Arterial,1000,40.72,-73.99,602,38,Clear,25.9,0.0,0,60.2,85.3
2026-06-30 11:00:00,R201,Arterial,1000,40.72,-73.99,696,9,Clear,25.9,0.0,1,69.6,60.2
2026-06-30 12:00:00,R201,Arterial,1000,40.72,-73.99,542,41,Clear,25.9,0.0,0,54.2,69.6
2026-06-30 13:00:00,R201,Arterial,1000,40.72,-73.99,656,35,Clear,25.9,0.0,0,65.6,54.2
2026-06-30 14:00:00,R201,Arterial,1000,40.72,-73.99,538,41,Clear,25.9,0.0,0,53.8,65.6
2026-06-30 15:00:00,R201,Arterial,1000,40.72,-73.99,532,42,Clear,25.9,0.0,0,53.2,53.8
2026-06-30 16:00:00,R201,Arterial,1000,40.72,-73.99,1032,20,Clear,25.9,0.0,0,103.2,53.2
2026-06-30 17:00:00,R201,Arterial,1000,40.72,-73.99,835,26,Clear,25.9,0.0,0,83.5,103.2
2026-06-30 18:00:00,R201,Arterial,1000,40.72,-73.99,1068,18,Clear,25.9,0.0,0,106.8,83.5
2026-06-30 19:00:00,R201,Arterial,1000,40.72,-73.99,942,22,Clear,25.9,0.0,0,94.2,106.8
2026-06-30 20:00:00,R201,Arterial,1000,40.72,-73.99,227,60,Clear,25.9,0.0,0,22.7,94.2
2026-06-30 21:00:00,R201,Arterial,1000,40.72,-73.99,206,60,Clear,25.9,0.0,0,20.6,22.7
2026-06-30 22:00:00,R201,Arterial,1000,40.72,-73.99,217,60,Clear,25.9,0.0,0,21.7,20.6
2026-06-30 23:00:00,R201,Arterial,1000,40.72,-73.99,198,60,Clear,25.9,0.0,0,19.8,21.7
2026-07-01 00:00:00,R201,Arterial,1000,40.72,-73.99,223,60,Clear,24.7,0.0,0,22.3,19.8
2026-07-01 01:00:00,R201,Arterial,1000,40.72,-73.99,204,60,Clear,24.7,0.0,0,20.4,22.3
2026-07-01 02:00:00,R201,Arterial,1000,40.72,-73.99,209,60,Clear,24.7,0.0,0,20.9,20.4
2026-07-01 03:00:00,R201,Arterial,1000,40.72,-73.99,194,60,Clear,24.7,0.0,0,19.4,20.9
2026-07-01 04:00:00,R201,Arterial,1000,40.72,-73.99,176,60,Clear,24.7,0.0,0,17.6,19.4
2026-07-01 05:00:00,R201,Arterial,1000,40.72,-73.99,191,60,Clear,24.7,0.0,0,19.1,17.6
2026-07-01 06:00:00,R201,Arterial,1000,40.72,-73.99,190,60,Clear,24.7,0.0,0,19.0,19.1
2026-07-01 07:00:00,R201,Arterial,1000,40.72,-73.99,902,24,Clear,24.7,0.0,0,90.2,19.0
2026-07-01 08:00:00,R201,Arterial,1000,40.72,-73.99,948,22,Clear,24.7,0.0,0,94.8,90.2
2026-07-01 09:00:00,R201,Arterial,1000,40.72,-73.99,843,26,Clear,24.7,0.0,0,84.3,94.8
2026-07-01 10:00:00,R201,Arterial,1000,40.72,-73.99,552,41,Clear,24.7,0.0,0,55.2,84.3
2026-07-01 11:00:00,R201,Arterial,1000,40.72,-73.99,552,41,Clear,24.7,0.0,0,55.2,55.2
2026-07-01 12:00:00,R201,Arterial,1000,40.72,-73.99,629,36,Clear,24.7,0.0,0,62.9,55.2
2026-07-01 13:00:00,R201,Arterial,1000,40.72,-73.99,600,38,Clear,24.7,0.0,0,60.0,62.9
2026-07-01 14:00:00,R201,Arterial,1000,40.72,-73.99,666,34,Clear,24.7,0.0,0,66.6,60.0
2026-07-01 15:00:00,R201,Arterial,1000,40.72,-73.99,597,38,Clear,24.7,0.0,0,59.7,66.6
2026-07-01 16:00:00,R201,Arterial,1000,40.72,-73.99,826,27,Clear,24.7,0.0,0,82.6,59.7
2026-07-01 17:00:00,R201,Arterial,1000,40.72,-73.99,1026,20,Clear,24.7,0.0,0,102.6,82.6
2026-07-01 18:00:00,R201,Arterial,1000,40.72,-73.99,825,27,Clear,24.7,0.0,0,82.5,102.6
2026-07-01 19:00:00,R201,Arterial,1000,40.72,-73.99,946,22,Clear,24.7,0.0,0,94.6,82.5
2026-07-01 20:00:00,R201,Arterial,1000,40.72,-73.99,227,60,Clear,24.7,0.0,0,22.7,94.6
2026-07-01 21:00:00,R201,Arterial,1000,40.72,-73.99,191,60,Clear,24.7,0.0,0,19.1,22.7
2026-07-01 22:00:00,R201,Arterial,1000,40.72,-73.99,217,60,Clear,24.7,0.0,0,21.7,19.1
2026-07-01 23:00:00,R201,Arterial,1000,40.72,-73.99,212,60,Clear,24.7,0.0,0,21.2,21.7
2026-07-02 00:00:00,R201,Arterial,1000,40.72,-73.99,208,60,Cloudy,18.9,0.0,0,20.8,21.2
2026-07-02 01:00:00,R201,Arterial,1000,40.72,-73.99,216,60,Cloudy,18.9,0.0,0,21.6,20.8
2026-07-02 02:00:00,R201,Arterial,1000,40.72,-73.99,175,60,Cloudy,18.9,0.0,0,17.5,21.6
2026-07-02 03:00:00,R201,Arterial,1000,40.72,-73.99,225,60,Cloudy,18.9,0.0,0,22.5,17.5
2026-07-02 04:00:00,R201,Arterial,1000,40.72,-73.99,228,60,Cloudy,18.9,0.0,0,22.8,22.5
2026-07-02 05:00:00,R201,Arterial,1000,40.72,-73.99,182,60,Cloudy,18.9,0.0,0,18.2,22.8
2026-07-02 06:00:00,R201,Arterial,1000,40.72,-73.99,198,60,Cloudy,18.9,0.0,0,19.8,18.2
2026-07-02 07:00:00,R201,Arterial,1000,40.72,-73.99,833,26,Cloudy,18.9,0.0,0,83.3,19.8
2026-07-02 08:00:00,R201,Arterial,1000,40.72,-73.99,886,24,Cloudy,18.9,0.0,0,88.6,83.3
2026-07-02 09:00:00,R201,Arterial,1000,40.72,-73.99,861,25,Cloudy,18.9,0.0,0,86.1,88.6
2026-07-02 10:00:00,R201,Arterial,1000,40.72,-73.99,665,34,Cloudy,18.9,0.0,0,66.5,86.1
2026-07-02 11:00:00,R201,Arterial,1000,40.72,-73.99,527,42,Cloudy,18.9,0.0,0,52.7,66.5
2026-07-02 12:00:00,R201,Arterial,1000,40.72,-73.99,619,37,Cloudy,18.9,0.0,0,61.9,52.7
2026-07-02 13:00:00,R201,Arterial,1000,40.72,-73.99,552,41,Cloudy,18.9,0.0,0,55.2,61.9
2026-07-02 14:00:00,R201,Arterial,1000,40.72,-73.99,544,41,Cloudy,18.9,0.0,0,54.4,55.2
2026-07-02 15:00:00,R201,Arterial,1000,40.72,-73.99,648,35,Cloudy,18.9,0.0,0,64.8,54.4
2026-07-02 16:00:00,R201,Arterial,1000,40.72,-73.99,1006,20,Cloudy,18.9,0.0,0,100.6,64.8
2026-07-02 17:00:00,R201,Arterial,1000,40.72,-73.99,1069,18,Cloudy,18.9,0.0,0,106.9,100.6
2026-07-02 18:00:00,R201,Arterial,1000,40.72,-73.99,835,26,Cloudy,18.9,0.0,0,83.5,106.9
2026-07-02 19:00:00,R201,Arterial,1000,40.72,-73.99,894,24,Cloudy,18.9,0.0,0,89.4,83.5
2026-07-02 20:00:00,R201,Arterial,1000,40.72,-73.99,195,60,Cloudy,18.9,0.0,0,19.5,89.4
2026-07-02 21:00:00,R201,Arterial,1000,40.72,-73.99,211,60,Cloudy,18.9,0.0,0,21.1,19.5
2026-07-02 22:00:00,R201,Arterial,1000,40.72,-73.99,220,60,Cloudy,18.9,0.0,0,22.0,21.1
2026-07-02 23:00:00,R201,Arterial,1000,40.72,-73.99,218,60,Cloudy,18.9,0.0,0,21.8,22.0
2026-07-03 00:00:00,R201,Arterial,1000,40.72,-73.99,181,60,Clear,34.5,0.0,0,18.1,21.8
2026-07-03 01:00:00,R201,Arterial,1000,40.72,-73.99,193,60,Clear,34.5,0.0,0,19.3,18.1
2026-07-03 02:00:00,R201,Arterial,1000,40.72,-73.99,191,60,Clear,34.5,0.0,0,19.1,19.3
2026-07-03 03:00:00,R201,Arterial,1000,40.72,-73.99,207,60,Clear,34.5,0.0,0,20.7,19.1
2026-07-03 04:00:00,R201,Arterial,1000,40.72,-73.99,180,60,Clear,34.5,0.0,0,18.0,20.7
2026-07-03 05:00:00,R201,Arterial,1000,40.72,-73.99,177,60,Clear,34.5,0.0,0,17.7,18.0
2026-07-03 06:00:00,R201,Arterial,1000,40.72,-73.99,175,60,Clear,34.5,0.0,0,17.5,17.7
2026-07-03 07:00:00,R201,Arterial,1000,40.72,-73.99,827,27,Clear,34.5,0.0,0,82.7,17.5
2026-07-03 08:00:00,R201,Arterial,1000,40.72,-73.99,811,27,Clear,34.5,0.0,0,81.1,82.7
2026-07-03 09:00:00,R201,Arterial,1000,40.72,-73.99,921,23,Clear,34.5,0.0,0,92.1,81.1
2026-07-03 10:00:00,R201,Arterial,1000,40.72,-73.99,609,37,Clear,34.5,0.0,0,60.9,92.1
2026-07-03 11:00:00,R201,Arterial,1000,40.72,-73.99,685,33,Clear,34.5,0.0,0,68.5,60.9
2026-07-03 12:00:00,R201,Arterial,1000,40.72,-73.99,512,43,Clear,34.5,0.0,0,51.2,68.5
2026-07-03 13:00:00,R201,Arterial,1000,40.72,-73.99,591,38,Clear,34.5,0.0,0,59.1,51.2
2026-07-03 14:00:00,R201,Arterial,1000,40.72,-73.99,660,34,Clear,34.5,0.0,0,66.0,59.1
2026-07-03 15:00:00,R201,Arterial,1000,40.72,-73.99,513,43,Clear,34.5,0.0,0,51.3,66.0
2026-07-03 16:00:00,R201,Arterial,1000,40.72,-73.99,1054,19,Clear,34.5,0.0,0,105.4,51.3
2026-07-03 17:00:00,R201,Arterial,1000,40.72,-73.99,1027,20,Clear,34.5,0.0,0,102.7,105.4
2026-07-03 18:00:00,R201,Arterial,1000,40.72,-73.99,829,27,Clear,34.5,0.0,0,82.9,102.7
2026-07-03 19:00:00,R201,Arterial,1000,40.72,-73.99,932,23,Clear,34.5,0.0,0,93.2,82.9
2026-07-03 20:00:00,R201,Arterial,1000,40.72,-73.99,178,60,Clear,34.5,0.0,0,17.8,93.2
2026-07-03 21:00:00,R201,Arterial,1000,40.72,-73.99,216,60,Clear,34.5,0.0,0,21.6,17.8
2026-07-03 22:00:00,R201,Arterial,1000,40.72,-73.99,209,60,Clear,34.5,0.0,0,20.9,21.6
2026-07-03 23:00:00,R201,Arterial,1000,40.72,-73.99,210,60,Clear,34.5,0.0,0,21.0,20.9
2026-07-04 00:00:00,R201,Arterial,1000,40.72,-73.99,186,60,Cloudy,24.4,0.0,0,18.6,21.0
2026-07-04 01:00:00,R201,Arterial,1000,40.72,-73.99,214,60,Cloudy,24.4,0.0,0,21.4,18.6
2026-07-04 02:00:00,R201,Arterial,1000,40.72,-73.99,189,60,Cloudy,24.4,0.0,0,18.9,21.4
2026-07-04 03:00:00,R201,Arterial,1000,40.72,-73.99,186,60,Cloudy,24.4,0.0,0,18.6,18.9
2026-07-04 04:00:00,R201,Arterial,1000,40.72,-73.99,210,60,Cloudy,24.4,0.0,0,21.0,18.6
2026-07-04 05:00:00,R201,Arterial,1000,40.72,-73.99,219,60,Cloudy,24.4,0.0,0,21.9,21.0
2026-07-04 06:00:00,R201,Arterial,1000,40.72,-73.99,208,60,Cloudy,24.4,0.0,0,20.8,21.9
2026-07-04 07:00:00,R201,Arterial,1000,40.72,-73.99,181,60,Cloudy,24.4,0.0,0,18.1,20.8
2026-07-04 08:00:00,R201,Arterial,1000,40.72,-73.99,212,60,Cloudy,24.4,0.0,0,21.2,18.1
2026-07-04 09:00:00,R201,Arterial,1000,40.72,-73.99,186,60,Cloudy,24.4,0.0,0,18.6,21.2
2026-07-04 10:00:00,R201,Arterial,1000,40.72,-73.99,187,60,Cloudy,24.4,0.0,0,18.7,18.6
2026-07-04 11:00:00,R201,Arterial,1000,40.72,-73.99,595,38,Cloudy,24.4,0.0,0,59.5,18.7
2026-07-04 12:00:00,R201,Arterial,1000,40.72,-73.99,732,31,Cloudy,24.4,0.0,0,73.2,59.5
2026-07-04 13:00:00,R201,Arterial,1000,40.72,-73.99,651,35,Cloudy,24.4,0.0,0,65.1,73.2
2026-07-04 14:00:00,R201,Arterial,1000,40.72,-73.99,701,32,Cloudy,24.4,0.0,0,70.1,65.1
2026-07-04 15:00:00,R201,Arterial,1000,40.72,-73.99,696,33,Cloudy,24.4,0.0,0,69.6,70.1
2026-07-04 16:00:00,R201,Arterial,1000,40.72,-73.99,519,43,Cloudy,24.4,0.0,0,51.9,69.6
2026-07-04 17:00:00,R201,Arterial,1000,40.72,-73.99,545,41,Cloudy,24.4,0.0,0,54.5,51.9
2026-07-04 18:00:00,R201,Arterial,1000,40.72,-73.99,578,39,Cloudy,24.4,0.0,0,57.8,54.5
2026-07-04 19:00:00,R201,Arterial,1000,40.72,-73.99,560,40,Cloudy,24.4,0.0,0,56.0,57.8
2026-07-04 20:00:00,R201,Arterial,1000,40.72,-73.99,559,40,Cloudy,24.4,0.0,0,55.9,56.0
2026-07-04 21:00:00,R201,Arterial,1000,40.72,-73.99,175,60,Cloudy,24.4,0.0,0,17.5,55.9
2026-07-04 22:00:00,R201,Arterial,1000,40.72,-73.99,176,60,Cloudy,24.4,0.0,0,17.6,17.5
2026-07-04 23:00:00,R201,Arterial,1000,40.72,-73.99,229,60,Cloudy,24.4,0.0,0,22.9,17.6
2026-07-05 00:00:00,R201,Arterial,1000,40.72,-73.99,195,60,Clear,25.8,0.0,0,19.5,22.9
2026-07-05 01:00:00,R201,Arterial,1000,40.72,-73.99,192,60,Clear,25.8,0.0,0,19.2,19.5
2026-07-05 02:00:00,R201,Arterial,1000,40.72,-73.99,207,60,Clear,25.8,0.0,0,20.7,19.2
2026-07-05 03:00:00,R201,Arterial,1000,40.72,-73.99,172,60,Clear,25.8,0.0,0,17.2,20.7
2026-07-05 04:00:00,R201,Arterial,1000,40.72,-73.99,171,60,Clear,25.8,0.0,0,17.1,17.2
2026-07-05 05:00:00,R201,Arterial,1000,40.72,-73.99,178,60,Clear,25.8,0.0,0,17.8,17.1
2026-07-05 06:00:00,R201,Arterial,1000,40.72,-73.99,192,60,Clear,25.8,0.0,0,19.2,17.8
2026-07-05 07:00:00,R201,Arterial,1000,40.72,-73.99,198,60,Clear,25.8,0.0,0,19.8,19.2
2026-07-05 08:00:00,R201,Arterial,1000,40.72,-73.99,180,60,Clear,25.8,0.0,0,18.0,19.8
2026-07-05 09:00:00,R201,Arterial,1000,40.72,-73.99,185,60,Clear,25.8,0.0,0,18.5,18.0
2026-07-05 10:00:00,R201,Arterial,1000,40.72,-73.99,222,60,Clear,25.8,0.0,0,22.2,18.5
2026-07-05 11:00:00,R201,Arterial,1000,40.72,-73.99,633,36,Clear,25.8,0.0,0,63.3,22.2
2026-07-05 12:00:00,R201,Arterial,1000,40.72,-73.99,700,32,Clear,25.8,0.0,0,70.0,63.3
2026-07-05 13:00:00,R201,Arterial,1000,40.72,-73.99,772,29,Clear,25.8,0.0,0,77.2,70.0
2026-07-05 14:00:00,R201,Arterial,1000,40.72,-73.99,612,37,Clear,25.8,0.0,0,61.2,77.2
2026-07-05 15:00:00,R201,Arterial,1000,40.72,-73.99,675,34,Clear,25.8,0.0,0,67.5,61.2
2026-07-05 16:00:00,R201,Arterial,1000,40.72,-73.99,646,35,Clear,25.8,0.0,0,64.6,67.5
2026-07-05 17:00:00,R201,Arterial,1000,40.72,-73.99,617,37,Clear,25.8,0.0,0,61.7,64.6
2026-07-05 18:00:00,R201,Arterial,1000,40.72,-73.99,612,37,Clear,25.8,0.0,0,61.2,61.7
2026-07-05 19:00:00,R201,Arterial,1000,40.72,-73.99,679,33,Clear,25.8,0.0,0,67.9,61.2
2026-07-05 20:00:00,R201,Arterial,1000,40.72,-73.99,544,41,Clear,25.8,0.0,0,54.4,67.9
2026-07-05 21:00:00,R201,Arterial,1000,40.72,-73.99,208,60,Clear,25.8,0.0,0,20.8,54.4
2026-07-05 22:00:00,R201,Arterial,1000,40.72,-73.99,187,60,Clear,25.8,0.0,0,18.7,20.8
2026-07-05 23:00:00,R201,Arterial,1000,40.72,-73.99,204,60,Clear,25.8,0.0,0,20.4,18.7
2026-07-06 00:00:00,R201,Arterial,1000,40.72,-73.99,203,60,Clear,31.4,0.0,0,20.3,20.4
2026-07-06 01:00:00,R201,Arterial,1000,40.72,-73.99,181,60,Clear,31.4,0.0,0,18.1,20.3
2026-07-06 02:00:00,R201,Arterial,1000,40.72,-73.99,198,60,Clear,31.4,0.0,0,19.8,18.1
2026-07-06 03:00:00,R201,Arterial,1000,40.72,-73.99,176,60,Clear,31.4,0.0,0,17.6,19.8
2026-07-06 04:00:00,R201,Arterial,1000,40.72,-73.99,183,60,Clear,31.4,0.0,0,18.3,17.6
2026-07-06 05:00:00,R201,Arterial,1000,40.72,-73.99,218,60,Clear,31.4,0.0,0,21.8,18.3
2026-07-06 06:00:00,R201,Arterial,1000,40.72,-73.99,210,60,Clear,31.4,0.0,0,21.0,21.8
2026-07-06 07:00:00,R201,Arterial,1000,40.72,-73.99,795,28,Clear,31.4,0.0,0,79.5,21.0
2026-07-06 08:00:00,R201,Arterial,1000,40.72,-73.99,971,21,Clear,31.4,0.0,0,97.1,79.5
2026-07-06 09:00:00,R201,Arterial,1000,40.72,-73.99,1028,20,Clear,31.4,0.0,0,102.8,97.1
2026-07-06 10:00:00,R201,Arterial,1000,40.72,-73.99,524,42,Clear,31.4,0.0,0,52.4,102.8
2026-07-06 11:00:00,R201,Arterial,1000,40.72,-73.99,637,36,Clear,31.4,0.0,0,63.7,52.4
2026-07-06 12:00:00,R201,Arterial,1000,40.72,-73.99,510,43,Clear,31.4,0.0,0,51.0,63.7
2026-07-06 13:00:00,R201,Arterial,1000,40.72,-73.99,598,38,Clear,31.4,0.0,0,59.8,51.0
2026-07-06 14:00:00,R201,Arterial,1000,40.72,-73.99,592,38,Clear,31.4,0.0,0,59.2,59.8
2026-07-06 15:00:00,R201,Arterial,1000,40.72,-73.99,577,39,Clear,31.4,0.0,0,57.7,59.2
2026-07-06 16:00:00,R201,Arterial,1000,40.72,-73.99,810,27,Clear,31.4,0.0,0,81.0,57.7
2026-07-06 17:00:00,R201,Arterial,1000,40.72,-73.99,953,22,Clear,31.4,0.0,0,95.3,81.0
2026-07-06 18:00:00,R201,Arterial,1000,40.72,-73.99,875,25,Clear,31.4,0.0,0,87.5,95.3
2026-07-06 19:00:00,R201,Arterial,1000,40.72,-73.99,1022,20,Clear,31.4,0.0,0,102.2,87.5
2026-07-06 20:00:00,R201,Arterial,1000,40.72,-73.99,185,60,Clear,31.4,0.0,0,18.5,102.2
2026-07-06 21:00:00,R201,Arterial,1000,40.72,-73.99,207,60,Clear,31.4,0.0,0,20.7,18.5
2026-07-06 22:00:00,R201,Arterial,1000,40.72,-73.99,194,60,Clear,31.4,0.0,0,19.4,20.7
2026-07-06 23:00:00,R201,Arterial,1000,40.72,-73.99,228,60,Clear,31.4,0.0,0,22.8,19.4
2026-07-07 00:00:00,R201,Arterial,1000,40.72,-73.99,172,60,Clear,26.4,0.0,0,17.2,22.8
2026-07-07 01:00:00,R201,Arterial,1000,40.72,-73.99,226,60,Clear,26.4,0.0,0,22.6,17.2
2026-07-07 02:00:00,R201,Arterial,1000,40.72,-73.99,228,60,Clear,26.4,0.0,0,22.8,22.6
2026-07-07 03:00:00,R201,Arterial,1000,40.72,-73.99,196,60,Clear,26.4,0.0,0,19.6,22.8
2026-07-07 04:00:00,R201,Arterial,1000,40.72,-73.99,207,60,Clear,26.4,0.0,0,20.7,19.6
2026-07-07 05:00:00,R201,Arterial,1000,40.72,-73.99,202,60,Clear,26.4,0.0,0,20.2,20.7
2026-07-07 06:00:00,R201,Arterial,1000,40.72,-73.99,199,60,Clear,26.4,0.0,0,19.9,20.2
2026-07-07 07:00:00,R201,Arterial,1000,40.72,-73.99,767,29,Clear,26.4,0.0,0,76.7,19.9
2026-07-07 08:00:00,R201,Arterial,1000,40.72,-73.99,1007,20,Clear,26.4,0.0,0,100.7,76.7
2026-07-07 09:00:00,R201,Arterial,1000,40.72,-73.99,862,25,Clear,26.4,0.0,0,86.2,100.7
2026-07-07 10:00:00,R201,Arterial,1000,40.72,-73.99,634,36,Clear,26.4,0.0,0,63.4,86.2
2026-07-07 11:00:00,R201,Arterial,1000,40.72,-73.99,606,37,Clear,26.4,0.0,0,60.6,63.4
2026-07-07 12:00:00,R201,Arterial,1000,40.72,-73.99,629,36,Clear,26.4,0.0,0,62.9,60.6
2026-07-07 13:00:00,R201,Arterial,1000,40.72,-73.99,526,42,Clear,26.4,0.0,0,52.6,62.9
2026-07-07 14:00:00,R201,Arterial,1000,40.72,-73.99,553,41,Clear,26.4,0.0,0,55.3,52.6
2026-07-07 15:00:00,R201,Arterial,1000,40.72,-73.99,604,38,Clear,26.4,0.0,0,60.4,55.3
2026-07-07 16:00:00,R201,Arterial,1000,40.72,-73.99,814,27,Clear,26.4,0.0,0,81.4,60.4
2026-07-07 17:00:00,R201,Arterial,1000,40.72,-73.99,966,22,Clear,26.4,0.0,0,96.6,81.4
2026-07-07 18:00:00,R201,Arterial,1000,40.72,-73.99,947,22,Clear,26.4,0.0,0,94.7,96.6
2026-07-07 19:00:00,R201,Arterial,1000,40.72,-73.99,866,25,Clear,26.4,0.0,0,86.6,94.7
2026-07-07 20:00:00,R201,Arterial,1000,40.72,-73.99,180,60,Clear,26.4,0.0,0,18.0,86.6
2026-07-07 21:00:00,R201,Arterial,1000,40.72,-73.99,186,60,Clear,26.4,0.0,0,18.6,18.0
2026-07-07 22:00:00,R201,Arterial,1000,40.72,-73.99,219,18,Clear,26.4,0.0,1,21.9,18.6
2026-07-07 23:00:00,R201,Arterial,1000,40.72,-73.99,172,60,Clear,26.4,0.0,0,17.2,21.9
2026-07-08 00:00:00,R201,Arterial,1000,40.72,-73.99,227,60,Cloudy,24.7,0.0,0,22.7,17.2
2026-07-08 01:00:00,R201,Arterial,1000,40.72,-73.99,191,60,Cloudy,24.7,0.0,0,19.1,22.7
2026-07-08 02:00:00,R201,Arterial,1000,40.72,-73.99,227,60,Cloudy,24.7,0.0,0,22.7,19.1
2026-07-08 03:00:00,R201,Arterial,1000,40.72,-73.99,217,60,Cloudy,24.7,0.0,0,21.7,22.7
2026-07-08 04:00:00,R201,Arterial,1000,40.72,-73.99,226,60,Cloudy,24.7,0.0,0,22.6,21.7
2026-07-08 05:00:00,R201,Arterial,1000,40.72,-73.99,172,60,Cloudy,24.7,0.0,0,17.2,22.6
2026-07-08 06:00:00,R201,Arterial,1000,40.72,-73.99,177,60,Cloudy,24.7,0.0,0,17.7,17.2
2026-07-08 07:00:00,R201,Arterial,1000,40.72,-73.99,789,28,Cloudy,24.7,0.0,0,78.9,17.7
2026-07-08 08:00:00,R201,Arterial,1000,40.72,-73.99,805,28,Cloudy,24.7,0.0,0,80.5,78.9
2026-07-08 09:00:00,R201,Arterial,1000,40.72,-73.99,925,23,Cloudy,24.7,0.0,0,92.5,80.5
2026-07-08 10:00:00,R201,Arterial,1000,40.72,-73.99,650,35,Cloudy,24.7,0.0,0,65.0,92.5
2026-07-08 11:00:00,R201,Arterial,1000,40.72,-73.99,588,38,Cloudy,24.7,0.0,0,58.8,65.0
2026-07-08 12:00:00,R201,Arterial,1000,40.72,-73.99,540,41,Cloudy,24.7,0.0,0,54.0,58.8
2026-07-08 13:00:00,R201,Arterial,1000,40.72,-73.99,533,42,Cloudy,24.7,0.0,0,53.3,54.0
2026-07-08 14:00:00,R201,Arterial,1000,40.72,-73.99,775,8,Cloudy,24.7,0.0,1,77.5,53.3
2026-07-08 15:00:00,R201,Arterial,1000,40.72,-73.99,675,34,Cloudy,24.7,0.0,0,67.5,77.5
2026-07-08 16:00:00,R201,Arterial,1000,40.72,-73.99,825,27,Cloudy,24.7,0.0,0,82.5,67.5
2026-07-08 17:00:00,R201,Arterial,1000,40.72,-73.99,989,21,Cloudy,24.7,0.0,0,98.9,82.5
2026-07-08 18:00:00,R201,Arterial,1000,40.72,-73.99,1078,18,Cloudy,24.7,0.0,0,107.8,98.9
2026-07-08 19:00:00,R201,Arterial,1000,40.72,-73.99,868,25,Cloudy,24.7,0.0,0,86.8,107.8
2026-07-08 20:00:00,R201,Arterial,1000,40.72,-73.99,229,60,Cloudy,24.7,0.0,0,22.9,86.8
2026-07-08 21:00:00,R201,Arterial,1000,40.72,-73.99,221,60,Cloudy,24.7,0.0,0,22.1,22.9
2026-07-08 22:00:00,R201,Arterial,1000,40.72,-73.99,172,60,Cloudy,24.7,0.0,0,17.2,22.1
2026-07-08 23:00:00,R201,Arterial,1000,40.72,-73.99,206,60,Cloudy,24.7,0.0,0,20.6,17.2
2026-07-09 00:00:00,R201,Arterial,1000,40.72,-73.99,226,60,Cloudy,15.5,0.0,0,22.6,20.6
2026-07-09 01:00:00,R201,Arterial,1000,40.72,-73.99,223,60,Cloudy,15.5,0.0,0,22.3,22.6
2026-07-09 02:00:00,R201,Arterial,1000,40.72,-73.99,225,60,Cloudy,15.5,0.0,0,22.5,22.3
2026-07-09 03:00:00,R201,Arterial,1000,40.72,-73.99,208,60,Cloudy,15.5,0.0,0,20.8,22.5
2026-07-09 04:00:00,R201,Arterial,1000,40.72,-73.99,194,60,Cloudy,15.5,0.0,0,19.4,20.8
2026-07-09 05:00:00,R201,Arterial,1000,40.72,-73.99,208,60,Cloudy,15.5,0.0,0,20.8,19.4
2026-07-09 06:00:00,R201,Arterial,1000,40.72,-73.99,190,60,Cloudy,15.5,0.0,0,19.0,20.8
2026-07-09 07:00:00,R201,Arterial,1000,40.72,-73.99,896,24,Cloudy,15.5,0.0,0,89.6,19.0
2026-07-09 08:00:00,R201,Arterial,1000,40.72,-73.99,853,26,Cloudy,15.5,0.0,0,85.3,89.6
2026-07-09 09:00:00,R201,Arterial,1000,40.72,-73.99,896,24,Cloudy,15.5,0.0,0,89.6,85.3
2026-07-09 10:00:00,R201,Arterial,1000,40.72,-73.99,551,41,Cloudy,15.5,0.0,0,55.1,89.6
2026-07-09 11:00:00,R201,Arterial,1000,40.72,-73.99,556,40,Cloudy,15.5,0.0,0,55.6,55.1
2026-07-09 12:00:00,R201,Arterial,1000,40.72,-73.99,565,40,Cloudy,15.5,0.0,0,56.5,55.6
2026-07-09 13:00:00,R201,Arterial,1000,40.72,-73.99,604,38,Cloudy,15.5,0.0,0,60.4,56.5
2026-07-09 14:00:00,R201,Arterial,1000,40.72,-73.99,657,35,Cloudy,15.5,0.0,0,65.7,60.4
2026-07-09 15:00:00,R201,Arterial,1000,40.72,-73.99,554,40,Cloudy,15.5,0.0,0,55.4,65.7
2026-07-09 16:00:00,R201,Arterial,1000,40.72,-73.99,1004,20,Cloudy,15.5,0.0,0,100.4,55.4
2026-07-09 17:00:00,R201,Arterial,1000,40.72,-73.99,868,25,Cloudy,15.5,0.0,0,86.8,100.4
2026-07-09 18:00:00,R201,Arterial,1000,40.72,-73.99,1126,5,Cloudy,15.5,0.0,1,112.6,86.8
2026-07-09 19:00:00,R201,Arterial,1000,40.72,-73.99,1088,18,Cloudy,15.5,0.0,0,108.8,112.6
2026-07-09 20:00:00,R201,Arterial,1000,40.72,-73.99,195,60,Cloudy,15.5,0.0,0,19.5,108.8
2026-07-09 21:00:00,R201,Arterial,1000,40.72,-73.99,187,60,Cloudy,15.5,0.0,0,18.7,19.5
2026-07-09 22:00:00,R201,Arterial,1000,40.72,-73.99,223,60,Cloudy,15.5,0.0,0,22.3,18.7
2026-07-09 23:00:00,R201,Arterial,1000,40.72,-73.99,186,60,Cloudy,15.5,0.0,0,18.6,22.3
2026-07-10 00:00:00,R201,Arterial,1000,40.72,-73.99,215,60,Cloudy,21.6,0.0,0,21.5,18.6
2026-07-10 01:00:00,R201,Arterial,1000,40.72,-73.99,187,60,Cloudy,21.6,0.0,0,18.7,21.5
2026-07-10 02:00:00,R201,Arterial,1000,40.72,-73.99,194,60,Cloudy,21.6,0.0,0,19.4,18.7
2026-07-10 03:00:00,R201,Arterial,1000,40.72,-73.99,193,60,Cloudy,21.6,0.0,0,19.3,19.4
2026-07-10 04:00:00,R201,Arterial,1000,40.72,-73.99,194,60,Cloudy,21.6,0.0,0,19.4,19.3
2026-07-10 05:00:00,R201,Arterial,1000,40.72,-73.99,174,60,Cloudy,21.6,0.0,0,17.4,19.4
2026-07-10 06:00:00,R201,Arterial,1000,40.72,-73.99,223,60,Cloudy,21.6,0.0,0,22.3,17.4
2026-07-10 07:00:00,R201,Arterial,1000,40.72,-73.99,917,23,Cloudy,21.6,0.0,0,91.7,22.3
2026-07-10 08:00:00,R201,Arterial,1000,40.72,-73.99,778,29,Cloudy,21.6,0.0,0,77.8,91.7
2026-07-10 09:00:00,R201,Arterial,1000,40.72,-73.99,862,25,Cloudy,21.6,0.0,0,86.2,77.8
2026-07-10 10:00:00,R201,Arterial,1000,40.72,-73.99,524,42,Cloudy,21.6,0.0,0,52.4,86.2
2026-07-10 11:00:00,R201,Arterial,1000,40.72,-73.99,679,33,Cloudy,21.6,0.0,0,67.9,52.4
2026-07-10 12:00:00,R201,Arterial,1000,40.72,-73.99,517,43,Cloudy,21.6,0.0,0,51.7,67.9
2026-07-10 13:00:00,R201,Arterial,1000,40.72,-73.99,649,35,Cloudy,21.6,0.0,0,64.9,51.7
2026-07-10 14:00:00,R201,Arterial,1000,40.72,-73.99,591,38,Cloudy,21.6,0.0,0,59.1,64.9
2026-07-10 15:00:00,R201,Arterial,1000,40.72,-73.99,640,36,Cloudy,21.6,0.0,0,64.0,59.1
2026-07-10 16:00:00,R201,Arterial,1000,40.72,-73.99,1023,20,Cloudy,21.6,0.0,0,102.3,64.0
2026-07-10 17:00:00,R201,Arterial,1000,40.72,-73.99,885,24,Cloudy,21.6,0.0,0,88.5,102.3
2026-07-10 18:00:00,R201,Arterial,1000,40.72,-73.99,1054,19,Cloudy,21.6,0.0,0,105.4,88.5
2026-07-10 19:00:00,R201,Arterial,1000,40.72,-73.99,1051,19,Cloudy,21.6,0.0,0,105.1,105.4
2026-07-10 20:00:00,R201,Arterial,1000,40.72,-73.99,200,60,Cloudy,21.6,0.0,0,20.0,105.1
2026-07-10 21:00:00,R201,Arterial,1000,40.72,-73.99,186,60,Cloudy,21.6,0.0,0,18.6,20.0
2026-07-10 22:00:00,R201,Arterial,1000,40.72,-73.99,201,60,Cloudy,21.6,0.0,0,20.1,18.6
2026-07-10 23:00:00,R201,Arterial,1000,40.72,-73.99,189,60,Cloudy,21.6,0.0,0,18.9,20.1
2026-07-11 00:00:00,R201,Arterial,1000,40.72,-73.99,172,60,Cloudy,16.4,0.0,0,17.2,18.9
2026-07-11 01:00:00,R201,Arterial,1000,40.72,-73.99,181,60,Cloudy,16.4,0.0,0,18.1,17.2
2026-07-11 02:00:00,R201,Arterial,1000,40.72,-73.99,190,60,Cloudy,16.4,0.0,0,19.0,18.1
2026-07-11 03:00:00,R201,Arterial,1000,40.72,-73.99,198,60,Cloudy,16.4,0.0,0,19.8,19.0
2026-07-11 04:00:00,R201,Arterial,1000,40.72,-73.99,170,60,Cloudy,16.4,0.0,0,17.0,19.8
2026-07-11 05:00:00,R201,Arterial,1000,40.72,-73.99,227,60,Cloudy,16.4,0.0,0,22.7,17.0
2026-07-11 06:00:00,R201,Arterial,1000,40.72,-73.99,200,60,Cloudy,16.4,0.0,0,20.0,22.7
2026-07-11 07:00:00,R201,Arterial,1000,40.72,-73.99,198,60,Cloudy,16.4,0.0,0,19.8,20.0
2026-07-11 08:00:00,R201,Arterial,1000,40.72,-73.99,203,60,Cloudy,16.4,0.0,0,20.3,19.8
2026-07-11 09:00:00,R201,Arterial,1000,40.72,-73.99,175,60,Cloudy,16.4,0.0,0,17.5,20.3
2026-07-11 10:00:00,R201,Arterial,1000,40.72,-73.99,184,60,Cloudy,16.4,0.0,0,18.4,17.5
2026-07-11 11:00:00,R201,Arterial,1000,40.72,-73.99,631,36,Cloudy,16.4,0.0,0,63.1,18.4
2026-07-11 12:00:00,R201,Arterial,1000,40.72,-73.99,797,28,Cloudy,16.4,0.0,0,79.7,63.1
2026-07-11 13:00:00,R201,Arterial,1000,40.72,-73.99,804,28,Cloudy,16.4,0.0,0,80.4,79.7
2026-07-11 14:00:00,R201,Arterial,1000,40.72,-73.99,746,30,Cloudy,16.4,0.0,0,74.6,80.4
2026-07-11 15:00:00,R201,Arterial,1000,40.72,-73.99,642,35,Cloudy,16.4,0.0,0,64.2,74.6
2026-07-11 16:00:00,R201,Arterial,1000,40.72,-73.99,572,39,Cloudy,16.4,0.0,0,57.2,64.2
2026-07-11 17:00:00,R201,Arterial,1000,40.72,-73.99,535,42,Cloudy,16.4,0.0,0,53.5,57.2
2026-07-11 18:00:00,R201,Arterial,1000,40.72,-73.99,616,37,Cloudy,16.4,0.0,0,61.6,53.5
2026-07-11 19:00:00,R201,Arterial,1000,40.72,-73.99,609,37,Cloudy,16.4,0.0,0,60.9,61.6
2026-07-11 20:00:00,R201,Arterial,1000,40.72,-73.99,511,43,Cloudy,16.4,0.0,0,51.1,60.9
2026-07-11 21:00:00,R201,Arterial,1000,40.72,-73.99,225,60,Cloudy,16.4,0.0,0,22.5,51.1
2026-07-11 22:00:00,R201,Arterial,1000,40.72,-73.99,201,60,Cloudy,16.4,0.0,0,20.1,22.5
2026-07-11 23:00:00,R201,Arterial,1000,40.72,-73.99,196,60,Cloudy,16.4,0.0,0,19.6,20.1
2026-07-12 00:00:00,R201,Arterial,1000,40.72,-73.99,176,60,Clear,32.1,0.0,0,17.6,19.6
2026-07-12 01:00:00,R201,Arterial,1000,40.72,-73.99,219,60,Clear,32.1,0.0,0,21.9,17.6
2026-07-12 02:00:00,R201,Arterial,1000,40.72,-73.99,213,60,Clear,32.1,0.0,0,21.3,21.9
2026-07-12 03:00:00,R201,Arterial,1000,40.72,-73.99,214,60,Clear,32.1,0.0,0,21.4,21.3
2026-07-12 04:00:00,R201,Arterial,1000,40.72,-73.99,185,60,Clear,32.1,0.0,0,18.5,21.4
2026-07-12 05:00:00,R201,Arterial,1000,40.72,-73.99,201,60,Clear,32.1,0.0,0,20.1,18.5
2026-07-12 06:00:00,R201,Arterial,1000,40.72,-73.99,175,60,Clear,32.1,0.0,0,17.5,20.1
2026-07-12 07:00:00,R201,Arterial,1000,40.72,-73.99,225,18,Clear,32.1,0.0,1,22.5,17.5
2026-07-12 08:00:00,R201,Arterial,1000,40.72,-73.99,184,60,Clear,32.1,0.0,0,18.4,22.5
2026-07-12 09:00:00,R201,Arterial,1000,40.72,-73.99,220,18,Clear,32.1,0.0,1,22.0,18.4
2026-07-12 10:00:00,R201,Arterial,1000,40.72,-73.99,191,60,Clear,32.1,0.0,0,19.1,22.0
2026-07-12 11:00:00,R201,Arterial,1000,40.72,-73.99,663,34,Clear,32.1,0.0,0,66.3,19.1
2026-07-12 12:00:00,R201,Arterial,1000,40.72,-73.99,612,37,Clear,32.1,0.0,0,61.2,66.3
2026-07-12 13:00:00,R201,Arterial,1000,40.72,-73.99,746,30,Clear,32.1,0.0,0,74.6,61.2
2026-07-12 14:00:00,R201,Arterial,1000,40.72,-73.99,717,32,Clear,32.1,0.0,0,71.7,74.6
2026-07-12 15:00:00,R201,Arterial,1000,40.72,-73.99,784,29,Clear,32.1,0.0,0,78.4,71.7
2026-07-12 16:00:00,R201,Arterial,1000,40.72,-73.99,604,38,Clear,32.1,0.0,0,60.4,78.4
2026-07-12 17:00:00,R201,Arterial,1000,40.72,-73.99,657,35,Clear,32.1,0.0,0,65.7,60.4
2026-07-12 18:00:00,R201,Arterial,1000,40.72,-73.99,602,38,Clear,32.1,0.0,0,60.2,65.7
2026-07-12 19:00:00,R201,Arterial,1000,40.72,-73.99,658,35,Clear,32.1,0.0,0,65.8,60.2
2026-07-12 20:00:00,R201,Arterial,1000,40.72,-73.99,589,38,Clear,32.1,0.0,0,58.9,65.8
2026-07-12 21:00:00,R201,Arterial,1000,40.72,-73.99,202,60,Clear,32.1,0.0,0,20.2,58.9
2026-07-12 22:00:00,R201,Arterial,1000,40.72,-73.99,171,60,Clear,32.1,0.0,0,17.1,20.2
2026-07-12 23:00:00,R201,Arterial,1000,40.72,-73.99,206,60,Clear,32.1,0.0,0,20.6,17.1
2026-07-13 00:00:00,R201,Arterial,1000,40.72,-73.99,207,60,Clear,24.9,0.0,0,20.7,20.6
2026-07-13 01:00:00,R201,Arterial,1000,40.72,-73.99,201,60,Clear,24.9,0.0,0,20.1,20.7
2026-07-13 02:00:00,R201,Arterial,1000,40.72,-73.99,186,60,Clear,24.9,0.0,0,18.6,20.1
2026-07-13 03:00:00,R201,Arterial,1000,40.72,-73.99,172,60,Clear,24.9,0.0,0,17.2,18.6
2026-07-13 04:00:00,R201,Arterial,1000,40.72,-73.99,231,18,Clear,24.9,0.0,1,23.1,17.2
2026-07-13 05:00:00,R201,Arterial,1000,40.72,-73.99,189,60,Clear,24.9,0.0,0,18.9,23.1
2026-07-13 06:00:00,R201,Arterial,1000,40.72,-73.99,175,60,Clear,24.9,0.0,0,17.5,18.9
2026-07-13 07:00:00,R201,Arterial,1000,40.72,-73.99,1006,20,Clear,24.9,0.0,0,100.6,17.5
2026-07-13 08:00:00,R201,Arterial,1000,40.72,-73.99,773,29,Clear,24.9,0.0,0,77.3,100.6
2026-07-13 09:00:00,R201,Arterial,1000,40.72,-73.99,765,29,Clear,24.9,0.0,0,76.5,77.3
2026-07-13 10:00:00,R201,Arterial,1000,40.72,-73.99,666,34,Clear,24.9,0.0,0,66.6,76.5
2026-07-13 11:00:00,R201,Arterial,1000,40.72,-73.99,544,41,Clear,24.9,0.0,0,54.4,66.6
2026-07-13 12:00:00,R201,Arterial,1000,40.72,-73.99,660,34,Clear,24.9,0.0,0,66.0,54.4
2026-07-13 13:00:00,R201,Arterial,1000,40.72,-73.99,528,42,Clear,24.9,0.0,0,52.8,66.0
2026-07-13 14:00:00,R201,Arterial,1000,40.72,-73.99,570,40,Clear,24.9,0.0,0,57.0,52.8
2026-07-13 15:00:00,R201,Arterial,1000,40.72,-73.99,605,37,Clear,24.9,0.0,0,60.5,57.0
2026-07-13 16:00:00,R201,Arterial,1000,40.72,-73.99,840,26,Clear,24.9,0.0,0,84.0,60.5
2026-07-13 17:00:00,R201,Arterial,1000,40.72,-73.99,1051,19,Clear,24.9,0.0,0,105.1,84.0
2026-07-13 18:00:00,R201,Arterial,1000,40.72,-73.99,938,23,Clear,24.9,0.0,0,93.8,105.1
2026-07-13 19:00:00,R201,Arterial,1000,40.72,-73.99,986,21,Clear,24.9,0.0,0,98.6,93.8
2026-07-13 20:00:00,R201,Arterial,1000,40.72,-73.99,172,60,Clear,24.9,0.0,0,17.2,98.6
2026-07-13 21:00:00,R201,Arterial,1000,40.72,-73.99,171,60,Clear,24.9,0.0,0,17.1,17.2
2026-07-13 22:00:00,R201,Arterial,1000,40.72,-73.99,218,60,Clear,24.9,0.0,0,21.8,17.1
2026-07-13 23:00:00,R201,Arterial,1000,40.72,-73.99,225,60,Clear,24.9,0.0,0,22.5,21.8
2026-07-14 00:00:00,R201,Arterial,1000,40.72,-73.99,179,60,Clear,22.5,0.0,0,17.9,22.5
2026-07-14 01:00:00,R201,Arterial,1000,40.72,-73.99,175,60,Clear,22.5,0.0,0,17.5,17.9
2026-07-14 02:00:00,R201,Arterial,1000,40.72,-73.99,188,60,Clear,22.5,0.0,0,18.8,17.5
2026-07-14 03:00:00,R201,Arterial,1000,40.72,-73.99,213,60,Clear,22.5,0.0,0,21.3,18.8
2026-07-14 04:00:00,R201,Arterial,1000,40.72,-73.99,178,60,Clear,22.5,0.0,0,17.8,21.3
2026-07-14 05:00:00,R201,Arterial,1000,40.72,-73.99,190,60,Clear,22.5,0.0,0,19.0,17.8
2026-07-14 06:00:00,R201,Arterial,1000,40.72,-73.99,197,60,Clear,22.5,0.0,0,19.7,19.0
2026-07-14 07:00:00,R201,Arterial,1000,40.72,-73.99,830,27,Clear,22.5,0.0,0,83.0,19.7
2026-07-14 08:00:00,R201,Arterial,1000,40.72,-73.99,864,25,Clear,22.5,0.0,0,86.4,83.0
2026-07-14 09:00:00,R201,Arterial,1000,40.72,-73.99,809,27,Clear,22.5,0.0,0,80.9,86.4
2026-07-14 10:00:00,R201,Arterial,1000,40.72,-73.99,624,36,Clear,22.5,0.0,0,62.4,80.9
2026-07-14 11:00:00,R201,Arterial,1000,40.72,-73.99,570,40,Clear,22.5,0.0,0,57.0,62.4
2026-07-14 12:00:00,R201,Arterial,1000,40.72,-73.99,675,34,Clear,22.5,0.0,0,67.5,57.0
2026-07-14 13:00:00,R201,Arterial,1000,40.72,-73.99,580,39,Clear,22.5,0.0,0,58.0,67.5
2026-07-14 14:00:00,R201,Arterial,1000,40.72,-73.99,521,43,Clear,22.5,0.0,0,52.1,58.0
2026-07-14 15:00:00,R201,Arterial,1000,40.72,-73.99,582,39,Clear,22.5,0.0,0,58.2,52.1
2026-07-14 16:00:00,R201,Arterial,1000,40.72,-73.99,998,21,Clear,22.5,0.0,0,99.8,58.2
2026-07-14 17:00:00,R201,Arterial,1000,40.72,-73.99,840,26,Clear,22.5,0.0,0,84.0,99.8
2026-07-14 18:00:00,R201,Arterial,1000,40.72,-73.99,894,24,Clear,22.5,0.0,0,89.4,84.0
2026-07-14 19:00:00,R201,Arterial,1000,40.72,-73.99,859,25,Clear,22.5,0.0,0,85.9,89.4
2026-07-14 20:00:00,R201,Arterial,1000,40.72,-73.99,201,60,Clear,22.5,0.0,0,20.1,85.9
2026-07-14 21:00:00,R201,Arterial,1000,40.72,-73.99,200,60,Clear,22.5,0.0,0,20.0,20.1
2026-07-14 22:00:00,R201,Arterial,1000,40.72,-73.99,212,60,Clear,22.5,0.0,0,21.2,20.0
2026-07-14 23:00:00,R201,Arterial,1000,40.72,-73.99,219,60,Clear,22.5,0.0,0,21.9,21.2
2026-07-15 00:00:00,R201,Arterial,1000,40.72,-73.99,194,48,Heavy Rain,12.5,10.1,0,19.4,21.9
2026-07-15 01:00:00,R201,Arterial,1000,40.72,-73.99,194,48,Heavy Rain,12.5,10.1,0,19.4,19.4
2026-07-15 02:00:00,R201,Arterial,1000,40.72,-73.99,180,48,Heavy Rain,12.5,10.1,0,18.0,19.4
2026-07-15 03:00:00,R201,Arterial,1000,40.72,-73.99,183,48,Heavy Rain,12.5,10.1,0,18.3,18.0
2026-07-15 04:00:00,R201,Arterial,1000,40.72,-73.99,164,48,Heavy Rain,12.5,10.1,0,16.4,18.3
2026-07-15 05:00:00,R201,Arterial,1000,40.72,-73.99,189,48,Heavy Rain,12.5,10.1,0,18.9,16.4
2026-07-15 06:00:00,R201,Arterial,1000,40.72,-73.99,165,48,Heavy Rain,12.5,10.1,0,16.5,18.9
2026-07-15 07:00:00,R201,Arterial,1000,40.72,-73.99,928,5,Heavy Rain,12.5,10.1,1,92.8,16.5
2026-07-15 08:00:00,R201,Arterial,1000,40.72,-73.99,709,25,Heavy Rain,12.5,10.1,0,70.9,92.8
2026-07-15 09:00:00,R201,Arterial,1000,40.72,-73.99,778,23,Heavy Rain,12.5,10.1,0,77.8,70.9
2026-07-15 10:00:00,R201,Arterial,1000,40.72,-73.99,530,33,Heavy Rain,12.5,10.1,0,53.0,77.8
2026-07-15 11:00:00,R201,Arterial,1000,40.72,-73.99,509,35,Heavy Rain,12.5,10.1,0,50.9,53.0
2026-07-15 12:00:00,R201,Arterial,1000,40.72,-73.99,592,30,Heavy Rain,12.5,10.1,0,59.2,50.9
2026-07-15 13:00:00,R201,Arterial,1000,40.72,-73.99,548,33,Heavy Rain,12.5,10.1,0,54.8,59.2
2026-07-15 14:00:00,R201,Arterial,1000,40.72,-73.99,490,36,Heavy Rain,12.5,10.1,0,49.0,54.8
2026-07-15 15:00:00,R201,Arterial,1000,40.72,-73.99,527,34,Heavy Rain,12.5,10.1,0,52.7,49.0
2026-07-15 16:00:00,R201,Arterial,1000,40.72,-73.99,874,20,Heavy Rain,12.5,10.1,0,87.4,52.7
2026-07-15 17:00:00,R201,Arterial,1000,40.72,-73.99,739,24,Heavy Rain,12.5,10.1,0,73.9,87.4
2026-07-15 18:00:00,R201,Arterial,1000,40.72,-73.99,763,23,Heavy Rain,12.5,10.1,0,76.3,73.9
2026-07-15 19:00:00,R201,Arterial,1000,40.72,-73.99,761,24,Heavy Rain,12.5,10.1,0,76.1,76.3
2026-07-15 20:00:00,R201,Arterial,1000,40.72,-73.99,193,48,Heavy Rain,12.5,10.1,0,19.3,76.1
2026-07-15 21:00:00,R201,Arterial,1000,40.72,-73.99,200,48,Heavy Rain,12.5,10.1,0,20.0,19.3
2026-07-15 22:00:00,R201,Arterial,1000,40.72,-73.99,172,48,Heavy Rain,12.5,10.1,0,17.2,20.0
2026-07-15 23:00:00,R201,Arterial,1000,40.72,-73.99,168,48,Heavy Rain,12.5,10.1,0,16.8,17.2
2026-07-16 00:00:00,R201,Arterial,1000,40.72,-73.99,228,60,Clear,31.0,0.0,0,22.8,16.8
2026-07-16 01:00:00,R201,Arterial,1000,40.72,-73.99,214,60,Clear,31.0,0.0,0,21.4,22.8
2026-07-16 02:00:00,R201,Arterial,1000,40.72,-73.99,187,60,Clear,31.0,0.0,0,18.7,21.4
2026-07-16 03:00:00,R201,Arterial,1000,40.72,-73.99,198,60,Clear,31.0,0.0,0,19.8,18.7
2026-07-16 04:00:00,R201,Arterial,1000,40.72,-73.99,192,60,Clear,31.0,0.0,0,19.2,19.8
2026-07-16 05:00:00,R201,Arterial,1000,40.72,-73.99,171,60,Clear,31.0,0.0,0,17.1,19.2
2026-07-16 06:00:00,R201,Arterial,1000,40.72,-73.99,176,60,Clear,31.0,0.0,0,17.6,17.1
2026-07-16 07:00:00,R201,Arterial,1000,40.72,-73.99,873,25,Clear,31.0,0.0,0,87.3,17.6
2026-07-16 08:00:00,R201,Arterial,1000,40.72,-73.99,852,26,Clear,31.0,0.0,0,85.2,87.3
2026-07-16 09:00:00,R201,Arterial,1000,40.72,-73.99,827,27,Clear,31.0,0.0,0,82.7,85.2
2026-07-16 10:00:00,R201,Arterial,1000,40.72,-73.99,593,38,Clear,31.0,0.0,0,59.3,82.7
2026-07-16 11:00:00,R201,Arterial,1000,40.72,-73.99,641,35,Clear,31.0,0.0,0,64.1,59.3
2026-07-16 12:00:00,R201,Arterial,1000,40.72,-73.99,605,37,Clear,31.0,0.0,0,60.5,64.1
2026-07-16 13:00:00,R201,Arterial,1000,40.72,-73.99,602,38,Clear,31.0,0.0,0,60.2,60.5
2026-07-16 14:00:00,R201,Arterial,1000,40.72,-73.99,644,35,Clear,31.0,0.0,0,64.4,60.2
2026-07-16 15:00:00,R201,Arterial,1000,40.72,-73.99,663,34,Clear,31.0,0.0,0,66.3,64.4
2026-07-16 16:00:00,R201,Arterial,1000,40.72,-73.99,937,23,Clear,31.0,0.0,0,93.7,66.3
2026-07-16 17:00:00,R201,Arterial,1000,40.72,-73.99,1028,20,Clear,31.0,0.0,0,102.8,93.7
2026-07-16 18:00:00,R201,Arterial,1000,40.72,-73.99,1011,20,Clear,31.0,0.0,0,101.1,102.8
2026-07-16 19:00:00,R201,Arterial,1000,40.72,-73.99,976,21,Clear,31.0,0.0,0,97.6,101.1
2026-07-16 20:00:00,R201,Arterial,1000,40.72,-73.99,215,60,Clear,31.0,0.0,0,21.5,97.6
2026-07-16 21:00:00,R201,Arterial,1000,40.72,-73.99,203,60,Clear,31.0,0.0,0,20.3,21.5
2026-07-16 22:00:00,R201,Arterial,1000,40.72,-73.99,185,60,Clear,31.0,0.0,0,18.5,20.3
2026-07-16 23:00:00,R201,Arterial,1000,40.72,-73.99,226,60,Clear,31.0,0.0,0,22.6,18.5
2026-07-17 00:00:00,R201,Arterial,1000,40.72,-73.99,170,60,Clear,32.2,0.0,0,17.0,22.6
2026-07-17 01:00:00,R201,Arterial,1000,40.72,-73.99,216,60,Clear,32.2,0.0,0,21.6,17.0
2026-07-17 02:00:00,R201,Arterial,1000,40.72,-73.99,219,60,Clear,32.2,0.0,0,21.9,21.6
2026-07-17 03:00:00,R201,Arterial,1000,40.72,-73.99,188,60,Clear,32.2,0.0,0,18.8,21.9
2026-07-17 04:00:00,R201,Arterial,1000,40.72,-73.99,216,60,Clear,32.2,0.0,0,21.6,18.8
2026-07-17 05:00:00,R201,Arterial,1000,40.72,-73.99,175,60,Clear,32.2,0.0,0,17.5,21.6
2026-07-17 06:00:00,R201,Arterial,1000,40.72,-73.99,172,60,Clear,32.2,0.0,0,17.2,17.5
2026-07-17 07:00:00,R201,Arterial,1000,40.72,-73.99,888,24,Clear,32.2,0.0,0,88.8,17.2
2026-07-17 08:00:00,R201,Arterial,1000,40.72,-73.99,802,28,Clear,32.2,0.0,0,80.2,88.8
2026-07-17 09:00:00,R201,Arterial,1000,40.72,-73.99,786,28,Clear,32.2,0.0,0,78.6,80.2
2026-07-17 10:00:00,R201,Arterial,1000,40.72,-73.99,570,40,Clear,32.2,0.0,0,57.0,78.6
2026-07-17 11:00:00,R201,Arterial,1000,40.72,-73.99,541,41,Clear,32.2,0.0,0,54.1,57.0
2026-07-17 12:00:00,R201,Arterial,1000,40.72,-73.99,553,41,Clear,32.2,0.0,0,55.3,54.1
2026-07-17 13:00:00,R201,Arterial,1000,40.72,-73.99,576,39,Clear,32.2,0.0,0,57.6,55.3
2026-07-17 14:00:00,R201,Arterial,1000,40.72,-73.99,551,41,Clear,32.2,0.0,0,55.1,57.6
2026-07-17 15:00:00,R201,Arterial,1000,40.72,-73.99,664,34,Clear,32.2,0.0,0,66.4,55.1
2026-07-17 16:00:00,R201,Arterial,1000,40.72,-73.99,900,24,Clear,32.2,0.0,0,90.0,66.4
2026-07-17 17:00:00,R201,Arterial,1000,40.72,-73.99,1009,20,Clear,32.2,0.0,0,100.9,90.0
2026-07-17 18:00:00,R201,Arterial,1000,40.72,-73.99,1083,18,Clear,32.2,0.0,0,108.3,100.9
2026-07-17 19:00:00,R201,Arterial,1000,40.72,-73.99,903,24,Clear,32.2,0.0,0,90.3,108.3
2026-07-17 20:00:00,R201,Arterial,1000,40.72,-73.99,174,60,Clear,32.2,0.0,0,17.4,90.3
2026-07-17 21:00:00,R201,Arterial,1000,40.72,-73.99,194,60,Clear,32.2,0.0,0,19.4,17.4
2026-07-17 22:00:00,R201,Arterial,1000,40.72,-73.99,197,60,Clear,32.2,0.0,0,19.7,19.4
2026-07-17 23:00:00,R201,Arterial,1000,40.72,-73.99,179,60,Clear,32.2,0.0,0,17.9,19.7
2026-07-18 00:00:00,R201,Arterial,1000,40.72,-73.99,194,48,Rainy,16.5,12.3,0,19.4,17.9
2026-07-18 01:00:00,R201,Arterial,1000,40.72,-73.99,205,48,Rainy,16.5,12.3,0,20.5,19.4
2026-07-18 02:00:00,R201,Arterial,1000,40.72,-73.99,189,48,Rainy,16.5,12.3,0,18.9,20.5
2026-07-18 03:00:00,R201,Arterial,1000,40.72,-73.99,223,14,Rainy,16.5,12.3,1,22.3,18.9
2026-07-18 04:00:00,R201,Arterial,1000,40.72,-73.99,182,48,Rainy,16.5,12.3,0,18.2,22.3
2026-07-18 05:00:00,R201,Arterial,1000,40.72,-73.99,195,48,Rainy,16.5,12.3,0,19.5,18.2
2026-07-18 06:00:00,R201,Arterial,1000,40.72,-73.99,221,48,Rainy,16.5,12.3,0,22.1,19.5
2026-07-18 07:00:00,R201,Arterial,1000,40.72,-73.99,182,48,Rainy,16.5,12.3,0,18.2,22.1
2026-07-18 08:00:00,R201,Arterial,1000,40.72,-73.99,215,48,Rainy,16.5,12.3,0,21.5,18.2
2026-07-18 09:00:00,R201,Arterial,1000,40.72,-73.99,200,48,Rainy,16.5,12.3,0,20.0,21.5
2026-07-18 10:00:00,R201,Arterial,1000,40.72,-73.99,176,48,Rainy,16.5,12.3,0,17.6,20.0
2026-07-18 11:00:00,R201,Arterial,1000,40.72,-73.99,599,30,Rainy,16.5,12.3,0,59.9,17.6
2026-07-18 12:00:00,R201,Arterial,1000,40.72,-73.99,668,27,Rainy,16.5,12.3,0,66.8,59.9
2026-07-18 13:00:00,R201,Arterial,1000,40.72,-73.99,667,27,Rainy,16.5,12.3,0,66.7,66.8
2026-07-18 14:00:00,R201,Arterial,1000,40.72,-73.99,648,28,Rainy,16.5,12.3,0,64.8,66.7
2026-07-18 15:00:00,R201,Arterial,1000,40.72,-73.99,606,30,Rainy,16.5,12.3,0,60.6,64.8
2026-07-18 16:00:00,R201,Arterial,1000,40.72,-73.99,596,30,Rainy,16.5,12.3,0,59.6,60.6
2026-07-18 17:00:00,R201,Arterial,1000,40.72,-73.99,688,26,Rainy,16.5,12.3,0,68.8,59.6
2026-07-18 18:00:00,R201,Arterial,1000,40.72,-73.99,683,27,Rainy,16.5,12.3,0,68.3,68.8
2026-07-18 19:00:00,R201,Arterial,1000,40.72,-73.99,677,27,Rainy,16.5,12.3,0,67.7,68.3
2026-07-18 20:00:00,R201,Arterial,1000,40.72,-73.99,630,29,Rainy,16.5,12.3,0,63.0,67.7
2026-07-18 21:00:00,R201,Arterial,1000,40.72,-73.99,227,48,Rainy,16.5,12.3,0,22.7,63.0
2026-07-18 22:00:00,R201,Arterial,1000,40.72,-73.99,189,48,Rainy,16.5,12.3,0,18.9,22.7
2026-07-18 23:00:00,R201,Arterial,1000,40.72,-73.99,216,48,Rainy,16.5,12.3,0,21.6,18.9
2026-07-19 00:00:00,R201,Arterial,1000,40.72,-73.99,181,48,Heavy Rain,11.0,2.9,0,18.1,21.6
2026-07-19 01:00:00,R201,Arterial,1000,40.72,-73.99,175,48,Heavy Rain,11.0,2.9,0,17.5,18.1
2026-07-19 02:00:00,R201,Arterial,1000,40.72,-73.99,190,48,Heavy Rain,11.0,2.9,0,19.0,17.5
2026-07-19 03:00:00,R201,Arterial,1000,40.72,-73.99,158,48,Heavy Rain,11.0,2.9,0,15.8,19.0
2026-07-19 04:00:00,R201,Arterial,1000,40.72,-73.99,202,48,Heavy Rain,11.0,2.9,0,20.2,15.8
2026-07-19 05:00:00,R201,Arterial,1000,40.72,-73.99,178,48,Heavy Rain,11.0,2.9,0,17.8,20.2
2026-07-19 06:00:00,R201,Arterial,1000,40.72,-73.99,194,48,Heavy Rain,11.0,2.9,0,19.4,17.8
2026-07-19 07:00:00,R201,Arterial,1000,40.72,-73.99,153,48,Heavy Rain,11.0,2.9,0,15.3,19.4
2026-07-19 08:00:00,R201,Arterial,1000,40.72,-73.99,162,48,Heavy Rain,11.0,2.9,0,16.2,15.3
2026-07-19 09:00:00,R201,Arterial,1000,40.72,-73.99,175,48,Heavy Rain,11.0,2.9,0,17.5,16.2
2026-07-19 10:00:00,R201,Arterial,1000,40.72,-73.99,161,48,Heavy Rain,11.0,2.9,0,16.1,17.5
2026-07-19 11:00:00,R201,Arterial,1000,40.72,-73.99,606,30,Heavy Rain,11.0,2.9,0,60.6,16.1
2026-07-19 12:00:00,R201,Arterial,1000,40.72,-73.99,699,26,Heavy Rain,11.0,2.9,0,69.9,60.6
2026-07-19 13:00:00,R201,Arterial,1000,40.72,-73.99,561,32,Heavy Rain,11.0,2.9,0,56.1,69.9
2026-07-19 14:00:00,R201,Arterial,1000,40.72,-73.99,570,32,Heavy Rain,11.0,2.9,0,57.0,56.1
2026-07-19 15:00:00,R201,Arterial,1000,40.72,-73.99,580,31,Heavy Rain,11.0,2.9,0,58.0,57.0
2026-07-19 16:00:00,R201,Arterial,1000,40.72,-73.99,601,30,Heavy Rain,11.0,2.9,0,60.1,58.0
2026-07-19 17:00:00,R201,Arterial,1000,40.72,-73.99,615,29,Heavy Rain,11.0,2.9,0,61.5,60.1
2026-07-19 18:00:00,R201,Arterial,1000,40.72,-73.99,605,30,Heavy Rain,11.0,2.9,0,60.5,61.5
2026-07-19 19:00:00,R201,Arterial,1000,40.72,-73.99,605,30,Heavy Rain,11.0,2.9,0,60.5,60.5
2026-07-19 20:00:00,R201,Arterial,1000,40.72,-73.99,574,31,Heavy Rain,11.0,2.9,0,57.4,60.5
2026-07-19 21:00:00,R201,Arterial,1000,40.72,-73.99,202,48,Heavy Rain,11.0,2.9,0,20.2,57.4
2026-07-19 22:00:00,R201,Arterial,1000,40.72,-73.99,193,48,Heavy Rain,11.0,2.9,0,19.3,20.2
2026-07-19 23:00:00,R201,Arterial,1000,40.72,-73.99,153,48,Heavy Rain,11.0,2.9,0,15.3,19.3
2026-07-20 00:00:00,R201,Arterial,1000,40.72,-73.99,212,48,Rainy,10.5,13.6,0,21.2,15.3
2026-07-20 01:00:00,R201,Arterial,1000,40.72,-73.99,206,48,Rainy,10.5,13.6,0,20.6,21.2
2026-07-20 02:00:00,R201,Arterial,1000,40.72,-73.99,192,48,Rainy,10.5,13.6,0,19.2,20.6
2026-07-20 03:00:00,R201,Arterial,1000,40.72,-73.99,207,48,Rainy,10.5,13.6,0,20.7,19.2
2026-07-20 04:00:00,R201,Arterial,1000,40.72,-73.99,213,48,Rainy,10.5,13.6,0,21.3,20.7
2026-07-20 05:00:00,R201,Arterial,1000,40.72,-73.99,206,48,Rainy,10.5,13.6,0,20.6,21.3
2026-07-20 06:00:00,R201,Arterial,1000,40.72,-73.99,194,48,Rainy,10.5,13.6,0,19.4,20.6
2026-07-20 07:00:00,R201,Arterial,1000,40.72,-73.99,825,21,Rainy,10.5,13.6,0,82.5,19.4
2026-07-20 08:00:00,R201,Arterial,1000,40.72,-73.99,1025,16,Rainy,10.5,13.6,0,102.5,82.5
2026-07-20 09:00:00,R201,Arterial,1000,40.72,-73.99,871,20,Rainy,10.5,13.6,0,87.1,102.5
2026-07-20 10:00:00,R201,Arterial,1000,40.72,-73.99,648,28,Rainy,10.5,13.6,0,64.8,87.1
2026-07-20 11:00:00,R201,Arterial,1000,40.72,-73.99,639,8,Rainy,10.5,13.6,1,63.9,64.8
2026-07-20 12:00:00,R201,Arterial,1000,40.72,-73.99,549,33,Rainy,10.5,13.6,0,54.9,63.9
2026-07-20 13:00:00,R201,Arterial,1000,40.72,-73.99,593,30,Rainy,10.5,13.6,0,59.3,54.9
2026-07-20 14:00:00,R201,Arterial,1000,40.72,-73.99,677,27,Rainy,10.5,13.6,0,67.7,59.3
2026-07-20 15:00:00,R201,Arterial,1000,40.72,-73.99,536,33,Rainy,10.5,13.6,0,53.6,67.7
2026-07-20 16:00:00,R201,Arterial,1000,40.72,-73.99,815,22,Rainy,10.5,13.6,0,81.5,53.6
2026-07-20 17:00:00,R201,Arterial,1000,40.72,-73.99,895,19,Rainy,10.5,13.6,0,89.5,81.5
2026-07-20 18:00:00,R201,Arterial,1000,40.72,-73.99,975,17,Rainy,10.5,13.6,0,97.5,89.5
2026-07-20 19:00:00,R201,Arterial,1000,40.72,-73.99,976,17,Rainy,10.5,13.6,0,97.6,97.5
2026-07-20 20:00:00,R201,Arterial,1000,40.72,-73.99,226,48,Rainy,10.5,13.6,0,22.6,97.6
2026-07-20 21:00:00,R201,Arterial,1000,40.72,-73.99,196,48,Rainy,10.5,13.6,0,19.6,22.6
2026-07-20 22:00:00,R201,Arterial,1000,40.72,-73.99,211,48,Rainy,10.5,13.6,0,21.1,19.6
2026-07-20 23:00:00,R201,Arterial,1000,40.72,-73.99,193,48,Rainy,10.5,13.6,0,19.3,21.1
2026-07-21 00:00:00,R201,Arterial,1000,40.72,-73.99,223,60,Clear,29.5,0.0,0,22.3,19.3
2026-07-21 01:00:00,R201,Arterial,1000,40.72,-73.99,201,60,Clear,29.5,0.0,0,20.1,22.3
2026-07-21 02:00:00,R201,Arterial,1000,40.72,-73.99,217,60,Clear,29.5,0.0,0,21.7,20.1
2026-07-21 03:00:00,R201,Arterial,1000,40.72,-73.99,190,60,Clear,29.5,0.0,0,19.0,21.7
2026-07-21 04:00:00,R201,Arterial,1000,40.72,-73.99,193,60,Clear,29.5,0.0,0,19.3,19.0
2026-07-21 05:00:00,R201,Arterial,1000,40.72,-73.99,177,60,Clear,29.5,0.0,0,17.7,19.3
2026-07-21 06:00:00,R201,Arterial,1000,40.72,-73.99,213,60,Clear,29.5,0.0,0,21.3,17.7
2026-07-21 07:00:00,R201,Arterial,1000,40.72,-73.99,985,21,Clear,29.5,0.0,0,98.5,21.3
2026-07-21 08:00:00,R201,Arterial,1000,40.72,-73.99,918,23,Clear,29.5,0.0,0,91.8,98.5
2026-07-21 09:00:00,R201,Arterial,1000,40.72,-73.99,908,24,Clear,29.5,0.0,0,90.8,91.8
2026-07-21 10:00:00,R201,Arterial,1000,40.72,-73.99,548,41,Clear,29.5,0.0,0,54.8,90.8
2026-07-21 11:00:00,R201,Arterial,1000,40.72,-73.99,538,41,Clear,29.5,0.0,0,53.8,54.8
2026-07-21 12:00:00,R201,Arterial,1000,40.72,-73.99,664,34,Clear,29.5,0.0,0,66.4,53.8
2026-07-21 13:00:00,R201,Arterial,1000,40.72,-73.99,619,37,Clear,29.5,0.0,0,61.9,66.4
2026-07-21 14:00:00,R201,Arterial,1000,40.72,-73.99,687,33,Clear,29.5,0.0,0,68.7,61.9
2026-07-21 15:00:00,R201,Arterial,1000,40.72,-73.99,556,40,Clear,29.5,0.0,0,55.6,68.7
2026-07-21 16:00:00,R201,Arterial,1000,40.72,-73.99,1057,19,Clear,29.5,0.0,0,105.7,55.6
2026-07-21 17:00:00,R201,Arterial,1000,40.72,-73.99,850,26,Clear,29.5,0.0,0,85.0,105.7
2026-07-21 18:00:00,R201,Arterial,1000,40.72,-73.99,1060,19,Clear,29.5,0.0,0,106.0,85.0
2026-07-21 19:00:00,R201,Arterial,1000,40.72,-73.99,925,23,Clear,29.5,0.0,0,92.5,106.0
2026-07-21 20:00:00,R201,Arterial,1000,40.72,-73.99,213,60,Clear,29.5,0.0,0,21.3,92.5
2026-07-21 21:00:00,R201,Arterial,1000,40.72,-73.99,222,60,Clear,29.5,0.0,0,22.2,21.3
2026-07-21 22:00:00,R201,Arterial,1000,40.72,-73.99,212,60,Clear,29.5,0.0,0,21.2,22.2
2026-07-21 23:00:00,R201,Arterial,1000,40.72,-73.99,177,60,Clear,29.5,0.0,0,17.7,21.2
2026-07-22 00:00:00,R201,Arterial,1000,40.72,-73.99,180,48,Rainy,17.2,4.6,0,18.0,17.7
2026-07-22 01:00:00,R201,Arterial,1000,40.72,-73.99,190,48,Rainy,17.2,4.6,0,19.0,18.0
2026-07-22 02:00:00,R201,Arterial,1000,40.72,-73.99,205,48,Rainy,17.2,4.6,0,20.5,19.0
2026-07-22 03:00:00,R201,Arterial,1000,40.72,-73.99,173,48,Rainy,17.2,4.6,0,17.3,20.5
2026-07-22 04:00:00,R201,Arterial,1000,40.72,-73.99,202,48,Rainy,17.2,4.6,0,20.2,17.3
2026-07-22 05:00:00,R201,Arterial,1000,40.72,-73.99,204,48,Rainy,17.2,4.6,0,20.4,20.2
2026-07-22 06:00:00,R201,Arterial,1000,40.72,-73.99,243,14,Rainy,17.2,4.6,1,24.3,20.4
2026-07-22 07:00:00,R201,Arterial,1000,40.72,-73.99,895,19,Rainy,17.2,4.6,0,89.5,24.3
2026-07-22 08:00:00,R201,Arterial,1000,40.72,-73.99,785,23,Rainy,17.2,4.6,0,78.5,89.5
2026-07-22 09:00:00,R201,Arterial,1000,40.72,-73.99,786,23,Rainy,17.2,4.6,0,78.6,78.5
2026-07-22 10:00:00,R201,Arterial,1000,40.72,-73.99,685,26,Rainy,17.2,4.6,0,68.5,78.6
2026-07-22 11:00:00,R201,Arterial,1000,40.72,-73.99,548,33,Rainy,17.2,4.6,0,54.8,68.5
2026-07-22 12:00:00,R201,Arterial,1000,40.72,-73.99,638,28,Rainy,17.2,4.6,0,63.8,54.8
2026-07-22 13:00:00,R201,Arterial,1000,40.72,-73.99,638,28,Rainy,17.2,4.6,0,63.8,63.8
2026-07-22 14:00:00,R201,Arterial,1000,40.72,-73.99,588,31,Rainy,17.2,4.6,0,58.8,63.8
2026-07-22 15:00:00,R201,Arterial,1000,40.72,-73.99,627,29,Rainy,17.2,4.6,0,62.7,58.8
2026-07-22 16:00:00,R201,Arterial,1000,40.72,-73.99,945,18,Rainy,17.2,4.6,0,94.5,62.7
2026-07-22 17:00:00,R201,Arterial,1000,40.72,-73.99,850,21,Rainy,17.2,4.6,0,85.0,94.5
2026-07-22 18:00:00,R201,Arterial,1000,40.72,-73.99,828,21,Rainy,17.2,4.6,0,82.8,85.0
2026-07-22 19:00:00,R201,Arterial,1000,40.72,-73.99,852,20,Rainy,17.2,4.6,0,85.2,82.8
2026-07-22 20:00:00,R201,Arterial,1000,40.72,-73.99,192,48,Rainy,17.2,4.6,0,19.2,85.2
2026-07-22 21:00:00,R201,Arterial,1000,40.72,-73.99,220,48,Rainy,17.2,4.6,0,22.0,19.2
2026-07-22 22:00:00,R201,Arterial,1000,40.72,-73.99,217,48,Rainy,17.2,4.6,0,21.7,22.0
2026-07-22 23:00:00,R201,Arterial,1000,40.72,-73.99,210,48,Rainy,17.2,4.6,0,21.0,21.7
2026-07-23 00:00:00,R201,Arterial,1000,40.72,-73.99,199,60,Cloudy,17.2,13.4,0,19.9,21.0
2026-07-23 01:00:00,R201,Arterial,1000,40.72,-73.99,194,60,Cloudy,17.2,13.4,0,19.4,19.9
2026-07-23 02:00:00,R201,Arterial,1000,40.72,-73.99,212,60,Cloudy,17.2,13.4,0,21.2,19.4
2026-07-23 03:00:00,R201,Arterial,1000,40.72,-73.99,177,60,Cloudy,17.2,13.4,0,17.7,21.2
2026-07-23 04:00:00,R201,Arterial,1000,40.72,-73.99,176,60,Cloudy,17.2,13.4,0,17.6,17.7
2026-07-23 05:00:00,R201,Arterial,1000,40.72,-73.99,190,60,Cloudy,17.2,13.4,0,19.0,17.6
2026-07-23 06:00:00,R201,Arterial,1000,40.72,-73.99,172,60,Cloudy,17.2,13.4,0,17.2,19.0
2026-07-23 07:00:00,R201,Arterial,1000,40.72,-73.99,883,25,Cloudy,17.2,13.4,0,88.3,17.2
2026-07-23 08:00:00,R201,Arterial,1000,40.72,-73.99,1012,20,Cloudy,17.2,13.4,0,101.2,88.3
2026-07-23 09:00:00,R201,Arterial,1000,40.72,-73.99,842,26,Cloudy,17.2,13.4,0,84.2,101.2
2026-07-23 10:00:00,R201,Arterial,1000,40.72,-73.99,560,40,Cloudy,17.2,13.4,0,56.0,84.2
2026-07-23 11:00:00,R201,Arterial,1000,40.72,-73.99,669,34,Cloudy,17.2,13.4,0,66.9,56.0
2026-07-23 12:00:00,R201,Arterial,1000,40.72,-73.99,588,38,Cloudy,17.2,13.4,0,58.8,66.9
2026-07-23 13:00:00,R201,Arterial,1000,40.72,-73.99,638,36,Cloudy,17.2,13.4,0,63.8,58.8
2026-07-23 14:00:00,R201,Arterial,1000,40.72,-73.99,529,42,Cloudy,17.2,13.4,0,52.9,63.8
2026-07-23 15:00:00,R201,Arterial,1000,40.72,-73.99,555,40,Cloudy,17.2,13.4,0,55.5,52.9
2026-07-23 16:00:00,R201,Arterial,1000,40.72,-73.99,1064,19,Cloudy,17.2,13.4,0,106.4,55.5
2026-07-23 17:00:00,R201,Arterial,1000,40.72,-73.99,970,21,Cloudy,17.2,13.4,0,97.0,106.4
2026-07-23 18:00:00,R201,Arterial,1000,40.72,-73.99,1068,18,Cloudy,17.2,13.4,0,106.8,97.0
2026-07-23 19:00:00,R201,Arterial,1000,40.72,-73.99,934,23,Cloudy,17.2,13.4,0,93.4,106.8
2026-07-23 20:00:00,R201,Arterial,1000,40.72,-73.99,229,60,Cloudy,17.2,13.4,0,22.9,93.4
2026-07-23 21:00:00,R201,Arterial,1000,40.72,-73.99,225,60,Cloudy,17.2,13.4,0,22.5,22.9
2026-07-23 22:00:00,R201,Arterial,1000,40.72,-73.99,216,60,Cloudy,17.2,13.4,0,21.6,22.5
2026-07-23 23:00:00,R201,Arterial,1000,40.72,-73.99,211,60,Cloudy,17.2,13.4,0,21.1,21.6
2026-07-24 00:00:00,R201,Arterial,1000,40.72,-73.99,212,60,Clear,22.9,0.0,0,21.2,21.1
2026-07-24 01:00:00,R201,Arterial,1000,40.72,-73.99,177,60,Clear,22.9,0.0,0,17.7,21.2
2026-07-24 02:00:00,R201,Arterial,1000,40.72,-73.99,182,60,Clear,22.9,0.0,0,18.2,17.7
2026-07-24 03:00:00,R201,Arterial,1000,40.72,-73.99,177,60,Clear,22.9,0.0,0,17.7,18.2
2026-07-24 04:00:00,R201,Arterial,1000,40.72,-73.99,200,60,Clear,22.9,0.0,0,20.0,17.7
2026-07-24 05:00:00,R201,Arterial,1000,40.72,-73.99,195,60,Clear,22.9,0.0,0,19.5,20.0
2026-07-24 06:00:00,R201,Arterial,1000,40.72,-73.99,229,60,Clear,22.9,0.0,0,22.9,19.5
2026-07-24 07:00:00,R201,Arterial,1000,40.72,-73.99,932,23,Clear,22.9,0.0,0,93.2,22.9
2026-07-24 08:00:00,R201,Arterial,1000,40.72,-73.99,887,24,Clear,22.9,0.0,0,88.7,93.2
2026-07-24 09:00:00,R201,Arterial,1000,40.72,-73.99,994,21,Clear,22.9,0.0,0,99.4,88.7
2026-07-24 10:00:00,R201,Arterial,1000,40.72,-73.99,625,36,Clear,22.9,0.0,0,62.5,99.4
2026-07-24 11:00:00,R201,Arterial,1000,40.72,-73.99,575,39,Clear,22.9,0.0,0,57.5,62.5
2026-07-24 12:00:00,R201,Arterial,1000,40.72,-73.99,683,33,Clear,22.9,0.0,0,68.3,57.5
2026-07-24 13:00:00,R201,Arterial,1000,40.72,-73.99,652,35,Clear,22.9,0.0,0,65.2,68.3
2026-07-24 14:00:00,R201,Arterial,1000,40.72,-73.99,580,39,Clear,22.9,0.0,0,58.0,65.2
2026-07-24 15:00:00,R201,Arterial,1000,40.72,-73.99,560,40,Clear,22.9,0.0,0,56.0,58.0
2026-07-24 16:00:00,R201,Arterial,1000,40.72,-73.99,808,28,Clear,22.9,0.0,0,80.8,56.0
2026-07-24 17:00:00,R201,Arterial,1000,40.72,-73.99,859,25,Clear,22.9,0.0,0,85.9,80.8
2026-07-24 18:00:00,R201,Arterial,1000,40.72,-73.99,949,22,Clear,22.9,0.0,0,94.9,85.9
2026-07-24 19:00:00,R201,Arterial,1000,40.72,-73.99,822,27,Clear,22.9,0.0,0,82.2,94.9
2026-07-24 20:00:00,R201,Arterial,1000,40.72,-73.99,177,60,Clear,22.9,0.0,0,17.7,82.2
2026-07-24 21:00:00,R201,Arterial,1000,40.72,-73.99,201,60,Clear,22.9,0.0,0,20.1,17.7
2026-07-24 22:00:00,R201,Arterial,1000,40.72,-73.99,225,60,Clear,22.9,0.0,0,22.5,20.1
2026-07-24 23:00:00,R201,Arterial,1000,40.72,-73.99,185,60,Clear,22.9,0.0,0,18.5,22.5
2026-07-25 00:00:00,R201,Arterial,1000,40.72,-73.99,171,60,Clear,25.7,0.0,0,17.1,18.5
2026-07-25 01:00:00,R201,Arterial,1000,40.72,-73.99,176,60,Clear,25.7,0.0,0,17.6,17.1
2026-07-25 02:00:00,R201,Arterial,1000,40.72,-73.99,206,60,Clear,25.7,0.0,0,20.6,17.6
2026-07-25 03:00:00,R201,Arterial,1000,40.72,-73.99,191,60,Clear,25.7,0.0,0,19.1,20.6
2026-07-25 04:00:00,R201,Arterial,1000,40.72,-73.99,180,60,Clear,25.7,0.0,0,18.0,19.1
2026-07-25 05:00:00,R201,Arterial,1000,40.72,-73.99,172,60,Clear,25.7,0.0,0,17.2,18.0
2026-07-25 06:00:00,R201,Arterial,1000,40.72,-73.99,210,60,Clear,25.7,0.0,0,21.0,17.2
2026-07-25 07:00:00,R201,Arterial,1000,40.72,-73.99,195,60,Clear,25.7,0.0,0,19.5,21.0
2026-07-25 08:00:00,R201,Arterial,1000,40.72,-73.99,181,60,Clear,25.7,0.0,0,18.1,19.5
2026-07-25 09:00:00,R201,Arterial,1000,40.72,-73.99,209,60,Clear,25.7,0.0,0,20.9,18.1
2026-07-25 10:00:00,R201,Arterial,1000,40.72,-73.99,219,60,Clear,25.7,0.0,0,21.9,20.9
2026-07-25 11:00:00,R201,Arterial,1000,40.72,-73.99,655,35,Clear,25.7,0.0,0,65.5,21.9
2026-07-25 12:00:00,R201,Arterial,1000,40.72,-73.99,759,30,Clear,25.7,0.0,0,75.9,65.5
2026-07-25 13:00:00,R201,Arterial,1000,40.72,-73.99,711,32,Clear,25.7,0.0,0,71.1,75.9
2026-07-25 14:00:00,R201,Arterial,1000,40.72,-73.99,645,35,Clear,25.7,0.0,0,64.5,71.1
2026-07-25 15:00:00,R201,Arterial,1000,40.72,-73.99,724,9,Clear,25.7,0.0,1,72.4,64.5
2026-07-25 16:00:00,R201,Arterial,1000,40.72,-73.99,548,41,Clear,25.7,0.0,0,54.8,72.4
2026-07-25 17:00:00,R201,Arterial,1000,40.72,-73.99,552,41,Clear,25.7,0.0,0,55.2,54.8
2026-07-25 18:00:00,R201,Arterial,1000,40.72,-73.99,616,37,Clear,25.7,0.0,0,61.6,55.2
2026-07-25 19:00:00,R201,Arterial,1000,40.72,-73.99,584,39,Clear,25.7,0.0,0,58.4,61.6
2026-07-25 20:00:00,R201,Arterial,1000,40.72,-73.99,648,35,Clear,25.7,0.0,0,64.8,58.4
2026-07-25 21:00:00,R201,Arterial,1000,40.72,-73.99,172,60,Clear,25.7,0.0,0,17.2,64.8
2026-07-25 22:00:00,R201,Arterial,1000,40.72,-73.99,217,60,Clear,25.7,0.0,0,21.7,17.2
2026-07-25 23:00:00,R201,Arterial,1000,40.72,-73.99,212,60,Clear,25.7,0.0,0,21.2,21.7
2026-07-26 00:00:00,R201,Arterial,1000,40.72,-73.99,190,60,Clear,24.4,0.0,0,19.0,21.2
2026-07-26 01:00:00,R201,Arterial,1000,40.72,-73.99,224,60,Clear,24.4,0.0,0,22.4,19.0
2026-07-26 02:00:00,R201,Arterial,1000,40.72,-73.99,175,60,Clear,24.4,0.0,0,17.5,22.4
2026-07-26 03:00:00,R201,Arterial,1000,40.72,-73.99,201,60,Clear,24.4,0.0,0,20.1,17.5
2026-07-26 04:00:00,R201,Arterial,1000,40.72,-73.99,196,60,Clear,24.4,0.0,0,19.6,20.1
2026-07-26 05:00:00,R201,Arterial,1000,40.72,-73.99,177,60,Clear,24.4,0.0,0,17.7,19.6
2026-07-26 06:00:00,R201,Arterial,1000,40.72,-73.99,186,60,Clear,24.4,0.0,0,18.6,17.7
2026-07-26 07:00:00,R201,Arterial,1000,40.72,-73.99,208,60,Clear,24.4,0.0,0,20.8,18.6
2026-07-26 08:00:00,R201,Arterial,1000,40.72,-73.99,210,60,Clear,24.4,0.0,0,21.0,20.8
2026-07-26 09:00:00,R201,Arterial,1000,40.72,-73.99,198,60,Clear,24.4,0.0,0,19.8,21.0
2026-07-26 10:00:00,R201,Arterial,1000,40.72,-73.99,213,60,Clear,24.4,0.0,0,21.3,19.8
2026-07-26 11:00:00,R201,Arterial,1000,40.72,-73.99,792,28,Clear,24.4,0.0,0,79.2,21.3
2026-07-26 12:00:00,R201,Arterial,1000,40.72,-73.99,737,31,Clear,24.4,0.0,0,73.7,79.2
2026-07-26 13:00:00,R201,Arterial,1000,40.72,-73.99,690,33,Clear,24.4,0.0,0,69.0,73.7
2026-07-26 14:00:00,R201,Arterial,1000,40.72,-73.99,648,35,Clear,24.4,0.0,0,64.8,69.0
2026-07-26 15:00:00,R201,Arterial,1000,40.72,-73.99,775,8,Clear,24.4,0.0,1,77.5,64.8
2026-07-26 16:00:00,R201,Arterial,1000,40.72,-73.99,566,40,Clear,24.4,0.0,0,56.6,77.5
2026-07-26 17:00:00,R201,Arterial,1000,40.72,-73.99,676,34,Clear,24.4,0.0,0,67.6,56.6
2026-07-26 18:00:00,R201,Arterial,1000,40.72,-73.99,648,35,Clear,24.4,0.0,0,64.8,67.6
2026-07-26 19:00:00,R201,Arterial,1000,40.72,-73.99,544,41,Clear,24.4,0.0,0,54.4,64.8
2026-07-26 20:00:00,R201,Arterial,1000,40.72,-73.99,579,39,Clear,24.4,0.0,0,57.9,54.4
2026-07-26 21:00:00,R201,Arterial,1000,40.72,-73.99,177,60,Clear,24.4,0.0,0,17.7,57.9
2026-07-26 22:00:00,R201,Arterial,1000,40.72,-73.99,220,60,Clear,24.4,0.0,0,22.0,17.7
2026-07-26 23:00:00,R201,Arterial,1000,40.72,-73.99,174,60,Clear,24.4,0.0,0,17.4,22.0
2026-07-27 00:00:00,R201,Arterial,1000,40.72,-73.99,205,60,Cloudy,15.8,0.0,0,20.5,17.4
2026-07-27 01:00:00,R201,Arterial,1000,40.72,-73.99,194,60,Cloudy,15.8,0.0,0,19.4,20.5
2026-07-27 02:00:00,R201,Arterial,1000,40.72,-73.99,199,60,Cloudy,15.8,0.0,0,19.9,19.4
2026-07-27 03:00:00,R201,Arterial,1000,40.72,-73.99,197,60,Cloudy,15.8,0.0,0,19.7,19.9
2026-07-27 04:00:00,R201,Arterial,1000,40.72,-73.99,176,60,Cloudy,15.8,0.0,0,17.6,19.7
2026-07-27 05:00:00,R201,Arterial,1000,40.72,-73.99,175,60,Cloudy,15.8,0.0,0,17.5,17.6
2026-07-27 06:00:00,R201,Arterial,1000,40.72,-73.99,205,60,Cloudy,15.8,0.0,0,20.5,17.5
2026-07-27 07:00:00,R201,Arterial,1000,40.72,-73.99,893,24,Cloudy,15.8,0.0,0,89.3,20.5
2026-07-27 08:00:00,R201,Arterial,1000,40.72,-73.99,816,27,Cloudy,15.8,0.0,0,81.6,89.3
2026-07-27 09:00:00,R201,Arterial,1000,40.72,-73.99,779,29,Cloudy,15.8,0.0,0,77.9,81.6
2026-07-27 10:00:00,R201,Arterial,1000,40.72,-73.99,575,39,Cloudy,15.8,0.0,0,57.5,77.9
2026-07-27 11:00:00,R201,Arterial,1000,40.72,-73.99,556,40,Cloudy,15.8,0.0,0,55.6,57.5
2026-07-27 12:00:00,R201,Arterial,1000,40.72,-73.99,536,42,Cloudy,15.8,0.0,0,53.6,55.6
2026-07-27 13:00:00,R201,Arterial,1000,40.72,-73.99,570,40,Cloudy,15.8,0.0,0,57.0,53.6
2026-07-27 14:00:00,R201,Arterial,1000,40.72,-73.99,596,38,Cloudy,15.8,0.0,0,59.6,57.0
2026-07-27 15:00:00,R201,Arterial,1000,40.72,-73.99,511,43,Cloudy,15.8,0.0,0,51.1,59.6
2026-07-27 16:00:00,R201,Arterial,1000,40.72,-73.99,937,23,Cloudy,15.8,0.0,0,93.7,51.1
2026-07-27 17:00:00,R201,Arterial,1000,40.72,-73.99,972,21,Cloudy,15.8,0.0,0,97.2,93.7
2026-07-27 18:00:00,R201,Arterial,1000,40.72,-73.99,984,21,Cloudy,15.8,0.0,0,98.4,97.2
2026-07-27 19:00:00,R201,Arterial,1000,40.72,-73.99,919,23,Cloudy,15.8,0.0,0,91.9,98.4
2026-07-27 20:00:00,R201,Arterial,1000,40.72,-73.99,189,60,Cloudy,15.8,0.0,0,18.9,91.9
2026-07-27 21:00:00,R201,Arterial,1000,40.72,-73.99,214,60,Cloudy,15.8,0.0,0,21.4,18.9
2026-07-27 22:00:00,R201,Arterial,1000,40.72,-73.99,199,60,Cloudy,15.8,0.0,0,19.9,21.4
2026-07-27 23:00:00,R201,Arterial,1000,40.72,-73.99,203,60,Cloudy,15.8,0.0,0,20.3,19.9
2026-07-28 00:00:00,R201,Arterial,1000,40.72,-73.99,173,60,Clear,30.4,0.0,0,17.3,20.3
2026-07-28 01:00:00,R201,Arterial,1000,40.72,-73.99,204,60,Clear,30.4,0.0,0,20.4,17.3
2026-07-28 02:00:00,R201,Arterial,1000,40.72,-73.99,191,60,Clear,30.4,0.0,0,19.1,20.4
2026-07-28 03:00:00,R201,Arterial,1000,40.72,-73.99,195,60,Clear,30.4,0.0,0,19.5,19.1
2026-07-28 04:00:00,R201,Arterial,1000,40.72,-73.99,189,60,Clear,30.4,0.0,0,18.9,19.5
2026-07-28 05:00:00,R201,Arterial,1000,40.72,-73.99,189,60,Clear,30.4,0.0,0,18.9,18.9
2026-07-28 06:00:00,R201,Arterial,1000,40.72,-73.99,195,60,Clear,30.4,0.0,0,19.5,18.9
2026-07-28 07:00:00,R201,Arterial,1000,40.72,-73.99,955,22,Clear,30.4,0.0,0,95.5,19.5
2026-07-28 08:00:00,R201,Arterial,1000,40.72,-73.99,1000,20,Clear,30.4,0.0,0,100.0,95.5
2026-07-28 09:00:00,R201,Arterial,1000,40.72,-73.99,989,21,Clear,30.4,0.0,0,98.9,100.0
2026-07-28 10:00:00,R201,Arterial,1000,40.72,-73.99,675,34,Clear,30.4,0.0,0,67.5,98.9
2026-07-28 11:00:00,R201,Arterial,1000,40.72,-73.99,667,34,Clear,30.4,0.0,0,66.7,67.5
2026-07-28 12:00:00,R201,Arterial,1000,40.72,-73.99,604,38,Clear,30.4,0.0,0,60.4,66.7
2026-07-28 13:00:00,R201,Arterial,1000,40.72,-73.99,618,37,Clear,30.4,0.0,0,61.8,60.4
2026-07-28 14:00:00,R201,Arterial,1000,40.72,-73.99,511,43,Clear,30.4,0.0,0,51.1,61.8
2026-07-28 15:00:00,R201,Arterial,1000,40.72,-73.99,638,36,Clear,30.4,0.0,0,63.8,51.1
2026-07-28 16:00:00,R201,Arterial,1000,40.72,-73.99,979,6,Clear,30.4,0.0,1,97.9,63.8
2026-07-28 17:00:00,R201,Arterial,1000,40.72,-73.99,970,21,Clear,30.4,0.0,0,97.0,97.9
2026-07-28 18:00:00,R201,Arterial,1000,40.72,-73.99,843,26,Clear,30.4,0.0,0,84.3,97.0
2026-07-28 19:00:00,R201,Arterial,1000,40.72,-73.99,1038,19,Clear,30.4,0.0,0,103.8,84.3
2026-07-28 20:00:00,R201,Arterial,1000,40.72,-73.99,219,60,Clear,30.4,0.0,0,21.9,103.8
2026-07-28 21:00:00,R201,Arterial,1000,40.72,-73.99,182,60,Clear,30.4,0.0,0,18.2,21.9
2026-07-28 22:00:00,R201,Arterial,1000,40.72,-73.99,217,60,Clear,30.4,0.0,0,21.7,18.2
2026-07-28 23:00:00,R201,Arterial,1000,40.72,-73.99,224,60,Clear,30.4,0.0,0,22.4,21.7
2026-07-29 00:00:00,R201,Arterial,1000,40.72,-73.99,202,60,Cloudy,16.4,0.0,0,20.2,22.4
2026-07-29 01:00:00,R201,Arterial,1000,40.72,-73.99,223,60,Cloudy,16.4,0.0,0,22.3,20.2
2026-07-29 02:00:00,R201,Arterial,1000,40.72,-73.99,191,60,Cloudy,16.4,0.0,0,19.1,22.3
2026-07-29 03:00:00,R201,Arterial,1000,40.72,-73.99,179,60,Cloudy,16.4,0.0,0,17.9,19.1
2026-07-29 04:00:00,R201,Arterial,1000,40.72,-73.99,223,60,Cloudy,16.4,0.0,0,22.3,17.9
2026-07-29 05:00:00,R201,Arterial,1000,40.72,-73.99,225,60,Cloudy,16.4,0.0,0,22.5,22.3
2026-07-29 06:00:00,R201,Arterial,1000,40.72,-73.99,187,60,Cloudy,16.4,0.0,0,18.7,22.5
2026-07-29 07:00:00,R201,Arterial,1000,40.72,-73.99,832,27,Cloudy,16.4,0.0,0,83.2,18.7
2026-07-29 08:00:00,R201,Arterial,1000,40.72,-73.99,1044,5,Cloudy,16.4,0.0,1,104.4,83.2
2026-07-29 09:00:00,R201,Arterial,1000,40.72,-73.99,923,23,Cloudy,16.4,0.0,0,92.3,104.4
2026-07-29 10:00:00,R201,Arterial,1000,40.72,-73.99,600,38,Cloudy,16.4,0.0,0,60.0,92.3
2026-07-29 11:00:00,R201,Arterial,1000,40.72,-73.99,632,36,Cloudy,16.4,0.0,0,63.2,60.0
2026-07-29 12:00:00,R201,Arterial,1000,40.72,-73.99,677,34,Cloudy,16.4,0.0,0,67.7,63.2
2026-07-29 13:00:00,R201,Arterial,1000,40.72,-73.99,653,35,Cloudy,16.4,0.0,0,65.3,67.7
2026-07-29 14:00:00,R201,Arterial,1000,40.72,-73.99,600,38,Cloudy,16.4,0.0,0,60.0,65.3
2026-07-29 15:00:00,R201,Arterial,1000,40.72,-73.99,663,34,Cloudy,16.4,0.0,0,66.3,60.0
2026-07-29 16:00:00,R201,Arterial,1000,40.72,-73.99,1018,20,Cloudy,16.4,0.0,0,101.8,66.3
2026-07-29 17:00:00,R201,Arterial,1000,40.72,-73.99,1166,5,Cloudy,16.4,0.0,1,116.6,101.8
2026-07-29 18:00:00,R201,Arterial,1000,40.72,-73.99,987,21,Cloudy,16.4,0.0,0,98.7,116.6
2026-07-29 19:00:00,R201,Arterial,1000,40.72,-73.99,845,26,Cloudy,16.4,0.0,0,84.5,98.7
2026-07-29 20:00:00,R201,Arterial,1000,40.72,-73.99,203,60,Cloudy,16.4,0.0,0,20.3,84.5
2026-07-29 21:00:00,R201,Arterial,1000,40.72,-73.99,219,60,Cloudy,16.4,0.0,0,21.9,20.3
2026-07-29 22:00:00,R201,Arterial,1000,40.72,-73.99,224,60,Cloudy,16.4,0.0,0,22.4,21.9
2026-07-29 23:00:00,R201,Arterial,1000,40.72,-73.99,217,60,Cloudy,16.4,0.0,0,21.7,22.4
2026-07-30 00:00:00,R201,Arterial,1000,40.72,-73.99,227,60,Clear,24.5,0.0,0,22.7,21.7
2026-07-30 01:00:00,R201,Arterial,1000,40.72,-73.99,181,60,Clear,24.5,0.0,0,18.1,22.7
2026-07-30 02:00:00,R201,Arterial,1000,40.72,-73.99,210,60,Clear,24.5,0.0,0,21.0,18.1
2026-07-30 03:00:00,R201,Arterial,1000,40.72,-73.99,195,60,Clear,24.5,0.0,0,19.5,21.0
2026-07-30 04:00:00,R201,Arterial,1000,40.72,-73.99,179,60,Clear,24.5,0.0,0,17.9,19.5
2026-07-30 05:00:00,R201,Arterial,1000,40.72,-73.99,181,60,Clear,24.5,0.0,0,18.1,17.9
2026-07-30 06:00:00,R201,Arterial,1000,40.72,-73.99,188,60,Clear,24.5,0.0,0,18.8,18.1
2026-07-30 07:00:00,R201,Arterial,1000,40.72,-73.99,1018,6,Clear,24.5,0.0,1,101.8,18.8
2026-07-30 08:00:00,R201,Arterial,1000,40.72,-73.99,854,26,Clear,24.5,0.0,0,85.4,101.8
2026-07-30 09:00:00,R201,Arterial,1000,40.72,-73.99,830,27,Clear,24.5,0.0,0,83.0,85.4
2026-07-30 10:00:00,R201,Arterial,1000,40.72,-73.99,512,43,Clear,24.5,0.0,0,51.2,83.0
2026-07-30 11:00:00,R201,Arterial,1000,40.72,-73.99,621,37,Clear,24.5,0.0,0,62.1,51.2
2026-07-30 12:00:00,R201,Arterial,1000,40.72,-73.99,525,42,Clear,24.5,0.0,0,52.5,62.1
2026-07-30 13:00:00,R201,Arterial,1000,40.72,-73.99,609,37,Clear,24.5,0.0,0,60.9,52.5
2026-07-30 14:00:00,R201,Arterial,1000,40.72,-73.99,600,38,Clear,24.5,0.0,0,60.0,60.9
2026-07-30 15:00:00,R201,Arterial,1000,40.72,-73.99,530,42,Clear,24.5,0.0,0,53.0,60.0
2026-07-30 16:00:00,R201,Arterial,1000,40.72,-73.99,812,27,Clear,24.5,0.0,0,81.2,53.0
2026-07-30 17:00:00,R201,Arterial,1000,40.72,-73.99,1077,18,Clear,24.5,0.0,0,107.7,81.2
2026-07-30 18:00:00,R201,Arterial,1000,40.72,-73.99,1024,20,Clear,24.5,0.0,0,102.4,107.7
2026-07-30 19:00:00,R201,Arterial,1000,40.72,-73.99,1089,18,Clear,24.5,0.0,0,108.9,102.4
2026-07-30 20:00:00,R201,Arterial,1000,40.72,-73.99,187,60,Clear,24.5,0.0,0,18.7,108.9
2026-07-30 21:00:00,R201,Arterial,1000,40.72,-73.99,170,60,Clear,24.5,0.0,0,17.0,18.7
2026-07-30 22:00:00,R201,Arterial,1000,40.72,-73.99,193,60,Clear,24.5,0.0,0,19.3,17.0
2026-07-30 23:00:00,R201,Arterial,1000,40.72,-73.99,193,60,Clear,24.5,0.0,0,19.3,19.3
2026-07-31 00:00:00,R201,Arterial,1000,40.72,-73.99,228,60,Clear,25.7,0.0,0,22.8,19.3
2026-07-31 01:00:00,R201,Arterial,1000,40.72,-73.99,182,60,Clear,25.7,0.0,0,18.2,22.8
2026-07-31 02:00:00,R201,Arterial,1000,40.72,-73.99,228,60,Clear,25.7,0.0,0,22.8,18.2
2026-07-31 03:00:00,R201,Arterial,1000,40.72,-73.99,189,60,Clear,25.7,0.0,0,18.9,22.8
2026-07-31 04:00:00,R201,Arterial,1000,40.72,-73.99,181,60,Clear,25.7,0.0,0,18.1,18.9
2026-07-31 05:00:00,R201,Arterial,1000,40.72,-73.99,192,60,Clear,25.7,0.0,0,19.2,18.1
2026-07-31 06:00:00,R201,Arterial,1000,40.72,-73.99,223,60,Clear,25.7,0.0,0,22.3,19.2
2026-07-31 07:00:00,R201,Arterial,1000,40.72,-73.99,813,27,Clear,25.7,0.0,0,81.3,22.3
2026-07-31 08:00:00,R201,Arterial,1000,40.72,-73.99,826,27,Clear,25.7,0.0,0,82.6,81.3
2026-07-31 09:00:00,R201,Arterial,1000,40.72,-73.99,804,28,Clear,25.7,0.0,0,80.4,82.6
2026-07-31 10:00:00,R201,Arterial,1000,40.72,-73.99,668,34,Clear,25.7,0.0,0,66.8,80.4
2026-07-31 11:00:00,R201,Arterial,1000,40.72,-73.99,591,38,Clear,25.7,0.0,0,59.1,66.8
2026-07-31 12:00:00,R201,Arterial,1000,40.72,-73.99,564,40,Clear,25.7,0.0,0,56.4,59.1
2026-07-31 13:00:00,R201,Arterial,1000,40.72,-73.99,665,34,Clear,25.7,0.0,0,66.5,56.4
2026-07-31 14:00:00,R201,Arterial,1000,40.72,-73.99,580,39,Clear,25.7,0.0,0,58.0,66.5
2026-07-31 15:00:00,R201,Arterial,1000,40.72,-73.99,597,38,Clear,25.7,0.0,0,59.7,58.0
2026-07-31 16:00:00,R201,Arterial,1000,40.72,-73.99,1200,5,Clear,25.7,0.0,1,120.0,59.7
2026-07-31 17:00:00,R201,Arterial,1000,40.72,-73.99,910,24,Clear,25.7,0.0,0,91.0,120.0
2026-07-31 18:00:00,R201,Arterial,1000,40.72,-73.99,869,25,Clear,25.7,0.0,0,86.9,91.0
2026-07-31 19:00:00,R201,Arterial,1000,40.72,-73.99,915,23,Clear,25.7,0.0,0,91.5,86.9
2026-07-31 20:00:00,R201,Arterial,1000,40.72,-73.99,185,60,Clear,25.7,0.0,0,18.5,91.5
2026-07-31 21:00:00,R201,Arterial,1000,40.72,-73.99,210,60,Clear,25.7,0.0,0,21.0,18.5
2026-07-31 22:00:00,R201,Arterial,1000,40.72,-73.99,180,60,Clear,25.7,0.0,0,18.0,21.0
2026-07-31 23:00:00,R201,Arterial,1000,40.72,-73.99,177,60,Clear,25.7,0.0,0,17.7,18.0
2026-08-01 00:00:00,R201,Arterial,1000,40.72,-73.99,174,60,Clear,29.0,0.0,0,17.4,17.7
2026-08-01 01:00:00,R201,Arterial,1000,40.72,-73.99,223,60,Clear,29.0,0.0,0,22.3,17.4
2026-08-01 02:00:00,R201,Arterial,1000,40.72,-73.99,197,60,Clear,29.0,0.0,0,19.7,22.3
2026-08-01 03:00:00,R201,Arterial,1000,40.72,-73.99,189,60,Clear,29.0,0.0,0,18.9,19.7
2026-08-01 04:00:00,R201,Arterial,1000,40.72,-73.99,215,60,Clear,29.0,0.0,0,21.5,18.9
2026-08-01 05:00:00,R201,Arterial,1000,40.72,-73.99,171,60,Clear,29.0,0.0,0,17.1,21.5
2026-08-01 06:00:00,R201,Arterial,1000,40.72,-73.99,175,60,Clear,29.0,0.0,0,17.5,17.1
2026-08-01 07:00:00,R201,Arterial,1000,40.72,-73.99,219,60,Clear,29.0,0.0,0,21.9,17.5
2026-08-01 08:00:00,R201,Arterial,1000,40.72,-73.99,187,60,Clear,29.0,0.0,0,18.7,21.9
2026-08-01 09:00:00,R201,Arterial,1000,40.72,-73.99,228,60,Clear,29.0,0.0,0,22.8,18.7
2026-08-01 10:00:00,R201,Arterial,1000,40.72,-73.99,185,60,Clear,29.0,0.0,0,18.5,22.8
2026-08-01 11:00:00,R201,Arterial,1000,40.72,-73.99,707,32,Clear,29.0,0.0,0,70.7,18.5
2026-08-01 12:00:00,R201,Arterial,1000,40.72,-73.99,627,36,Clear,29.0,0.0,0,62.7,70.7
2026-08-01 13:00:00,R201,Arterial,1000,40.72,-73.99,724,31,Clear,29.0,0.0,0,72.4,62.7
2026-08-01 14:00:00,R201,Arterial,1000,40.72,-73.99,711,32,Clear,29.0,0.0,0,71.1,72.4
2026-08-01 15:00:00,R201,Arterial,1000,40.72,-73.99,612,37,Clear,29.0,0.0,0,61.2,71.1
2026-08-01 16:00:00,R201,Arterial,1000,40.72,-73.99,554,40,Clear,29.0,0.0,0,55.4,61.2
2026-08-01 17:00:00,R201,Arterial,1000,40.72,-73.99,527,42,Clear,29.0,0.0,0,52.7,55.4
2026-08-01 18:00:00,R201,Arterial,1000,40.72,-73.99,655,35,Clear,29.0,0.0,0,65.5,52.7
2026-08-01 19:00:00,R201,Arterial,1000,40.72,-73.99,573,39,Clear,29.0,0.0,0,57.3,65.5
2026-08-01 20:00:00,R201,Arterial,1000,40.72,-73.99,543,41,Clear,29.0,0.0,0,54.3,57.3
2026-08-01 21:00:00,R201,Arterial,1000,40.72,-73.99,187,60,Clear,29.0,0.0,0,18.7,54.3
2026-08-01 22:00:00,R201,Arterial,1000,40.72,-73.99,192,60,Clear,29.0,0.0,0,19.2,18.7
2026-08-01 23:00:00,R201,Arterial,1000,40.72,-73.99,215,60,Clear,29.0,0.0,0,21.5,19.2
2026-08-02 00:00:00,R201,Arterial,1000,40.72,-73.99,181,60,Clear,31.6,0.0,0,18.1,21.5
2026-08-02 01:00:00,R201,Arterial,1000,40.72,-73.99,211,60,Clear,31.6,0.0,0,21.1,18.1
2026-08-02 02:00:00,R201,Arterial,1000,40.72,-73.99,219,60,Clear,31.6,0.0,0,21.9,21.1
2026-08-02 03:00:00,R201,Arterial,1000,40.72,-73.99,198,60,Clear,31.6,0.0,0,19.8,21.9
2026-08-02 04:00:00,R201,Arterial,1000,40.72,-73.99,176,60,Clear,31.6,0.0,0,17.6,19.8
2026-08-02 05:00:00,R201,Arterial,1000,40.72,-73.99,206,60,Clear,31.6,0.0,0,20.6,17.6
2026-08-02 06:00:00,R201,Arterial,1000,40.72,-73.99,224,60,Clear,31.6,0.0,0,22.4,20.6
2026-08-02 07:00:00,R201,Arterial,1000,40.72,-73.99,215,60,Clear,31.6,0.0,0,21.5,22.4
2026-08-02 08:00:00,R201,Arterial,1000,40.72,-73.99,195,60,Clear,31.6,0.0,0,19.5,21.5
2026-08-02 09:00:00,R201,Arterial,1000,40.72,-73.99,170,60,Clear,31.6,0.0,0,17.0,19.5
2026-08-02 10:00:00,R201,Arterial,1000,40.72,-73.99,178,60,Clear,31.6,0.0,0,17.8,17.0
2026-08-02 11:00:00,R201,Arterial,1000,40.72,-73.99,699,32,Clear,31.6,0.0,0,69.9,17.8
2026-08-02 12:00:00,R201,Arterial,1000,40.72,-73.99,676,34,Clear,31.6,0.0,0,67.6,69.9
2026-08-02 13:00:00,R201,Arterial,1000,40.72,-73.99,770,29,Clear,31.6,0.0,0,77.0,67.6
2026-08-02 14:00:00,R201,Arterial,1000,40.72,-73.99,715,32,Clear,31.6,0.0,0,71.5,77.0
2026-08-02 15:00:00,R201,Arterial,1000,40.72,-73.99,781,29,Clear,31.6,0.0,0,78.1,71.5
2026-08-02 16:00:00,R201,Arterial,1000,40.72,-73.99,626,36,Clear,31.6,0.0,0,62.6,78.1
2026-08-02 17:00:00,R201,Arterial,1000,40.72,-73.99,683,33,Clear,31.6,0.0,0,68.3,62.6
2026-08-02 18:00:00,R201,Arterial,1000,40.72,-73.99,625,36,Clear,31.6,0.0,0,62.5,68.3
2026-08-02 19:00:00,R201,Arterial,1000,40.72,-73.99,635,36,Clear,31.6,0.0,0,63.5,62.5
2026-08-02 20:00:00,R201,Arterial,1000,40.72,-73.99,544,41,Clear,31.6,0.0,0,54.4,63.5
2026-08-02 21:00:00,R201,Arterial,1000,40.72,-73.99,181,60,Clear,31.6,0.0,0,18.1,54.4
2026-08-02 22:00:00,R201,Arterial,1000,40.72,-73.99,195,60,Clear,31.6,0.0,0,19.5,18.1
2026-08-02 23:00:00,R201,Arterial,1000,40.72,-73.99,224,60,Clear,31.6,0.0,0,22.4,19.5
2026-08-03 00:00:00,R201,Arterial,1000,40.72,-73.99,215,60,Cloudy,18.0,0.0,0,21.5,22.4
2026-08-03 01:00:00,R201,Arterial,1000,40.72,-73.99,171,60,Cloudy,18.0,0.0,0,17.1,21.5
2026-08-03 02:00:00,R201,Arterial,1000,40.72,-73.99,172,60,Cloudy,18.0,0.0,0,17.2,17.1
2026-08-03 03:00:00,R201,Arterial,1000,40.72,-73.99,222,60,Cloudy,18.0,0.0,0,22.2,17.2
2026-08-03 04:00:00,R201,Arterial,1000,40.72,-73.99,190,60,Cloudy,18.0,0.0,0,19.0,22.2
2026-08-03 05:00:00,R201,Arterial,1000,40.72,-73.99,202,60,Cloudy,18.0,0.0,0,20.2,19.0
2026-08-03 06:00:00,R201,Arterial,1000,40.72,-73.99,192,60,Cloudy,18.0,0.0,0,19.2,20.2
2026-08-03 07:00:00,R201,Arterial,1000,40.72,-73.99,967,22,Cloudy,18.0,0.0,0,96.7,19.2
2026-08-03 08:00:00,R201,Arterial,1000,40.72,-73.99,768,29,Cloudy,18.0,0.0,0,76.8,96.7
2026-08-03 09:00:00,R201,Arterial,1000,40.72,-73.99,868,25,Cloudy,18.0,0.0,0,86.8,76.8
2026-08-03 10:00:00,R201,Arterial,1000,40.72,-73.99,679,33,Cloudy,18.0,0.0,0,67.9,86.8
2026-08-03 11:00:00,R201,Arterial,1000,40.72,-73.99,554,40,Cloudy,18.0,0.0,0,55.4,67.9
2026-08-03 12:00:00,R201,Arterial,1000,40.72,-73.99,678,34,Cloudy,18.0,0.0,0,67.8,55.4
2026-08-03 13:00:00,R201,Arterial,1000,40.72,-73.99,616,37,Cloudy,18.0,0.0,0,61.6,67.8
2026-08-03 14:00:00,R201,Arterial,1000,40.72,-73.99,682,33,Cloudy,18.0,0.0,0,68.2,61.6
2026-08-03 15:00:00,R201,Arterial,1000,40.72,-73.99,539,41,Cloudy,18.0,0.0,0,53.9,68.2
2026-08-03 16:00:00,R201,Arterial,1000,40.72,-73.99,898,24,Cloudy,18.0,0.0,0,89.8,53.9
2026-08-03 17:00:00,R201,Arterial,1000,40.72,-73.99,940,22,Cloudy,18.0,0.0,0,94.0,89.8
2026-08-03 18:00:00,R201,Arterial,1000,40.72,-73.99,1062,5,Cloudy,18.0,0.0,1,106.2,94.0
2026-08-03 19:00:00,R201,Arterial,1000,40.72,-73.99,828,27,Cloudy,18.0,0.0,0,82.8,106.2
2026-08-03 20:00:00,R201,Arterial,1000,40.72,-73.99,201,60,Cloudy,18.0,0.0,0,20.1,82.8
2026-08-03 21:00:00,R201,Arterial,1000,40.72,-73.99,183,60,Cloudy,18.0,0.0,0,18.3,20.1
2026-08-03 22:00:00,R201,Arterial,1000,40.72,-73.99,183,60,Cloudy,18.0,0.0,0,18.3,18.3
2026-08-03 23:00:00,R201,Arterial,1000,40.72,-73.99,199,60,Cloudy,18.0,0.0,0,19.9,18.3
2026-08-04 00:00:00,R201,Arterial,1000,40.72,-73.99,212,48,Rainy,10.1,3.0,0,21.2,19.9
2026-08-04 01:00:00,R201,Arterial,1000,40.72,-73.99,170,48,Rainy,10.1,3.0,0,17.0,21.2
2026-08-04 02:00:00,R201,Arterial,1000,40.72,-73.99,223,48,Rainy,10.1,3.0,0,22.3,17.0
2026-08-04 03:00:00,R201,Arterial,1000,40.72,-73.99,170,48,Rainy,10.1,3.0,0,17.0,22.3
2026-08-04 04:00:00,R201,Arterial,1000,40.72,-73.99,203,48,Rainy,10.1,3.0,0,20.3,17.0
2026-08-04 05:00:00,R201,Arterial,1000,40.72,-73.99,172,48,Rainy,10.1,3.0,0,17.2,20.3
2026-08-04 06:00:00,R201,Arterial,1000,40.72,-73.99,209,48,Rainy,10.1,3.0,0,20.9,17.2
2026-08-04 07:00:00,R201,Arterial,1000,40.72,-73.99,992,5,Rainy,10.1,3.0,1,99.2,20.9
2026-08-04 08:00:00,R201,Arterial,1000,40.72,-73.99,883,20,Rainy,10.1,3.0,0,88.3,99.2
2026-08-04 09:00:00,R201,Arterial,1000,40.72,-73.99,1010,16,Rainy,10.1,3.0,0,101.0,88.3
2026-08-04 10:00:00,R201,Arterial,1000,40.72,-73.99,578,31,Rainy,10.1,3.0,0,57.8,101.0
2026-08-04 11:00:00,R201,Arterial,1000,40.72,-73.99,542,33,Rainy,10.1,3.0,0,54.2,57.8
2026-08-04 12:00:00,R201,Arterial,1000,40.72,-73.99,665,27,Rainy,10.1,3.0,0,66.5,54.2
2026-08-04 13:00:00,R201,Arterial,1000,40.72,-73.99,620,29,Rainy,10.1,3.0,0,62.0,66.5
2026-08-04 14:00:00,R201,Arterial,1000,40.72,-73.99,523,34,Rainy,10.1,3.0,0,52.3,62.0
2026-08-04 15:00:00,R201,Arterial,1000,40.72,-73.99,558,32,Rainy,10.1,3.0,0,55.8,52.3
2026-08-04 16:00:00,R201,Arterial,1000,40.72,-73.99,1003,16,Rainy,10.1,3.0,0,100.3,55.8
2026-08-04 17:00:00,R201,Arterial,1000,40.72,-73.99,1005,16,Rainy,10.1,3.0,0,100.5,100.3
2026-08-04 18:00:00,R201,Arterial,1000,40.72,-73.99,849,21,Rainy,10.1,3.0,0,84.9,100.5
2026-08-04 19:00:00,R201,Arterial,1000,40.72,-73.99,1049,15,Rainy,10.1,3.0,0,104.9,84.9
2026-08-04 20:00:00,R201,Arterial,1000,40.72,-73.99,181,48,Rainy,10.1,3.0,0,18.1,104.9
2026-08-04 21:00:00,R201,Arterial,1000,40.72,-73.99,211,48,Rainy,10.1,3.0,0,21.1,18.1
2026-08-04 22:00:00,R201,Arterial,1000,40.72,-73.99,183,48,Rainy,10.1,3.0,0,18.3,21.1
2026-08-04 23:00:00,R201,Arterial,1000,40.72,-73.99,182,48,Rainy,10.1,3.0,0,18.2,18.3
2026-08-05 00:00:00,R201,Arterial,1000,40.72,-73.99,221,60,Clear,22.3,0.0,0,22.1,18.2
2026-08-05 01:00:00,R201,Arterial,1000,40.72,-73.99,226,60,Clear,22.3,0.0,0,22.6,22.1
2026-08-05 02:00:00,R201,Arterial,1000,40.72,-73.99,216,60,Clear,22.3,0.0,0,21.6,22.6
2026-08-05 03:00:00,R201,Arterial,1000,40.72,-73.99,183,60,Clear,22.3,0.0,0,18.3,21.6
2026-08-05 04:00:00,R201,Arterial,1000,40.72,-73.99,185,60,Clear,22.3,0.0,0,18.5,18.3
2026-08-05 05:00:00,R201,Arterial,1000,40.72,-73.99,180,60,Clear,22.3,0.0,0,18.0,18.5
2026-08-05 06:00:00,R201,Arterial,1000,40.72,-73.99,229,60,Clear,22.3,0.0,0,22.9,18.0
2026-08-05 07:00:00,R201,Arterial,1000,40.72,-73.99,1010,20,Clear,22.3,0.0,0,101.0,22.9
2026-08-05 08:00:00,R201,Arterial,1000,40.72,-73.99,895,24,Clear,22.3,0.0,0,89.5,101.0
2026-08-05 09:00:00,R201,Arterial,1000,40.72,-73.99,805,28,Clear,22.3,0.0,0,80.5,89.5
2026-08-05 10:00:00,R201,Arterial,1000,40.72,-73.99,541,41,Clear,22.3,0.0,0,54.1,80.5
2026-08-05 11:00:00,R201,Arterial,1000,40.72,-73.99,524,42,Clear,22.3,0.0,0,52.4,54.1
2026-08-05 12:00:00,R201,Arterial,1000,40.72,-73.99,801,8,Clear,22.3,0.0,1,80.1,52.4
2026-08-05 13:00:00,R201,Arterial,1000,40.72,-73.99,646,35,Clear,22.3,0.0,0,64.6,80.1
2026-08-05 14:00:00,R201,Arterial,1000,40.72,-73.99,601,38,Clear,22.3,0.0,0,60.1,64.6
2026-08-05 15:00:00,R201,Arterial,1000,40.72,-73.99,564,40,Clear,22.3,0.0,0,56.4,60.1
2026-08-05 16:00:00,R201,Arterial,1000,40.72,-73.99,854,26,Clear,22.3,0.0,0,85.4,56.4
2026-08-05 17:00:00,R201,Arterial,1000,40.72,-73.99,1025,20,Clear,22.3,0.0,0,102.5,85.4
2026-08-05 18:00:00,R201,Arterial,1000,40.72,-73.99,991,21,Clear,22.3,0.0,0,99.1,102.5
2026-08-05 19:00:00,R201,Arterial,1000,40.72,-73.99,913,23,Clear,22.3,0.0,0,91.3,99.1
2026-08-05 20:00:00,R201,Arterial,1000,40.72,-73.99,175,60,Clear,22.3,0.0,0,17.5,91.3
2026-08-05 21:00:00,R201,Arterial,1000,40.72,-73.99,183,60,Clear,22.3,0.0,0,18.3,17.5
2026-08-05 22:00:00,R201,Arterial,1000,40.72,-73.99,208,60,Clear,22.3,0.0,0,20.8,18.3
2026-08-05 23:00:00,R201,Arterial,1000,40.72,-73.99,189,60,Clear,22.3,0.0,0,18.9,20.8
2026-08-06 00:00:00,R201,Arterial,1000,40.72,-73.99,191,60,Cloudy,16.2,0.0,0,19.1,18.9
2026-08-06 01:00:00,R201,Arterial,1000,40.72,-73.99,195,60,Cloudy,16.2,0.0,0,19.5,19.1
2026-08-06 02:00:00,R201,Arterial,1000,40.72,-73.99,191,60,Cloudy,16.2,0.0,0,19.1,19.5
2026-08-06 03:00:00,R201,Arterial,1000,40.72,-73.99,211,60,Cloudy,16.2,0.0,0,21.1,19.1
2026-08-06 04:00:00,R201,Arterial,1000,40.72,-73.99,190,60,Cloudy,16.2,0.0,0,19.0,21.1
2026-08-06 05:00:00,R201,Arterial,1000,40.72,-73.99,229,60,Cloudy,16.2,0.0,0,22.9,19.0
2026-08-06 06:00:00,R201,Arterial,1000,40.72,-73.99,170,60,Cloudy,16.2,0.0,0,17.0,22.9
2026-08-06 07:00:00,R201,Arterial,1000,40.72,-73.99,837,26,Cloudy,16.2,0.0,0,83.7,17.0
2026-08-06 08:00:00,R201,Arterial,1000,40.72,-73.99,897,24,Cloudy,16.2,0.0,0,89.7,83.7
2026-08-06 09:00:00,R201,Arterial,1000,40.72,-73.99,839,26,Cloudy,16.2,0.0,0,83.9,89.7
2026-08-06 10:00:00,R201,Arterial,1000,40.72,-73.99,632,36,Cloudy,16.2,0.0,0,63.2,83.9
2026-08-06 11:00:00,R201,Arterial,1000,40.72,-73.99,574,39,Cloudy,16.2,0.0,0,57.4,63.2
2026-08-06 12:00:00,R201,Arterial,1000,40.72,-73.99,520,43,Cloudy,16.2,0.0,0,52.0,57.4
2026-08-06 13:00:00,R201,Arterial,1000,40.72,-73.99,561,40,Cloudy,16.2,0.0,0,56.1,52.0
2026-08-06 14:00:00,R201,Arterial,1000,40.72,-73.99,648,35,Cloudy,16.2,0.0,0,64.8,56.1
2026-08-06 15:00:00,R201,Arterial,1000,40.72,-73.99,521,43,Cloudy,16.2,0.0,0,52.1,64.8
2026-08-06 16:00:00,R201,Arterial,1000,40.72,-73.99,959,22,Cloudy,16.2,0.0,0,95.9,52.1
2026-08-06 17:00:00,R201,Arterial,1000,40.72,-73.99,901,24,Cloudy,16.2,0.0,0,90.1,95.9
2026-08-06 18:00:00,R201,Arterial,1000,40.72,-73.99,883,25,Cloudy,16.2,0.0,0,88.3,90.1
2026-08-06 19:00:00,R201,Arterial,1000,40.72,-73.99,854,26,Cloudy,16.2,0.0,0,85.4,88.3
2026-08-06 20:00:00,R201,Arterial,1000,40.72,-73.99,226,60,Cloudy,16.2,0.0,0,22.6,85.4
2026-08-06 21:00:00,R201,Arterial,1000,40.72,-73.99,202,60,Cloudy,16.2,0.0,0,20.2,22.6
2026-08-06 22:00:00,R201,Arterial,1000,40.72,-73.99,190,60,Cloudy,16.2,0.0,0,19.0,20.2
2026-08-06 23:00:00,R201,Arterial,1000,40.72,-73.99,209,60,Cloudy,16.2,0.0,0,20.9,19.0
2026-08-07 00:00:00,R201,Arterial,1000,40.72,-73.99,176,60,Clear,25.9,0.0,0,17.6,20.9
2026-08-07 01:00:00,R201,Arterial,1000,40.72,-73.99,190,60,Clear,25.9,0.0,0,19.0,17.6
2026-08-07 02:00:00,R201,Arterial,1000,40.72,-73.99,220,60,Clear,25.9,0.0,0,22.0,19.0
2026-08-07 03:00:00,R201,Arterial,1000,40.72,-73.99,226,60,Clear,25.9,0.0,0,22.6,22.0
2026-08-07 04:00:00,R201,Arterial,1000,40.72,-73.99,202,60,Clear,25.9,0.0,0,20.2,22.6
2026-08-07 05:00:00,R201,Arterial,1000,40.72,-73.99,225,60,Clear,25.9,0.0,0,22.5,20.2
2026-08-07 06:00:00,R201,Arterial,1000,40.72,-73.99,170,60,Clear,25.9,0.0,0,17.0,22.5
2026-08-07 07:00:00,R201,Arterial,1000,40.72,-73.99,772,29,Clear,25.9,0.0,0,77.2,17.0
2026-08-07 08:00:00,R201,Arterial,1000,40.72,-73.99,983,21,Clear,25.9,0.0,0,98.3,77.2
2026-08-07 09:00:00,R201,Arterial,1000,40.72,-73.99,1011,20,Clear,25.9,0.0,0,101.1,98.3
2026-08-07 10:00:00,R201,Arterial,1000,40.72,-73.99,538,41,Clear,25.9,0.0,0,53.8,101.1
2026-08-07 11:00:00,R201,Arterial,1000,40.72,-73.99,628,36,Clear,25.9,0.0,0,62.8,53.8
2026-08-07 12:00:00,R201,Arterial,1000,40.72,-73.99,527,42,Clear,25.9,0.0,0,52.7,62.8
2026-08-07 13:00:00,R201,Arterial,1000,40.72,-73.99,548,41,Clear,25.9,0.0,0,54.8,52.7
2026-08-07 14:00:00,R201,Arterial,1000,40.72,-73.99,685,33,Clear,25.9,0.0,0,68.5,54.8
2026-08-07 15:00:00,R201,Arterial,1000,40.72,-73.99,606,37,Clear,25.9,0.0,0,60.6,68.5
2026-08-07 16:00:00,R201,Arterial,1000,40.72,-73.99,883,25,Clear,25.9,0.0,0,88.3,60.6
2026-08-07 17:00:00,R201,Arterial,1000,40.72,-73.99,1018,20,Clear,25.9,0.0,0,101.8,88.3
2026-08-07 18:00:00,R201,Arterial,1000,40.72,-73.99,894,24,Clear,25.9,0.0,0,89.4,101.8
2026-08-07 19:00:00,R201,Arterial,1000,40.72,-73.99,1000,20,Clear,25.9,0.0,0,100.0,89.4
2026-08-07 20:00:00,R201,Arterial,1000,40.72,-73.99,204,60,Clear,25.9,0.0,0,20.4,100.0
2026-08-07 21:00:00,R201,Arterial,1000,40.72,-73.99,208,60,Clear,25.9,0.0,0,20.8,20.4
2026-08-07 22:00:00,R201,Arterial,1000,40.72,-73.99,207,60,Clear,25.9,0.0,0,20.7,20.8
2026-08-07 23:00:00,R201,Arterial,1000,40.72,-73.99,210,60,Clear,25.9,0.0,0,21.0,20.7
2026-08-08 00:00:00,R201,Arterial,1000,40.72,-73.99,204,60,Clear,22.2,0.0,0,20.4,21.0
2026-08-08 01:00:00,R201,Arterial,1000,40.72,-73.99,179,60,Clear,22.2,0.0,0,17.9,20.4
2026-08-08 02:00:00,R201,Arterial,1000,40.72,-73.99,193,60,Clear,22.2,0.0,0,19.3,17.9
2026-08-08 03:00:00,R201,Arterial,1000,40.72,-73.99,184,60,Clear,22.2,0.0,0,18.4,19.3
2026-08-08 04:00:00,R201,Arterial,1000,40.72,-73.99,223,60,Clear,22.2,0.0,0,22.3,18.4
2026-08-08 05:00:00,R201,Arterial,1000,40.72,-73.99,174,60,Clear,22.2,0.0,0,17.4,22.3
2026-08-08 06:00:00,R201,Arterial,1000,40.72,-73.99,171,60,Clear,22.2,0.0,0,17.1,17.4
2026-08-08 07:00:00,R201,Arterial,1000,40.72,-73.99,177,60,Clear,22.2,0.0,0,17.7,17.1
2026-08-08 08:00:00,R201,Arterial,1000,40.72,-73.99,214,60,Clear,22.2,0.0,0,21.4,17.7
2026-08-08 09:00:00,R201,Arterial,1000,40.72,-73.99,216,60,Clear,22.2,0.0,0,21.6,21.4
2026-08-08 10:00:00,R201,Arterial,1000,40.72,-73.99,199,60,Clear,22.2,0.0,0,19.9,21.6
2026-08-08 11:00:00,R201,Arterial,1000,40.72,-73.99,650,35,Clear,22.2,0.0,0,65.0,19.9
2026-08-08 12:00:00,R201,Arterial,1000,40.72,-73.99,646,35,Clear,22.2,0.0,0,64.6,65.0
2026-08-08 13:00:00,R201,Arterial,1000,40.72,-73.99,737,31,Clear,22.2,0.0,0,73.7,64.6
2026-08-08 14:00:00,R201,Arterial,1000,40.72,-73.99,767,29,Clear,22.2,0.0,0,76.7,73.7
2026-08-08 15:00:00,R201,Arterial,1000,40.72,-73.99,619,37,Clear,22.2,0.0,0,61.9,76.7
2026-08-08 16:00:00,R201,Arterial,1000,40.72,-73.99,617,37,Clear,22.2,0.0,0,61.7,61.9
2026-08-08 17:00:00,R201,Arterial,1000,40.72,-73.99,619,37,Clear,22.2,0.0,0,61.9,61.7
2026-08-08 18:00:00,R201,Arterial,1000,40.72,-73.99,547,41,Clear,22.2,0.0,0,54.7,61.9
2026-08-08 19:00:00,R201,Arterial,1000,40.72,-73.99,529,42,Clear,22.2,0.0,0,52.9,54.7
2026-08-08 20:00:00,R201,Arterial,1000,40.72,-73.99,638,36,Clear,22.2,0.0,0,63.8,52.9
2026-08-08 21:00:00,R201,Arterial,1000,40.72,-73.99,196,60,Clear,22.2,0.0,0,19.6,63.8
2026-08-08 22:00:00,R201,Arterial,1000,40.72,-73.99,224,60,Clear,22.2,0.0,0,22.4,19.6
2026-08-08 23:00:00,R201,Arterial,1000,40.72,-73.99,190,60,Clear,22.2,0.0,0,19.0,22.4
2026-08-09 00:00:00,R201,Arterial,1000,40.72,-73.99,223,60,Clear,31.5,0.0,0,22.3,19.0
2026-08-09 01:00:00,R201,Arterial,1000,40.72,-73.99,192,60,Clear,31.5,0.0,0,19.2,22.3
2026-08-09 02:00:00,R201,Arterial,1000,40.72,-73.99,171,60,Clear,31.5,0.0,0,17.1,19.2
2026-08-09 03:00:00,R201,Arterial,1000,40.72,-73.99,219,60,Clear,31.5,0.0,0,21.9,17.1
2026-08-09 04:00:00,R201,Arterial,1000,40.72,-73.99,190,60,Clear,31.5,0.0,0,19.0,21.9
2026-08-09 05:00:00,R201,Arterial,1000,40.72,-73.99,223,60,Clear,31.5,0.0,0,22.3,19.0
2026-08-09 06:00:00,R201,Arterial,1000,40.72,-73.99,195,60,Clear,31.5,0.0,0,19.5,22.3
2026-08-09 07:00:00,R201,Arterial,1000,40.72,-73.99,180,60,Clear,31.5,0.0,0,18.0,19.5
2026-08-09 08:00:00,R201,Arterial,1000,40.72,-73.99,189,60,Clear,31.5,0.0,0,18.9,18.0
2026-08-09 09:00:00,R201,Arterial,1000,40.72,-73.99,221,60,Clear,31.5,0.0,0,22.1,18.9
2026-08-09 10:00:00,R201,Arterial,1000,40.72,-73.99,208,60,Clear,31.5,0.0,0,20.8,22.1
2026-08-09 11:00:00,R201,Arterial,1000,40.72,-73.99,782,29,Clear,31.5,0.0,0,78.2,20.8
2026-08-09 12:00:00,R201,Arterial,1000,40.72,-73.99,666,34,Clear,31.5,0.0,0,66.6,78.2
2026-08-09 13:00:00,R201,Arterial,1000,40.72,-73.99,639,36,Clear,31.5,0.0,0,63.9,66.6
2026-08-09 14:00:00,R201,Arterial,1000,40.72,-73.99,742,30,Clear,31.5,0.0,0,74.2,63.9
2026-08-09 15:00:00,R201,Arterial,1000,40.72,-73.99,761,30,Clear,31.5,0.0,0,76.1,74.2
2026-08-09 16:00:00,R201,Arterial,1000,40.72,-73.99,545,41,Clear,31.5,0.0,0,54.5,76.1
2026-08-09 17:00:00,R201,Arterial,1000,40.72,-73.99,616,37,Clear,31.5,0.0,0,61.6,54.5
2026-08-09 18:00:00,R201,Arterial,1000,40.72,-73.99,567,40,Clear,31.5,0.0,0,56.7,61.6
2026-08-09 19:00:00,R201,Arterial,1000,40.72,-73.99,642,35,Clear,31.5,0.0,0,64.2,56.7
2026-08-09 20:00:00,R201,Arterial,1000,40.72,-73.99,612,37,Clear,31.5,0.0,0,61.2,64.2
2026-08-09 21:00:00,R201,Arterial,1000,40.72,-73.99,188,60,Clear,31.5,0.0,0,18.8,61.2
2026-08-09 22:00:00,R201,Arterial,1000,40.72,-73.99,207,60,Clear,31.5,0.0,0,20.7,18.8
2026-08-09 23:00:00,R201,Arterial,1000,40.72,-73.99,218,18,Clear,31.5,0.0,1,21.8,20.7
2026-08-10 00:00:00,R201,Arterial,1000,40.72,-73.99,209,60,Cloudy,19.6,0.0,0,20.9,21.8
2026-08-10 01:00:00,R201,Arterial,1000,40.72,-73.99,190,60,Cloudy,19.6,0.0,0,19.0,20.9
2026-08-10 02:00:00,R201,Arterial,1000,40.72,-73.99,224,60,Cloudy,19.6,0.0,0,22.4,19.0
2026-08-10 03:00:00,R201,Arterial,1000,40.72,-73.99,173,60,Cloudy,19.6,0.0,0,17.3,22.4
2026-08-10 04:00:00,R201,Arterial,1000,40.72,-73.99,203,60,Cloudy,19.6,0.0,0,20.3,17.3
2026-08-10 05:00:00,R201,Arterial,1000,40.72,-73.99,229,60,Cloudy,19.6,0.0,0,22.9,20.3
2026-08-10 06:00:00,R201,Arterial,1000,40.72,-73.99,227,60,Cloudy,19.6,0.0,0,22.7,22.9
2026-08-10 07:00:00,R201,Arterial,1000,40.72,-73.99,911,23,Cloudy,19.6,0.0,0,91.1,22.7
2026-08-10 08:00:00,R201,Arterial,1000,40.72,-73.99,833,26,Cloudy,19.6,0.0,0,83.3,91.1
2026-08-10 09:00:00,R201,Arterial,1000,40.72,-73.99,872,25,Cloudy,19.6,0.0,0,87.2,83.3
2026-08-10 10:00:00,R201,Arterial,1000,40.72,-73.99,544,41,Cloudy,19.6,0.0,0,54.4,87.2
2026-08-10 11:00:00,R201,Arterial,1000,40.72,-73.99,553,41,Cloudy,19.6,0.0,0,55.3,54.4
2026-08-10 12:00:00,R201,Arterial,1000,40.72,-73.99,667,34,Cloudy,19.6,0.0,0,66.7,55.3
2026-08-10 13:00:00,R201,Arterial,1000,40.72,-73.99,639,36,Cloudy,19.6,0.0,0,63.9,66.7
2026-08-10 14:00:00,R201,Arterial,1000,40.72,-73.99,530,42,Cloudy,19.6,0.0,0,53.0,63.9
2026-08-10 15:00:00,R201,Arterial,1000,40.72,-73.99,626,36,Cloudy,19.6,0.0,0,62.6,53.0
2026-08-10 16:00:00,R201,Arterial,1000,40.72,-73.99,812,27,Cloudy,19.6,0.0,0,81.2,62.6
2026-08-10 17:00:00,R201,Arterial,1000,40.72,-73.99,875,25,Cloudy,19.6,0.0,0,87.5,81.2
2026-08-10 18:00:00,R201,Arterial,1000,40.72,-73.99,1063,19,Cloudy,19.6,0.0,0,106.3,87.5
2026-08-10 19:00:00,R201,Arterial,1000,40.72,-73.99,918,23,Cloudy,19.6,0.0,0,91.8,106.3
2026-08-10 20:00:00,R201,Arterial,1000,40.72,-73.99,221,60,Cloudy,19.6,0.0,0,22.1,91.8
2026-08-10 21:00:00,R201,Arterial,1000,40.72,-73.99,193,60,Cloudy,19.6,0.0,0,19.3,22.1
2026-08-10 22:00:00,R201,Arterial,1000,40.72,-73.99,205,60,Cloudy,19.6,0.0,0,20.5,19.3
2026-08-10 23:00:00,R201,Arterial,1000,40.72,-73.99,184,60,Cloudy,19.6,0.0,0,18.4,20.5
2026-08-11 00:00:00,R201,Arterial,1000,40.72,-73.99,208,60,Clear,25.0,0.0,0,20.8,18.4
2026-08-11 01:00:00,R201,Arterial,1000,40.72,-73.99,172,60,Clear,25.0,0.0,0,17.2,20.8
2026-08-11 02:00:00,R201,Arterial,1000,40.72,-73.99,170,60,Clear,25.0,0.0,0,17.0,17.2
2026-08-11 03:00:00,R201,Arterial,1000,40.72,-73.99,183,60,Clear,25.0,0.0,0,18.3,17.0
2026-08-11 04:00:00,R201,Arterial,1000,40.72,-73.99,217,60,Clear,25.0,0.0,0,21.7,18.3
2026-08-11 05:00:00,R201,Arterial,1000,40.72,-73.99,178,60,Clear,25.0,0.0,0,17.8,21.7
2026-08-11 06:00:00,R201,Arterial,1000,40.72,-73.99,182,60,Clear,25.0,0.0,0,18.2,17.8
2026-08-11 07:00:00,R201,Arterial,1000,40.72,-73.99,796,28,Clear,25.0,0.0,0,79.6,18.2
2026-08-11 08:00:00,R201,Arterial,1000,40.72,-73.99,781,29,Clear,25.0,0.0,0,78.1,79.6
2026-08-11 09:00:00,R201,Arterial,1000,40.72,-73.99,1002,20,Clear,25.0,0.0,0,100.2,78.1
2026-08-11 10:00:00,R201,Arterial,1000,40.72,-73.99,660,34,Clear,25.0,0.0,0,66.0,100.2
2026-08-11 11:00:00,R201,Arterial,1000,40.72,-73.99,569,40,Clear,25.0,0.0,0,56.9,66.0
2026-08-11 12:00:00,R201,Arterial,1000,40.72,-73.99,523,42,Clear,25.0,0.0,0,52.3,56.9
2026-08-11 13:00:00,R201,Arterial,1000,40.72,-73.99,575,39,Clear,25.0,0.0,0,57.5,52.3
2026-08-11 14:00:00,R201,Arterial,1000,40.72,-73.99,578,39,Clear,25.0,0.0,0,57.8,57.5
2026-08-11 15:00:00,R201,Arterial,1000,40.72,-73.99,538,41,Clear,25.0,0.0,0,53.8,57.8
2026-08-11 16:00:00,R201,Arterial,1000,40.72,-73.99,961,22,Clear,25.0,0.0,0,96.1,53.8
2026-08-11 17:00:00,R201,Arterial,1000,40.72,-73.99,840,26,Clear,25.0,0.0,0,84.0,96.1
2026-08-11 18:00:00,R201,Arterial,1000,40.72,-73.99,998,21,Clear,25.0,0.0,0,99.8,84.0
2026-08-11 19:00:00,R201,Arterial,1000,40.72,-73.99,977,21,Clear,25.0,0.0,0,97.7,99.8
2026-08-11 20:00:00,R201,Arterial,1000,40.72,-73.99,189,60,Clear,25.0,0.0,0,18.9,97.7
2026-08-11 21:00:00,R201,Arterial,1000,40.72,-73.99,172,60,Clear,25.0,0.0,0,17.2,18.9
2026-08-11 22:00:00,R201,Arterial,1000,40.72,-73.99,175,60,Clear,25.0,0.0,0,17.5,17.2
2026-08-11 23:00:00,R201,Arterial,1000,40.72,-73.99,222,60,Clear,25.0,0.0,0,22.2,17.5
2026-08-12 00:00:00,R201,Arterial,1000,40.72,-73.99,218,60,Clear,24.5,0.0,0,21.8,22.2
2026-08-12 01:00:00,R201,Arterial,1000,40.72,-73.99,172,60,Clear,24.5,0.0,0,17.2,21.8
2026-08-12 02:00:00,R201,Arterial,1000,40.72,-73.99,203,60,Clear,24.5,0.0,0,20.3,17.2
2026-08-12 03:00:00,R201,Arterial,1000,40.72,-73.99,196,60,Clear,24.5,0.0,0,19.6,20.3
2026-08-12 04:00:00,R201,Arterial,1000,40.72,-73.99,174,60,Clear,24.5,0.0,0,17.4,19.6
2026-08-12 05:00:00,R201,Arterial,1000,40.72,-73.99,184,60,Clear,24.5,0.0,0,18.4,17.4
2026-08-12 06:00:00,R201,Arterial,1000,40.72,-73.99,209,60,Clear,24.5,0.0,0,20.9,18.4
2026-08-12 07:00:00,R201,Arterial,1000,40.72,-73.99,912,23,Clear,24.5,0.0,0,91.2,20.9
2026-08-12 08:00:00,R201,Arterial,1000,40.72,-73.99,973,21,Clear,24.5,0.0,0,97.3,91.2
2026-08-12 09:00:00,R201,Arterial,1000,40.72,-73.99,848,26,Clear,24.5,0.0,0,84.8,97.3
2026-08-12 10:00:00,R201,Arterial,1000,40.72,-73.99,545,41,Clear,24.5,0.0,0,54.5,84.8
2026-08-12 11:00:00,R201,Arterial,1000,40.72,-73.99,550,41,Clear,24.5,0.0,0,55.0,54.5
2026-08-12 12:00:00,R201,Arterial,1000,40.72,-73.99,513,43,Clear,24.5,0.0,0,51.3,55.0
2026-08-12 13:00:00,R201,Arterial,1000,40.72,-73.99,527,42,Clear,24.5,0.0,0,52.7,51.3
2026-08-12 14:00:00,R201,Arterial,1000,40.72,-73.99,525,42,Clear,24.5,0.0,0,52.5,52.7
2026-08-12 15:00:00,R201,Arterial,1000,40.72,-73.99,663,34,Clear,24.5,0.0,0,66.3,52.5
2026-08-12 16:00:00,R201,Arterial,1000,40.72,-73.99,839,26,Clear,24.5,0.0,0,83.9,66.3
2026-08-12 17:00:00,R201,Arterial,1000,40.72,-73.99,839,26,Clear,24.5,0.0,0,83.9,83.9
2026-08-12 18:00:00,R201,Arterial,1000,40.72,-73.99,882,25,Clear,24.5,0.0,0,88.2,83.9
2026-08-12 19:00:00,R201,Arterial,1000,40.72,-73.99,1045,19,Clear,24.5,0.0,0,104.5,88.2
2026-08-12 20:00:00,R201,Arterial,1000,40.72,-73.99,193,60,Clear,24.5,0.0,0,19.3,104.5
2026-08-12 21:00:00,R201,Arterial,1000,40.72,-73.99,203,60,Clear,24.5,0.0,0,20.3,19.3
2026-08-12 22:00:00,R201,Arterial,1000,40.72,-73.99,197,60,Clear,24.5,0.0,0,19.7,20.3
2026-08-12 23:00:00,R201,Arterial,1000,40.72,-73.99,221,60,Clear,24.5,0.0,0,22.1,19.7
2026-08-13 00:00:00,R201,Arterial,1000,40.72,-73.99,206,48,Heavy Rain,15.1,13.9,0,20.6,22.1
2026-08-13 01:00:00,R201,Arterial,1000,40.72,-73.99,154,48,Heavy Rain,15.1,13.9,0,15.4,20.6
2026-08-13 02:00:00,R201,Arterial,1000,40.72,-73.99,164,48,Heavy Rain,15.1,13.9,0,16.4,15.4
2026-08-13 03:00:00,R201,Arterial,1000,40.72,-73.99,204,48,Heavy Rain,15.1,13.9,0,20.4,16.4
2026-08-13 04:00:00,R201,Arterial,1000,40.72,-73.99,192,48,Heavy Rain,15.1,13.9,0,19.2,20.4
2026-08-13 05:00:00,R201,Arterial,1000,40.72,-73.99,184,48,Heavy Rain,15.1,13.9,0,18.4,19.2
2026-08-13 06:00:00,R201,Arterial,1000,40.72,-73.99,173,48,Heavy Rain,15.1,13.9,0,17.3,18.4
2026-08-13 07:00:00,R201,Arterial,1000,40.72,-73.99,790,23,Heavy Rain,15.1,13.9,0,79.0,17.3
2026-08-13 08:00:00,R201,Arterial,1000,40.72,-73.99,921,18,Heavy Rain,15.1,13.9,0,92.1,79.0
2026-08-13 09:00:00,R201,Arterial,1000,40.72,-73.99,864,20,Heavy Rain,15.1,13.9,0,86.4,92.1
2026-08-13 10:00:00,R201,Arterial,1000,40.72,-73.99,613,30,Heavy Rain,15.1,13.9,0,61.3,86.4
2026-08-13 11:00:00,R201,Arterial,1000,40.72,-73.99,571,31,Heavy Rain,15.1,13.9,0,57.1,61.3
2026-08-13 12:00:00,R201,Arterial,1000,40.72,-73.99,595,30,Heavy Rain,15.1,13.9,0,59.5,57.1
2026-08-13 13:00:00,R201,Arterial,1000,40.72,-73.99,513,34,Heavy Rain,15.1,13.9,0,51.3,59.5
2026-08-13 14:00:00,R201,Arterial,1000,40.72,-73.99,520,34,Heavy Rain,15.1,13.9,0,52.0,51.3
2026-08-13 15:00:00,R201,Arterial,1000,40.72,-73.99,513,34,Heavy Rain,15.1,13.9,0,51.3,52.0
2026-08-13 16:00:00,R201,Arterial,1000,40.72,-73.99,834,21,Heavy Rain,15.1,13.9,0,83.4,51.3
2026-08-13 17:00:00,R201,Arterial,1000,40.72,-73.99,923,18,Heavy Rain,15.1,13.9,0,92.3,83.4
2026-08-13 18:00:00,R201,Arterial,1000,40.72,-73.99,891,19,Heavy Rain,15.1,13.9,0,89.1,92.3
2026-08-13 19:00:00,R201,Arterial,1000,40.72,-73.99,815,22,Heavy Rain,15.1,13.9,0,81.5,89.1
2026-08-13 20:00:00,R201,Arterial,1000,40.72,-73.99,161,48,Heavy Rain,15.1,13.9,0,16.1,81.5
2026-08-13 21:00:00,R201,Arterial,1000,40.72,-73.99,156,48,Heavy Rain,15.1,13.9,0,15.6,16.1
2026-08-13 22:00:00,R201,Arterial,1000,40.72,-73.99,241,14,Heavy Rain,15.1,13.9,1,24.1,15.6
2026-08-13 23:00:00,R201,Arterial,1000,40.72,-73.99,170,48,Heavy Rain,15.1,13.9,0,17.0,24.1
2026-08-14 00:00:00,R201,Arterial,1000,40.72,-73.99,225,60,Cloudy,19.9,0.0,0,22.5,17.0
2026-08-14 01:00:00,R201,Arterial,1000,40.72,-73.99,223,60,Cloudy,19.9,0.0,0,22.3,22.5
2026-08-14 02:00:00,R201,Arterial,1000,40.72,-73.99,213,60,Cloudy,19.9,0.0,0,21.3,22.3
2026-08-14 03:00:00,R201,Arterial,1000,40.72,-73.99,199,60,Cloudy,19.9,0.0,0,19.9,21.3
2026-08-14 04:00:00,R201,Arterial,1000,40.72,-73.99,191,60,Cloudy,19.9,0.0,0,19.1,19.9
2026-08-14 05:00:00,R201,Arterial,1000,40.72,-73.99,206,60,Cloudy,19.9,0.0,0,20.6,19.1
2026-08-14 06:00:00,R201,Arterial,1000,40.72,-73.99,177,60,Cloudy,19.9,0.0,0,17.7,20.6
2026-08-14 07:00:00,R201,Arterial,1000,40.72,-73.99,884,24,Cloudy,19.9,0.0,0,88.4,17.7
2026-08-14 08:00:00,R201,Arterial,1000,40.72,-73.99,1028,20,Cloudy,19.9,0.0,0,102.8,88.4
2026-08-14 09:00:00,R201,Arterial,1000,40.72,-73.99,787,28,Cloudy,19.9,0.0,0,78.7,102.8
2026-08-14 10:00:00,R201,Arterial,1000,40.72,-73.99,543,41,Cloudy,19.9,0.0,0,54.3,78.7
2026-08-14 11:00:00,R201,Arterial,1000,40.72,-73.99,639,36,Cloudy,19.9,0.0,0,63.9,54.3
2026-08-14 12:00:00,R201,Arterial,1000,40.72,-73.99,631,36,Cloudy,19.9,0.0,0,63.1,63.9
2026-08-14 13:00:00,R201,Arterial,1000,40.72,-73.99,526,42,Cloudy,19.9,0.0,0,52.6,63.1
2026-08-14 14:00:00,R201,Arterial,1000,40.72,-73.99,587,39,Cloudy,19.9,0.0,0,58.7,52.6
2026-08-14 15:00:00,R201,Arterial,1000,40.72,-73.99,559,40,Cloudy,19.9,0.0,0,55.9,58.7
2026-08-14 16:00:00,R201,Arterial,1000,40.72,-73.99,812,27,Cloudy,19.9,0.0,0,81.2,55.9
2026-08-14 17:00:00,R201,Arterial,1000,40.72,-73.99,1034,19,Cloudy,19.9,0.0,0,103.4,81.2
2026-08-14 18:00:00,R201,Arterial,1000,40.72,-73.99,988,21,Cloudy,19.9,0.0,0,98.8,103.4
2026-08-14 19:00:00,R201,Arterial,1000,40.72,-73.99,1012,20,Cloudy,19.9,0.0,0,101.2,98.8
2026-08-14 20:00:00,R201,Arterial,1000,40.72,-73.99,170,60,Cloudy,19.9,0.0,0,17.0,101.2
2026-08-14 21:00:00,R201,Arterial,1000,40.72,-73.99,199,60,Cloudy,19.9,0.0,0,19.9,17.0
2026-08-14 22:00:00,R201,Arterial,1000,40.72,-73.99,188,60,Cloudy,19.9,0.0,0,18.8,19.9
2026-08-14 23:00:00,R201,Arterial,1000,40.72,-73.99,225,60,Cloudy,19.9,0.0,0,22.5,18.8
2026-08-15 00:00:00,R201,Arterial,1000,40.72,-73.99,222,60,Clear,25.7,0.0,0,22.2,22.5
2026-08-15 01:00:00,R201,Arterial,1000,40.72,-73.99,176,60,Clear,25.7,0.0,0,17.6,22.2
2026-08-15 02:00:00,R201,Arterial,1000,40.72,-73.99,208,60,Clear,25.7,0.0,0,20.8,17.6
2026-08-15 03:00:00,R201,Arterial,1000,40.72,-73.99,178,60,Clear,25.7,0.0,0,17.8,20.8
2026-08-15 04:00:00,R201,Arterial,1000,40.72,-73.99,205,60,Clear,25.7,0.0,0,20.5,17.8
2026-08-15 05:00:00,R201,Arterial,1000,40.72,-73.99,174,60,Clear,25.7,0.0,0,17.4,20.5
2026-08-15 06:00:00,R201,Arterial,1000,40.72,-73.99,181,60,Clear,25.7,0.0,0,18.1,17.4
2026-08-15 07:00:00,R201,Arterial,1000,40.72,-73.99,209,60,Clear,25.7,0.0,0,20.9,18.1
2026-08-15 08:00:00,R201,Arterial,1000,40.72,-73.99,211,60,Clear,25.7,0.0,0,21.1,20.9
2026-08-15 09:00:00,R201,Arterial,1000,40.72,-73.99,197,60,Clear,25.7,0.0,0,19.7,21.1
2026-08-15 10:00:00,R201,Arterial,1000,40.72,-73.99,191,60,Clear,25.7,0.0,0,19.1,19.7
2026-08-15 11:00:00,R201,Arterial,1000,40.72,-73.99,663,34,Clear,25.7,0.0,0,66.3,19.1
2026-08-15 12:00:00,R201,Arterial,1000,40.72,-73.99,679,33,Clear,25.7,0.0,0,67.9,66.3
2026-08-15 13:00:00,R201,Arterial,1000,40.72,-73.99,629,36,Clear,25.7,0.0,0,62.9,67.9
2026-08-15 14:00:00,R201,Arterial,1000,40.72,-73.99,790,28,Clear,25.7,0.0,0,79.0,62.9
2026-08-15 15:00:00,R201,Arterial,1000,40.72,-73.99,678,34,Clear,25.7,0.0,0,67.8,79.0
2026-08-15 16:00:00,R201,Arterial,1000,40.72,-73.99,593,38,Clear,25.7,0.0,0,59.3,67.8
2026-08-15 17:00:00,R201,Arterial,1000,40.72,-73.99,541,41,Clear,25.7,0.0,0,54.1,59.3
2026-08-15 18:00:00,R201,Arterial,1000,40.72,-73.99,608,37,Clear,25.7,0.0,0,60.8,54.1
2026-08-15 19:00:00,R201,Arterial,1000,40.72,-73.99,633,36,Clear,25.7,0.0,0,63.3,60.8
2026-08-15 20:00:00,R201,Arterial,1000,40.72,-73.99,551,41,Clear,25.7,0.0,0,55.1,63.3
2026-08-15 21:00:00,R201,Arterial,1000,40.72,-73.99,198,60,Clear,25.7,0.0,0,19.8,55.1
2026-08-15 22:00:00,R201,Arterial,1000,40.72,-73.99,217,60,Clear,25.7,0.0,0,21.7,19.8
2026-08-15 23:00:00,R201,Arterial,1000,40.72,-73.99,216,60,Clear,25.7,0.0,0,21.6,21.7
2026-08-16 00:00:00,R201,Arterial,1000,40.72,-73.99,228,60,Clear,25.4,0.0,0,22.8,21.6
2026-08-16 01:00:00,R201,Arterial,1000,40.72,-73.99,223,60,Clear,25.4,0.0,0,22.3,22.8
2026-08-16 02:00:00,R201,Arterial,1000,40.72,-73.99,202,60,Clear,25.4,0.0,0,20.2,22.3
2026-08-16 03:00:00,R201,Arterial,1000,40.72,-73.99,225,60,Clear,25.4,0.0,0,22.5,20.2
2026-08-16 04:00:00,R201,Arterial,1000,40.72,-73.99,170,60,Clear,25.4,0.0,0,17.0,22.5
2026-08-16 05:00:00,R201,Arterial,1000,40.72,-73.99,207,60,Clear,25.4,0.0,0,20.7,17.0
2026-08-16 06:00:00,R201,Arterial,1000,40.72,-73.99,172,60,Clear,25.4,0.0,0,17.2,20.7
2026-08-16 07:00:00,R201,Arterial,1000,40.72,-73.99,188,60,Clear,25.4,0.0,0,18.8,17.2
2026-08-16 08:00:00,R201,Arterial,1000,40.72,-73.99,223,60,Clear,25.4,0.0,0,22.3,18.8
2026-08-16 09:00:00,R201,Arterial,1000,40.72,-73.99,170,60,Clear,25.4,0.0,0,17.0,22.3
2026-08-16 10:00:00,R201,Arterial,1000,40.72,-73.99,187,60,Clear,25.4,0.0,0,18.7,17.0
2026-08-16 11:00:00,R201,Arterial,1000,40.72,-73.99,606,37,Clear,25.4,0.0,0,60.6,18.7
2026-08-16 12:00:00,R201,Arterial,1000,40.72,-73.99,652,35,Clear,25.4,0.0,0,65.2,60.6
2026-08-16 13:00:00,R201,Arterial,1000,40.72,-73.99,687,33,Clear,25.4,0.0,0,68.7,65.2
2026-08-16 14:00:00,R201,Arterial,1000,40.72,-73.99,623,36,Clear,25.4,0.0,0,62.3,68.7
2026-08-16 15:00:00,R201,Arterial,1000,40.72,-73.99,752,30,Clear,25.4,0.0,0,75.2,62.3
2026-08-16 16:00:00,R201,Arterial,1000,40.72,-73.99,684,33,Clear,25.4,0.0,0,68.4,75.2
2026-08-16 17:00:00,R201,Arterial,1000,40.72,-73.99,632,36,Clear,25.4,0.0,0,63.2,68.4
2026-08-16 18:00:00,R201,Arterial,1000,40.72,-73.99,552,41,Clear,25.4,0.0,0,55.2,63.2
2026-08-16 19:00:00,R201,Arterial,1000,40.72,-73.99,625,36,Clear,25.4,0.0,0,62.5,55.2
2026-08-16 20:00:00,R201,Arterial,1000,40.72,-73.99,658,35,Clear,25.4,0.0,0,65.8,62.5
2026-08-16 21:00:00,R201,Arterial,1000,40.72,-73.99,191,60,Clear,25.4,0.0,0,19.1,65.8
2026-08-16 22:00:00,R201,Arterial,1000,40.72,-73.99,202,60,Clear,25.4,0.0,0,20.2,19.1
2026-08-16 23:00:00,R201,Arterial,1000,40.72,-73.99,179,60,Clear,25.4,0.0,0,17.9,20.2
2026-08-17 00:00:00,R201,Arterial,1000,40.72,-73.99,229,60,Cloudy,23.2,0.0,0,22.9,17.9
2026-08-17 01:00:00,R201,Arterial,1000,40.72,-73.99,211,60,Cloudy,23.2,0.0,0,21.1,22.9
2026-08-17 02:00:00,R201,Arterial,1000,40.72,-73.99,202,60,Cloudy,23.2,0.0,0,20.2,21.1
2026-08-17 03:00:00,R201,Arterial,1000,40.72,-73.99,185,60,Cloudy,23.2,0.0,0,18.5,20.2
2026-08-17 04:00:00,R201,Arterial,1000,40.72,-73.99,190,60,Cloudy,23.2,0.0,0,19.0,18.5
2026-08-17 05:00:00,R201,Arterial,1000,40.72,-73.99,212,60,Cloudy,23.2,0.0,0,21.2,19.0
2026-08-17 06:00:00,R201,Arterial,1000,40.72,-73.99,212,60,Cloudy,23.2,0.0,0,21.2,21.2
2026-08-17 07:00:00,R201,Arterial,1000,40.72,-73.99,906,24,Cloudy,23.2,0.0,0,90.6,21.2
2026-08-17 08:00:00,R201,Arterial,1000,40.72,-73.99,1000,20,Cloudy,23.2,0.0,0,100.0,90.6
2026-08-17 09:00:00,R201,Arterial,1000,40.72,-73.99,794,28,Cloudy,23.2,0.0,0,79.4,100.0
2026-08-17 10:00:00,R201,Arterial,1000,40.72,-73.99,585,39,Cloudy,23.2,0.0,0,58.5,79.4
2026-08-17 11:00:00,R201,Arterial,1000,40.72,-73.99,641,35,Cloudy,23.2,0.0,0,64.1,58.5
2026-08-17 12:00:00,R201,Arterial,1000,40.72,-73.99,642,35,Cloudy,23.2,0.0,0,64.2,64.1
2026-08-17 13:00:00,R201,Arterial,1000,40.72,-73.99,639,36,Cloudy,23.2,0.0,0,63.9,64.2
2026-08-17 14:00:00,R201,Arterial,1000,40.72,-73.99,531,42,Cloudy,23.2,0.0,0,53.1,63.9
2026-08-17 15:00:00,R201,Arterial,1000,40.72,-73.99,627,36,Cloudy,23.2,0.0,0,62.7,53.1
2026-08-17 16:00:00,R201,Arterial,1000,40.72,-73.99,1038,19,Cloudy,23.2,0.0,0,103.8,62.7
2026-08-17 17:00:00,R201,Arterial,1000,40.72,-73.99,1076,18,Cloudy,23.2,0.0,0,107.6,103.8
2026-08-17 18:00:00,R201,Arterial,1000,40.72,-73.99,1082,18,Cloudy,23.2,0.0,0,108.2,107.6
2026-08-17 19:00:00,R201,Arterial,1000,40.72,-73.99,992,21,Cloudy,23.2,0.0,0,99.2,108.2
2026-08-17 20:00:00,R201,Arterial,1000,40.72,-73.99,172,60,Cloudy,23.2,0.0,0,17.2,99.2
2026-08-17 21:00:00,R201,Arterial,1000,40.72,-73.99,204,60,Cloudy,23.2,0.0,0,20.4,17.2
2026-08-17 22:00:00,R201,Arterial,1000,40.72,-73.99,177,60,Cloudy,23.2,0.0,0,17.7,20.4
2026-08-17 23:00:00,R201,Arterial,1000,40.72,-73.99,183,60,Cloudy,23.2,0.0,0,18.3,17.7
2026-08-18 00:00:00,R201,Arterial,1000,40.72,-73.99,212,48,Rainy,10.1,12.7,0,21.2,18.3
2026-08-18 01:00:00,R201,Arterial,1000,40.72,-73.99,227,48,Rainy,10.1,12.7,0,22.7,21.2
2026-08-18 02:00:00,R201,Arterial,1000,40.72,-73.99,216,48,Rainy,10.1,12.7,0,21.6,22.7
2026-08-18 03:00:00,R201,Arterial,1000,40.72,-73.99,198,48,Rainy,10.1,12.7,0,19.8,21.6
2026-08-18 04:00:00,R201,Arterial,1000,40.72,-73.99,181,48,Rainy,10.1,12.7,0,18.1,19.8
2026-08-18 05:00:00,R201,Arterial,1000,40.72,-73.99,192,48,Rainy,10.1,12.7,0,19.2,18.1
2026-08-18 06:00:00,R201,Arterial,1000,40.72,-73.99,191,48,Rainy,10.1,12.7,0,19.1,19.2
2026-08-18 07:00:00,R201,Arterial,1000,40.72,-73.99,768,23,Rainy,10.1,12.7,0,76.8,19.1
2026-08-18 08:00:00,R201,Arterial,1000,40.72,-73.99,992,16,Rainy,10.1,12.7,0,99.2,76.8
2026-08-18 09:00:00,R201,Arterial,1000,40.72,-73.99,1011,16,Rainy,10.1,12.7,0,101.1,99.2
2026-08-18 10:00:00,R201,Arterial,1000,40.72,-73.99,681,27,Rainy,10.1,12.7,0,68.1,101.1
2026-08-18 11:00:00,R201,Arterial,1000,40.72,-73.99,539,33,Rainy,10.1,12.7,0,53.9,68.1
2026-08-18 12:00:00,R201,Arterial,1000,40.72,-73.99,684,26,Rainy,10.1,12.7,0,68.4,53.9
2026-08-18 13:00:00,R201,Arterial,1000,40.72,-73.99,674,27,Rainy,10.1,12.7,0,67.4,68.4
2026-08-18 14:00:00,R201,Arterial,1000,40.72,-73.99,645,28,Rainy,10.1,12.7,0,64.5,67.4
2026-08-18 15:00:00,R201,Arterial,1000,40.72,-73.99,555,32,Rainy,10.1,12.7,0,55.5,64.5
2026-08-18 16:00:00,R201,Arterial,1000,40.72,-73.99,903,19,Rainy,10.1,12.7,0,90.3,55.5
2026-08-18 17:00:00,R201,Arterial,1000,40.72,-73.99,831,21,Rainy,10.1,12.7,0,83.1,90.3
2026-08-18 18:00:00,R201,Arterial,1000,40.72,-73.99,841,21,Rainy,10.1,12.7,0,84.1,83.1
2026-08-18 19:00:00,R201,Arterial,1000,40.72,-73.99,946,18,Rainy,10.1,12.7,0,94.6,84.1
2026-08-18 20:00:00,R201,Arterial,1000,40.72,-73.99,186,48,Rainy,10.1,12.7,0,18.6,94.6
2026-08-18 21:00:00,R201,Arterial,1000,40.72,-73.99,218,48,Rainy,10.1,12.7,0,21.8,18.6
2026-08-18 22:00:00,R201,Arterial,1000,40.72,-73.99,211,48,Rainy,10.1,12.7,0,21.1,21.8
2026-08-18 23:00:00,R201,Arterial,1000,40.72,-73.99,197,48,Rainy,10.1,12.7,0,19.7,21.1
2026-08-19 00:00:00,R201,Arterial,1000,40.72,-73.99,188,60,Cloudy,24.5,0.0,0,18.8,19.7
2026-08-19 01:00:00,R201,Arterial,1000,40.72,-73.99,197,60,Cloudy,24.5,0.0,0,19.7,18.8
2026-08-19 02:00:00,R201,Arterial,1000,40.72,-73.99,188,60,Cloudy,24.5,0.0,0,18.8,19.7
2026-08-19 03:00:00,R201,Arterial,1000,40.72,-73.99,192,60,Cloudy,24.5,0.0,0,19.2,18.8
2026-08-19 04:00:00,R201,Arterial,1000,40.72,-73.99,229,60,Cloudy,24.5,0.0,0,22.9,19.2
2026-08-19 05:00:00,R201,Arterial,1000,40.72,-73.99,228,60,Cloudy,24.5,0.0,0,22.8,22.9
2026-08-19 06:00:00,R201,Arterial,1000,40.72,-73.99,184,60,Cloudy,24.5,0.0,0,18.4,22.8
2026-08-19 07:00:00,R201,Arterial,1000,40.72,-73.99,1028,20,Cloudy,24.5,0.0,0,102.8,18.4
2026-08-19 08:00:00,R201,Arterial,1000,40.72,-73.99,918,23,Cloudy,24.5,0.0,0,91.8,102.8
2026-08-19 09:00:00,R201,Arterial,1000,40.72,-73.99,803,28,Cloudy,24.5,0.0,0,80.3,91.8
2026-08-19 10:00:00,R201,Arterial,1000,40.72,-73.99,607,37,Cloudy,24.5,0.0,0,60.7,80.3
2026-08-19 11:00:00,R201,Arterial,1000,40.72,-73.99,552,41,Cloudy,24.5,0.0,0,55.2,60.7
2026-08-19 12:00:00,R201,Arterial,1000,40.72,-73.99,641,35,Cloudy,24.5,0.0,0,64.1,55.2
2026-08-19 13:00:00,R201,Arterial,1000,40.72,-73.99,641,35,Cloudy,24.5,0.0,0,64.1,64.1
2026-08-19 14:00:00,R201,Arterial,1000,40.72,-73.99,678,34,Cloudy,24.5,0.0,0,67.8,64.1
2026-08-19 15:00:00,R201,Arterial,1000,40.72,-73.99,519,43,Cloudy,24.5,0.0,0,51.9,67.8
2026-08-19 16:00:00,R201,Arterial,1000,40.72,-73.99,1001,20,Cloudy,24.5,0.0,0,100.1,51.9
2026-08-19 17:00:00,R201,Arterial,1000,40.72,-73.99,1014,20,Cloudy,24.5,0.0,0,101.4,100.1
2026-08-19 18:00:00,R201,Arterial,1000,40.72,-73.99,938,23,Cloudy,24.5,0.0,0,93.8,101.4
2026-08-19 19:00:00,R201,Arterial,1000,40.72,-73.99,977,21,Cloudy,24.5,0.0,0,97.7,93.8
2026-08-19 20:00:00,R201,Arterial,1000,40.72,-73.99,229,60,Cloudy,24.5,0.0,0,22.9,97.7
2026-08-19 21:00:00,R201,Arterial,1000,40.72,-73.99,220,60,Cloudy,24.5,0.0,0,22.0,22.9
2026-08-19 22:00:00,R201,Arterial,1000,40.72,-73.99,209,60,Cloudy,24.5,0.0,0,20.9,22.0
2026-08-19 23:00:00,R201,Arterial,1000,40.72,-73.99,206,60,Cloudy,24.5,0.0,0,20.6,20.9
2026-08-20 00:00:00,R201,Arterial,1000,40.72,-73.99,199,60,Clear,28.0,0.0,0,19.9,20.6
2026-08-20 01:00:00,R201,Arterial,1000,40.72,-73.99,211,60,Clear,28.0,0.0,0,21.1,19.9
2026-08-20 02:00:00,R201,Arterial,1000,40.72,-73.99,172,60,Clear,28.0,0.0,0,17.2,21.1
2026-08-20 03:00:00,R201,Arterial,1000,40.72,-73.99,173,60,Clear,28.0,0.0,0,17.3,17.2
2026-08-20 04:00:00,R201,Arterial,1000,40.72,-73.99,202,60,Clear,28.0,0.0,0,20.2,17.3
2026-08-20 05:00:00,R201,Arterial,1000,40.72,-73.99,200,60,Clear,28.0,0.0,0,20.0,20.2
2026-08-20 06:00:00,R201,Arterial,1000,40.72,-73.99,223,60,Clear,28.0,0.0,0,22.3,20.0
2026-08-20 07:00:00,R201,Arterial,1000,40.72,-73.99,879,25,Clear,28.0,0.0,0,87.9,22.3
2026-08-20 08:00:00,R201,Arterial,1000,40.72,-73.99,970,21,Clear,28.0,0.0,0,97.0,87.9
2026-08-20 09:00:00,R201,Arterial,1000,40.72,-73.99,1033,19,Clear,28.0,0.0,0,103.3,97.0
2026-08-20 10:00:00,R201,Arterial,1000,40.72,-73.99,675,34,Clear,28.0,0.0,0,67.5,103.3
2026-08-20 11:00:00,R201,Arterial,1000,40.72,-73.99,530,42,Clear,28.0,0.0,0,53.0,67.5
2026-08-20 12:00:00,R201,Arterial,1000,40.72,-73.99,668,34,Clear,28.0,0.0,0,66.8,53.0
2026-08-20 13:00:00,R201,Arterial,1000,40.72,-73.99,676,34,Clear,28.0,0.0,0,67.6,66.8
2026-08-20 14:00:00,R201,Arterial,1000,40.72,-73.99,615,37,Clear,28.0,0.0,0,61.5,67.6
2026-08-20 15:00:00,R201,Arterial,1000,40.72,-73.99,648,35,Clear,28.0,0.0,0,64.8,61.5
2026-08-20 16:00:00,R201,Arterial,1000,40.72,-73.99,1036,19,Clear,28.0,0.0,0,103.6,64.8
2026-08-20 17:00:00,R201,Arterial,1000,40.72,-73.99,1053,19,Clear,28.0,0.0,0,105.3,103.6
2026-08-20 18:00:00,R201,Arterial,1000,40.72,-73.99,938,23,Clear,28.0,0.0,0,93.8,105.3
2026-08-20 19:00:00,R201,Arterial,1000,40.72,-73.99,807,28,Clear,28.0,0.0,0,80.7,93.8
2026-08-20 20:00:00,R201,Arterial,1000,40.72,-73.99,201,60,Clear,28.0,0.0,0,20.1,80.7
2026-08-20 21:00:00,R201,Arterial,1000,40.72,-73.99,218,60,Clear,28.0,0.0,0,21.8,20.1
2026-08-20 22:00:00,R201,Arterial,1000,40.72,-73.99,220,60,Clear,28.0,0.0,0,22.0,21.8
2026-08-20 23:00:00,R201,Arterial,1000,40.72,-73.99,213,60,Clear,28.0,0.0,0,21.3,22.0
2026-08-21 00:00:00,R201,Arterial,1000,40.72,-73.99,189,60,Cloudy,22.2,11.0,0,18.9,21.3
2026-08-21 01:00:00,R201,Arterial,1000,40.72,-73.99,182,60,Cloudy,22.2,11.0,0,18.2,18.9
2026-08-21 02:00:00,R201,Arterial,1000,40.72,-73.99,190,60,Cloudy,22.2,11.0,0,19.0,18.2
2026-08-21 03:00:00,R201,Arterial,1000,40.72,-73.99,228,60,Cloudy,22.2,11.0,0,22.8,19.0
2026-08-21 04:00:00,R201,Arterial,1000,40.72,-73.99,205,60,Cloudy,22.2,11.0,0,20.5,22.8
2026-08-21 05:00:00,R201,Arterial,1000,40.72,-73.99,205,60,Cloudy,22.2,11.0,0,20.5,20.5
2026-08-21 06:00:00,R201,Arterial,1000,40.72,-73.99,183,60,Cloudy,22.2,11.0,0,18.3,20.5
2026-08-21 07:00:00,R201,Arterial,1000,40.72,-73.99,1031,20,Cloudy,22.2,11.0,0,103.1,18.3
2026-08-21 08:00:00,R201,Arterial,1000,40.72,-73.99,867,25,Cloudy,22.2,11.0,0,86.7,103.1
2026-08-21 09:00:00,R201,Arterial,1000,40.72,-73.99,1191,5,Cloudy,22.2,11.0,1,119.1,86.7
2026-08-21 10:00:00,R201,Arterial,1000,40.72,-73.99,531,42,Cloudy,22.2,11.0,0,53.1,119.1
2026-08-21 11:00:00,R201,Arterial,1000,40.72,-73.99,660,34,Cloudy,22.2,11.0,0,66.0,53.1
2026-08-21 12:00:00,R201,Arterial,1000,40.72,-73.99,630,36,Cloudy,22.2,11.0,0,63.0,66.0
2026-08-21 13:00:00,R201,Arterial,1000,40.72,-73.99,515,43,Cloudy,22.2,11.0,0,51.5,63.0
2026-08-21 14:00:00,R201,Arterial,1000,40.72,-73.99,533,42,Cloudy,22.2,11.0,0,53.3,51.5
2026-08-21 15:00:00,R201,Arterial,1000,40.72,-73.99,645,35,Cloudy,22.2,11.0,0,64.5,53.3
2026-08-21 16:00:00,R201,Arterial,1000,40.72,-73.99,1048,19,Cloudy,22.2,11.0,0,104.8,64.5
2026-08-21 17:00:00,R201,Arterial,1000,40.72,-73.99,877,25,Cloudy,22.2,11.0,0,87.7,104.8
2026-08-21 18:00:00,R201,Arterial,1000,40.72,-73.99,1020,20,Cloudy,22.2,11.0,0,102.0,87.7
2026-08-21 19:00:00,R201,Arterial,1000,40.72,-73.99,1002,20,Cloudy,22.2,11.0,0,100.2,102.0
2026-08-21 20:00:00,R201,Arterial,1000,40.72,-73.99,203,60,Cloudy,22.2,11.0,0,20.3,100.2
2026-08-21 21:00:00,R201,Arterial,1000,40.72,-73.99,185,60,Cloudy,22.2,11.0,0,18.5,20.3
2026-08-21 22:00:00,R201,Arterial,1000,40.72,-73.99,217,60,Cloudy,22.2,11.0,0,21.7,18.5
2026-08-21 23:00:00,R201,Arterial,1000,40.72,-73.99,170,60,Cloudy,22.2,11.0,0,17.0,21.7
2026-08-22 00:00:00,R201,Arterial,1000,40.72,-73.99,216,60,Clear,25.6,0.0,0,21.6,17.0
2026-08-22 01:00:00,R201,Arterial,1000,40.72,-73.99,170,60,Clear,25.6,0.0,0,17.0,21.6
2026-08-22 02:00:00,R201,Arterial,1000,40.72,-73.99,195,60,Clear,25.6,0.0,0,19.5,17.0
2026-08-22 03:00:00,R201,Arterial,1000,40.72,-73.99,170,60,Clear,25.6,0.0,0,17.0,19.5
2026-08-22 04:00:00,R201,Arterial,1000,40.72,-73.99,211,60,Clear,25.6,0.0,0,21.1,17.0
2026-08-22 05:00:00,R201,Arterial,1000,40.72,-73.99,208,60,Clear,25.6,0.0,0,20.8,21.1
2026-08-22 06:00:00,R201,Arterial,1000,40.72,-73.99,183,60,Clear,25.6,0.0,0,18.3,20.8
2026-08-22 07:00:00,R201,Arterial,1000,40.72,-73.99,178,60,Clear,25.6,0.0,0,17.8,18.3
2026-08-22 08:00:00,R201,Arterial,1000,40.72,-73.99,229,60,Clear,25.6,0.0,0,22.9,17.8
2026-08-22 09:00:00,R201,Arterial,1000,40.72,-73.99,214,60,Clear,25.6,0.0,0,21.4,22.9
2026-08-22 10:00:00,R201,Arterial,1000,40.72,-73.99,220,60,Clear,25.6,0.0,0,22.0,21.4
2026-08-22 11:00:00,R201,Arterial,1000,40.72,-73.99,723,31,Clear,25.6,0.0,0,72.3,22.0
2026-08-22 12:00:00,R201,Arterial,1000,40.72,-73.99,760,30,Clear,25.6,0.0,0,76.0,72.3
2026-08-22 13:00:00,R201,Arterial,1000,40.72,-73.99,720,31,Clear,25.6,0.0,0,72.0,76.0
2026-08-22 14:00:00,R201,Arterial,1000,40.72,-73.99,765,29,Clear,25.6,0.0,0,76.5,72.0
2026-08-22 15:00:00,R201,Arterial,1000,40.72,-73.99,615,37,Clear,25.6,0.0,0,61.5,76.5
2026-08-22 16:00:00,R201,Arterial,1000,40.72,-73.99,535,42,Clear,25.6,0.0,0,53.5,61.5
2026-08-22 17:00:00,R201,Arterial,1000,40.72,-73.99,594,38,Clear,25.6,0.0,0,59.4,53.5
2026-08-22 18:00:00,R201,Arterial,1000,40.72,-73.99,607,37,Clear,25.6,0.0,0,60.7,59.4
2026-08-22 19:00:00,R201,Arterial,1000,40.72,-73.99,601,38,Clear,25.6,0.0,0,60.1,60.7
2026-08-22 20:00:00,R201,Arterial,1000,40.72,-73.99,636,36,Clear,25.6,0.0,0,63.6,60.1
2026-08-22 21:00:00,R201,Arterial,1000,40.72,-73.99,170,60,Clear,25.6,0.0,0,17.0,63.6
2026-08-22 22:00:00,R201,Arterial,1000,40.72,-73.99,194,60,Clear,25.6,0.0,0,19.4,17.0
2026-08-22 23:00:00,R201,Arterial,1000,40.72,-73.99,192,60,Clear,25.6,0.0,0,19.2,19.4
2026-08-23 00:00:00,R201,Arterial,1000,40.72,-73.99,223,14,Rainy,17.6,3.5,1,22.3,19.2
2026-08-23 01:00:00,R201,Arterial,1000,40.72,-73.99,210,48,Rainy,17.6,3.5,0,21.0,22.3
2026-08-23 02:00:00,R201,Arterial,1000,40.72,-73.99,176,48,Rainy,17.6,3.5,0,17.6,21.0
2026-08-23 03:00:00,R201,Arterial,1000,40.72,-73.99,226,48,Rainy,17.6,3.5,0,22.6,17.6
2026-08-23 04:00:00,R201,Arterial,1000,40.72,-73.99,183,48,Rainy,17.6,3.5,0,18.3,22.6
2026-08-23 05:00:00,R201,Arterial,1000,40.72,-73.99,197,48,Rainy,17.6,3.5,0,19.7,18.3
2026-08-23 06:00:00,R201,Arterial,1000,40.72,-73.99,210,48,Rainy,17.6,3.5,0,21.0,19.7
2026-08-23 07:00:00,R201,Arterial,1000,40.72,-73.99,186,48,Rainy,17.6,3.5,0,18.6,21.0
2026-08-23 08:00:00,R201,Arterial,1000,40.72,-73.99,199,48,Rainy,17.6,3.5,0,19.9,18.6
2026-08-23 09:00:00,R201,Arterial,1000,40.72,-73.99,179,48,Rainy,17.6,3.5,0,17.9,19.9
2026-08-23 10:00:00,R201,Arterial,1000,40.72,-73.99,208,48,Rainy,17.6,3.5,0,20.8,17.9
2026-08-23 11:00:00,R201,Arterial,1000,40.72,-73.99,694,26,Rainy,17.6,3.5,0,69.4,20.8
2026-08-23 12:00:00,R201,Arterial,1000,40.72,-73.99,610,30,Rainy,17.6,3.5,0,61.0,69.4
2026-08-23 13:00:00,R201,Arterial,1000,40.72,-73.99,621,29,Rainy,17.6,3.5,0,62.1,61.0
2026-08-23 14:00:00,R201,Arterial,1000,40.72,-73.99,619,29,Rainy,17.6,3.5,0,61.9,62.1
2026-08-23 15:00:00,R201,Arterial,1000,40.72,-73.99,676,27,Rainy,17.6,3.5,0,67.6,61.9
2026-08-23 16:00:00,R201,Arterial,1000,40.72,-73.99,617,29,Rainy,17.6,3.5,0,61.7,67.6
2026-08-23 17:00:00,R201,Arterial,1000,40.72,-73.99,654,28,Rainy,17.6,3.5,0,65.4,61.7
2026-08-23 18:00:00,R201,Arterial,1000,40.72,-73.99,568,32,Rainy,17.6,3.5,0,56.8,65.4
2026-08-23 19:00:00,R201,Arterial,1000,40.72,-73.99,643,28,Rainy,17.6,3.5,0,64.3,56.8
2026-08-23 20:00:00,R201,Arterial,1000,40.72,-73.99,515,34,Rainy,17.6,3.5,0,51.5,64.3
2026-08-23 21:00:00,R201,Arterial,1000,40.72,-73.99,198,48,Rainy,17.6,3.5,0,19.8,51.5
2026-08-23 22:00:00,R201,Arterial,1000,40.72,-73.99,268,14,Rainy,17.6,3.5,1,26.8,19.8
2026-08-23 23:00:00,R201,Arterial,1000,40.72,-73.99,219,48,Rainy,17.6,3.5,0,21.9,26.8
2026-08-24 00:00:00,R201,Arterial,1000,40.72,-73.99,170,60,Cloudy,16.3,0.0,0,17.0,21.9
2026-08-24 01:00:00,R201,Arterial,1000,40.72,-73.99,204,60,Cloudy,16.3,0.0,0,20.4,17.0
2026-08-24 02:00:00,R201,Arterial,1000,40.72,-73.99,227,60,Cloudy,16.3,0.0,0,22.7,20.4
2026-08-24 03:00:00,R201,Arterial,1000,40.72,-73.99,203,60,Cloudy,16.3,0.0,0,20.3,22.7
2026-08-24 04:00:00,R201,Arterial,1000,40.72,-73.99,203,60,Cloudy,16.3,0.0,0,20.3,20.3
2026-08-24 05:00:00,R201,Arterial,1000,40.72,-73.99,228,60,Cloudy,16.3,0.0,0,22.8,20.3
2026-08-24 06:00:00,R201,Arterial,1000,40.72,-73.99,205,60,Cloudy,16.3,0.0,0,20.5,22.8
2026-08-24 07:00:00,R201,Arterial,1000,40.72,-73.99,1018,20,Cloudy,16.3,0.0,0,101.8,20.5
2026-08-24 08:00:00,R201,Arterial,1000,40.72,-73.99,944,22,Cloudy,16.3,0.0,0,94.4,101.8
2026-08-24 09:00:00,R201,Arterial,1000,40.72,-73.99,870,25,Cloudy,16.3,0.0,0,87.0,94.4
2026-08-24 10:00:00,R201,Arterial,1000,40.72,-73.99,665,34,Cloudy,16.3,0.0,0,66.5,87.0
2026-08-24 11:00:00,R201,Arterial,1000,40.72,-73.99,578,39,Cloudy,16.3,0.0,0,57.8,66.5
2026-08-24 12:00:00,R201,Arterial,1000,40.72,-73.99,559,40,Cloudy,16.3,0.0,0,55.9,57.8
2026-08-24 13:00:00,R201,Arterial,1000,40.72,-73.99,616,37,Cloudy,16.3,0.0,0,61.6,55.9
2026-08-24 14:00:00,R201,Arterial,1000,40.72,-73.99,559,40,Cloudy,16.3,0.0,0,55.9,61.6
2026-08-24 15:00:00,R201,Arterial,1000,40.72,-73.99,623,36,Cloudy,16.3,0.0,0,62.3,55.9
2026-08-24 16:00:00,R201,Arterial,1000,40.72,-73.99,1025,20,Cloudy,16.3,0.0,0,102.5,62.3
2026-08-24 17:00:00,R201,Arterial,1000,40.72,-73.99,1200,5,Cloudy,16.3,0.0,1,120.0,102.5
2026-08-24 18:00:00,R201,Arterial,1000,40.72,-73.99,1040,19,Cloudy,16.3,0.0,0,104.0,120.0
2026-08-24 19:00:00,R201,Arterial,1000,40.72,-73.99,859,25,Cloudy,16.3,0.0,0,85.9,104.0
2026-08-24 20:00:00,R201,Arterial,1000,40.72,-73.99,174,60,Cloudy,16.3,0.0,0,17.4,85.9
2026-08-24 21:00:00,R201,Arterial,1000,40.72,-73.99,185,60,Cloudy,16.3,0.0,0,18.5,17.4
2026-08-24 22:00:00,R201,Arterial,1000,40.72,-73.99,187,60,Cloudy,16.3,0.0,0,18.7,18.5
2026-08-24 23:00:00,R201,Arterial,1000,40.72,-73.99,197,60,Cloudy,16.3,0.0,0,19.7,18.7
2026-08-25 00:00:00,R201,Arterial,1000,40.72,-73.99,178,60,Clear,34.8,0.0,0,17.8,19.7
2026-08-25 01:00:00,R201,Arterial,1000,40.72,-73.99,196,60,Clear,34.8,0.0,0,19.6,17.8
2026-08-25 02:00:00,R201,Arterial,1000,40.72,-73.99,212,60,Clear,34.8,0.0,0,21.2,19.6
2026-08-25 03:00:00,R201,Arterial,1000,40.72,-73.99,180,60,Clear,34.8,0.0,0,18.0,21.2
2026-08-25 04:00:00,R201,Arterial,1000,40.72,-73.99,218,60,Clear,34.8,0.0,0,21.8,18.0
2026-08-25 05:00:00,R201,Arterial,1000,40.72,-73.99,201,60,Clear,34.8,0.0,0,20.1,21.8
2026-08-25 06:00:00,R201,Arterial,1000,40.72,-73.99,206,60,Clear,34.8,0.0,0,20.6,20.1
2026-08-25 07:00:00,R201,Arterial,1000,40.72,-73.99,795,28,Clear,34.8,0.0,0,79.5,20.6
2026-08-25 08:00:00,R201,Arterial,1000,40.72,-73.99,953,22,Clear,34.8,0.0,0,95.3,79.5
2026-08-25 09:00:00,R201,Arterial,1000,40.72,-73.99,791,28,Clear,34.8,0.0,0,79.1,95.3
2026-08-25 10:00:00,R201,Arterial,1000,40.72,-73.99,806,8,Clear,34.8,0.0,1,80.6,79.1
2026-08-25 11:00:00,R201,Arterial,1000,40.72,-73.99,550,41,Clear,34.8,0.0,0,55.0,80.6
2026-08-25 12:00:00,R201,Arterial,1000,40.72,-73.99,551,41,Clear,34.8,0.0,0,55.1,55.0
2026-08-25 13:00:00,R201,Arterial,1000,40.72,-73.99,677,34,Clear,34.8,0.0,0,67.7,55.1
2026-08-25 14:00:00,R201,Arterial,1000,40.72,-73.99,553,41,Clear,34.8,0.0,0,55.3,67.7
2026-08-25 15:00:00,R201,Arterial,1000,40.72,-73.99,689,33,Clear,34.8,0.0,0,68.9,55.3
2026-08-25 16:00:00,R201,Arterial,1000,40.72,-73.99,853,26,Clear,34.8,0.0,0,85.3,68.9
2026-08-25 17:00:00,R201,Arterial,1000,40.72,-73.99,1019,20,Clear,34.8,0.0,0,101.9,85.3
2026-08-25 18:00:00,R201,Arterial,1000,40.72,-73.99,985,21,Clear,34.8,0.0,0,98.5,101.9
2026-08-25 19:00:00,R201,Arterial,1000,40.72,-73.99,848,26,Clear,34.8,0.0,0,84.8,98.5
2026-08-25 20:00:00,R201,Arterial,1000,40.72,-73.99,172,60,Clear,34.8,0.0,0,17.2,84.8
2026-08-25 21:00:00,R201,Arterial,1000,40.72,-73.99,200,60,Clear,34.8,0.0,0,20.0,17.2
2026-08-25 22:00:00,R201,Arterial,1000,40.72,-73.99,188,60,Clear,34.8,0.0,0,18.8,20.0
2026-08-25 23:00:00,R201,Arterial,1000,40.72,-73.99,202,60,Clear,34.8,0.0,0,20.2,18.8
2026-08-26 00:00:00,R201,Arterial,1000,40.72,-73.99,176,60,Clear,31.2,0.0,0,17.6,20.2
2026-08-26 01:00:00,R201,Arterial,1000,40.72,-73.99,175,60,Clear,31.2,0.0,0,17.5,17.6
2026-08-26 02:00:00,R201,Arterial,1000,40.72,-73.99,209,60,Clear,31.2,0.0,0,20.9,17.5
2026-08-26 03:00:00,R201,Arterial,1000,40.72,-73.99,227,60,Clear,31.2,0.0,0,22.7,20.9
2026-08-26 04:00:00,R201,Arterial,1000,40.72,-73.99,191,60,Clear,31.2,0.0,0,19.1,22.7
2026-08-26 05:00:00,R201,Arterial,1000,40.72,-73.99,229,60,Clear,31.2,0.0,0,22.9,19.1
2026-08-26 06:00:00,R201,Arterial,1000,40.72,-73.99,186,60,Clear,31.2,0.0,0,18.6,22.9
2026-08-26 07:00:00,R201,Arterial,1000,40.72,-73.99,864,25,Clear,31.2,0.0,0,86.4,18.6
2026-08-26 08:00:00,R201,Arterial,1000,40.72,-73.99,953,22,Clear,31.2,0.0,0,95.3,86.4
2026-08-26 09:00:00,R201,Arterial,1000,40.72,-73.99,875,25,Clear,31.2,0.0,0,87.5,95.3
2026-08-26 10:00:00,R201,Arterial,1000,40.72,-73.99,586,39,Clear,31.2,0.0,0,58.6,87.5
2026-08-26 11:00:00,R201,Arterial,1000,40.72,-73.99,558,40,Clear,31.2,0.0,0,55.8,58.6
2026-08-26 12:00:00,R201,Arterial,1000,40.72,-73.99,650,35,Clear,31.2,0.0,0,65.0,55.8
2026-08-26 13:00:00,R201,Arterial,1000,40.72,-73.99,651,35,Clear,31.2,0.0,0,65.1,65.0
2026-08-26 14:00:00,R201,Arterial,1000,40.72,-73.99,611,37,Clear,31.2,0.0,0,61.1,65.1
2026-08-26 15:00:00,R201,Arterial,1000,40.72,-73.99,665,34,Clear,31.2,0.0,0,66.5,61.1
2026-08-26 16:00:00,R201,Arterial,1000,40.72,-73.99,1055,19,Clear,31.2,0.0,0,105.5,66.5
2026-08-26 17:00:00,R201,Arterial,1000,40.72,-73.99,918,23,Clear,31.2,0.0,0,91.8,105.5
2026-08-26 18:00:00,R201,Arterial,1000,40.72,-73.99,886,24,Clear,31.2,0.0,0,88.6,91.8
2026-08-26 19:00:00,R201,Arterial,1000,40.72,-73.99,881,25,Clear,31.2,0.0,0,88.1,88.6
2026-08-26 20:00:00,R201,Arterial,1000,40.72,-73.99,200,60,Clear,31.2,0.0,0,20.0,88.1
2026-08-26 21:00:00,R201,Arterial,1000,40.72,-73.99,205,60,Clear,31.2,0.0,0,20.5,20.0
2026-08-26 22:00:00,R201,Arterial,1000,40.72,-73.99,206,60,Clear,31.2,0.0,0,20.6,20.5
2026-08-26 23:00:00,R201,Arterial,1000,40.72,-73.99,185,60,Clear,31.2,0.0,0,18.5,20.6
2026-08-27 00:00:00,R201,Arterial,1000,40.72,-73.99,182,60,Clear,26.6,0.0,0,18.2,18.5
2026-08-27 01:00:00,R201,Arterial,1000,40.72,-73.99,206,60,Clear,26.6,0.0,0,20.6,18.2
2026-08-27 02:00:00,R201,Arterial,1000,40.72,-73.99,213,60,Clear,26.6,0.0,0,21.3,20.6
2026-08-27 03:00:00,R201,Arterial,1000,40.72,-73.99,190,60,Clear,26.6,0.0,0,19.0,21.3
2026-08-27 04:00:00,R201,Arterial,1000,40.72,-73.99,225,60,Clear,26.6,0.0,0,22.5,19.0
2026-08-27 05:00:00,R201,Arterial,1000,40.72,-73.99,176,60,Clear,26.6,0.0,0,17.6,22.5
2026-08-27 06:00:00,R201,Arterial,1000,40.72,-73.99,180,60,Clear,26.6,0.0,0,18.0,17.6
2026-08-27 07:00:00,R201,Arterial,1000,40.72,-73.99,823,27,Clear,26.6,0.0,0,82.3,18.0
2026-08-27 08:00:00,R201,Arterial,1000,40.72,-73.99,942,22,Clear,26.6,0.0,0,94.2,82.3
2026-08-27 09:00:00,R201,Arterial,1000,40.72,-73.99,938,23,Clear,26.6,0.0,0,93.8,94.2
2026-08-27 10:00:00,R201,Arterial,1000,40.72,-73.99,587,39,Clear,26.6,0.0,0,58.7,93.8
2026-08-27 11:00:00,R201,Arterial,1000,40.72,-73.99,689,33,Clear,26.6,0.0,0,68.9,58.7
2026-08-27 12:00:00,R201,Arterial,1000,40.72,-73.99,607,37,Clear,26.6,0.0,0,60.7,68.9
2026-08-27 13:00:00,R201,Arterial,1000,40.72,-73.99,602,38,Clear,26.6,0.0,0,60.2,60.7
2026-08-27 14:00:00,R201,Arterial,1000,40.72,-73.99,648,35,Clear,26.6,0.0,0,64.8,60.2
2026-08-27 15:00:00,R201,Arterial,1000,40.72,-73.99,657,35,Clear,26.6,0.0,0,65.7,64.8
2026-08-27 16:00:00,R201,Arterial,1000,40.72,-73.99,1079,18,Clear,26.6,0.0,0,107.9,65.7
2026-08-27 17:00:00,R201,Arterial,1000,40.72,-73.99,1067,18,Clear,26.6,0.0,0,106.7,107.9
2026-08-27 18:00:00,R201,Arterial,1000,40.72,-73.99,973,21,Clear,26.6,0.0,0,97.3,106.7
2026-08-27 19:00:00,R201,Arterial,1000,40.72,-73.99,964,22,Clear,26.6,0.0,0,96.4,97.3
2026-08-27 20:00:00,R201,Arterial,1000,40.72,-73.99,214,60,Clear,26.6,0.0,0,21.4,96.4
2026-08-27 21:00:00,R201,Arterial,1000,40.72,-73.99,194,60,Clear,26.6,0.0,0,19.4,21.4
2026-08-27 22:00:00,R201,Arterial,1000,40.72,-73.99,202,60,Clear,26.6,0.0,0,20.2,19.4
2026-08-27 23:00:00,R201,Arterial,1000,40.72,-73.99,192,60,Clear,26.6,0.0,0,19.2,20.2
2026-08-28 00:00:00,R201,Arterial,1000,40.72,-73.99,185,60,Cloudy,16.6,0.0,0,18.5,19.2
2026-08-28 01:00:00,R201,Arterial,1000,40.72,-73.99,212,60,Cloudy,16.6,0.0,0,21.2,18.5
2026-08-28 02:00:00,R201,Arterial,1000,40.72,-73.99,194,60,Cloudy,16.6,0.0,0,19.4,21.2
2026-08-28 03:00:00,R201,Arterial,1000,40.72,-73.99,176,60,Cloudy,16.6,0.0,0,17.6,19.4
2026-08-28 04:00:00,R201,Arterial,1000,40.72,-73.99,184,60,Cloudy,16.6,0.0,0,18.4,17.6
2026-08-28 05:00:00,R201,Arterial,1000,40.72,-73.99,195,60,Cloudy,16.6,0.0,0,19.5,18.4
2026-08-28 06:00:00,R201,Arterial,1000,40.72,-73.99,203,60,Cloudy,16.6,0.0,0,20.3,19.5
2026-08-28 07:00:00,R201,Arterial,1000,40.72,-73.99,977,21,Cloudy,16.6,0.0,0,97.7,20.3
2026-08-28 08:00:00,R201,Arterial,1000,40.72,-73.99,924,23,Cloudy,16.6,0.0,0,92.4,97.7
2026-08-28 09:00:00,R201,Arterial,1000,40.72,-73.99,925,23,Cloudy,16.6,0.0,0,92.5,92.4
2026-08-28 10:00:00,R201,Arterial,1000,40.72,-73.99,514,43,Cloudy,16.6,0.0,0,51.4,92.5
2026-08-28 11:00:00,R201,Arterial,1000,40.72,-73.99,529,42,Cloudy,16.6,0.0,0,52.9,51.4
2026-08-28 12:00:00,R201,Arterial,1000,40.72,-73.99,679,33,Cloudy,16.6,0.0,0,67.9,52.9
2026-08-28 13:00:00,R201,Arterial,1000,40.72,-73.99,512,43,Cloudy,16.6,0.0,0,51.2,67.9
2026-08-28 14:00:00,R201,Arterial,1000,40.72,-73.99,606,37,Cloudy,16.6,0.0,0,60.6,51.2
2026-08-28 15:00:00,R201,Arterial,1000,40.72,-73.99,521,43,Cloudy,16.6,0.0,0,52.1,60.6
2026-08-28 16:00:00,R201,Arterial,1000,40.72,-73.99,1051,19,Cloudy,16.6,0.0,0,105.1,52.1
2026-08-28 17:00:00,R201,Arterial,1000,40.72,-73.99,969,21,Cloudy,16.6,0.0,0,96.9,105.1
2026-08-28 18:00:00,R201,Arterial,1000,40.72,-73.99,1091,18,Cloudy,16.6,0.0,0,109.1,96.9
2026-08-28 19:00:00,R201,Arterial,1000,40.72,-73.99,815,27,Cloudy,16.6,0.0,0,81.5,109.1
2026-08-28 20:00:00,R201,Arterial,1000,40.72,-73.99,174,60,Cloudy,16.6,0.0,0,17.4,81.5
2026-08-28 21:00:00,R201,Arterial,1000,40.72,-73.99,208,60,Cloudy,16.6,0.0,0,20.8,17.4
2026-08-28 22:00:00,R201,Arterial,1000,40.72,-73.99,176,60,Cloudy,16.6,0.0,0,17.6,20.8
2026-08-28 23:00:00,R201,Arterial,1000,40.72,-73.99,175,60,Cloudy,16.6,0.0,0,17.5,17.6
2026-08-29 00:00:00,R201,Arterial,1000,40.72,-73.99,191,48,Rainy,14.4,14.4,0,19.1,17.5
2026-08-29 01:00:00,R201,Arterial,1000,40.72,-73.99,218,48,Rainy,14.4,14.4,0,21.8,19.1
2026-08-29 02:00:00,R201,Arterial,1000,40.72,-73.99,227,48,Rainy,14.4,14.4,0,22.7,21.8
2026-08-29 03:00:00,R201,Arterial,1000,40.72,-73.99,174,48,Rainy,14.4,14.4,0,17.4,22.7
2026-08-29 04:00:00,R201,Arterial,1000,40.72,-73.99,193,48,Rainy,14.4,14.4,0,19.3,17.4
2026-08-29 05:00:00,R201,Arterial,1000,40.72,-73.99,174,48,Rainy,14.4,14.4,0,17.4,19.3
2026-08-29 06:00:00,R201,Arterial,1000,40.72,-73.99,187,48,Rainy,14.4,14.4,0,18.7,17.4
2026-08-29 07:00:00,R201,Arterial,1000,40.72,-73.99,193,48,Rainy,14.4,14.4,0,19.3,18.7
2026-08-29 08:00:00,R201,Arterial,1000,40.72,-73.99,181,48,Rainy,14.4,14.4,0,18.1,19.3
2026-08-29 09:00:00,R201,Arterial,1000,40.72,-73.99,173,48,Rainy,14.4,14.4,0,17.3,18.1
2026-08-29 10:00:00,R201,Arterial,1000,40.72,-73.99,185,48,Rainy,14.4,14.4,0,18.5,17.3
2026-08-29 11:00:00,R201,Arterial,1000,40.72,-73.99,700,26,Rainy,14.4,14.4,0,70.0,18.5
2026-08-29 12:00:00,R201,Arterial,1000,40.72,-73.99,698,26,Rainy,14.4,14.4,0,69.8,70.0
2026-08-29 13:00:00,R201,Arterial,1000,40.72,-73.99,914,5,Rainy,14.4,14.4,1,91.4,69.8
2026-08-29 14:00:00,R201,Arterial,1000,40.72,-73.99,749,24,Rainy,14.4,14.4,0,74.9,91.4
2026-08-29 15:00:00,R201,Arterial,1000,40.72,-73.99,601,30,Rainy,14.4,14.4,0,60.1,74.9
2026-08-29 16:00:00,R201,Arterial,1000,40.72,-73.99,596,30,Rainy,14.4,14.4,0,59.6,60.1
2026-08-29 17:00:00,R201,Arterial,1000,40.72,-73.99,641,28,Rainy,14.4,14.4,0,64.1,59.6
2026-08-29 18:00:00,R201,Arterial,1000,40.72,-73.99,611,30,Rainy,14.4,14.4,0,61.1,64.1
2026-08-29 19:00:00,R201,Arterial,1000,40.72,-73.99,573,31,Rainy,14.4,14.4,0,57.3,61.1
2026-08-29 20:00:00,R201,Arterial,1000,40.72,-73.99,542,33,Rainy,14.4,14.4,0,54.2,57.3
2026-08-29 21:00:00,R201,Arterial,1000,40.72,-73.99,201,48,Rainy,14.4,14.4,0,20.1,54.2
2026-08-29 22:00:00,R201,Arterial,1000,40.72,-73.99,175,48,Rainy,14.4,14.4,0,17.5,20.1
2026-08-29 23:00:00,R201,Arterial,1000,40.72,-73.99,215,48,Rainy,14.4,14.4,0,21.5,17.5
2026-08-30 00:00:00,R201,Arterial,1000,40.72,-73.99,198,60,Clear,23.3,0.0,0,19.8,21.5
2026-08-30 01:00:00,R201,Arterial,1000,40.72,-73.99,202,60,Clear,23.3,0.0,0,20.2,19.8
2026-08-30 02:00:00,R201,Arterial,1000,40.72,-73.99,194,60,Clear,23.3,0.0,0,19.4,20.2
2026-08-30 03:00:00,R201,Arterial,1000,40.72,-73.99,211,60,Clear,23.3,0.0,0,21.1,19.4
2026-08-30 04:00:00,R201,Arterial,1000,40.72,-73.99,222,60,Clear,23.3,0.0,0,22.2,21.1
2026-08-30 05:00:00,R201,Arterial,1000,40.72,-73.99,195,60,Clear,23.3,0.0,0,19.5,22.2
2026-08-30 06:00:00,R201,Arterial,1000,40.72,-73.99,210,60,Clear,23.3,0.0,0,21.0,19.5
2026-08-30 07:00:00,R201,Arterial,1000,40.72,-73.99,178,60,Clear,23.3,0.0,0,17.8,21.0
2026-08-30 08:00:00,R201,Arterial,1000,40.72,-73.99,173,60,Clear,23.3,0.0,0,17.3,17.8
2026-08-30 09:00:00,R201,Arterial,1000,40.72,-73.99,183,60,Clear,23.3,0.0,0,18.3,17.3
2026-08-30 10:00:00,R201,Arterial,1000,40.72,-73.99,180,60,Clear,23.3,0.0,0,18.0,18.3
2026-08-30 11:00:00,R201,Arterial,1000,40.72,-73.99,646,35,Clear,23.3,0.0,0,64.6,18.0
2026-08-30 12:00:00,R201,Arterial,1000,40.72,-73.99,711,32,Clear,23.3,0.0,0,71.1,64.6
2026-08-30 13:00:00,R201,Arterial,1000,40.72,-73.99,720,31,Clear,23.3,0.0,0,72.0,71.1
2026-08-30 14:00:00,R201,Arterial,1000,40.72,-73.99,660,34,Clear,23.3,0.0,0,66.0,72.0
2026-08-30 15:00:00,R201,Arterial,1000,40.72,-73.99,782,29,Clear,23.3,0.0,0,78.2,66.0
2026-08-30 16:00:00,R201,Arterial,1000,40.72,-73.99,521,43,Clear,23.3,0.0,0,52.1,78.2
2026-08-30 17:00:00,R201,Arterial,1000,40.72,-73.99,585,39,Clear,23.3,0.0,0,58.5,52.1
2026-08-30 18:00:00,R201,Arterial,1000,40.72,-73.99,672,34,Clear,23.3,0.0,0,67.2,58.5
2026-08-30 19:00:00,R201,Arterial,1000,40.72,-73.99,646,35,Clear,23.3,0.0,0,64.6,67.2
2026-08-30 20:00:00,R201,Arterial,1000,40.72,-73.99,668,34,Clear,23.3,0.0,0,66.8,64.6
2026-08-30 21:00:00,R201,Arterial,1000,40.72,-73.99,216,60,Clear,23.3,0.0,0,21.6,66.8
2026-08-30 22:00:00,R201,Arterial,1000,40.72,-73.99,216,60,Clear,23.3,0.0,0,21.6,21.6
2026-08-30 23:00:00,R201,Arterial,1000,40.72,-73.99,201,60,Clear,23.3,0.0,0,20.1,21.6
2026-08-31 00:00:00,R201,Arterial,1000,40.72,-73.99,206,60,Cloudy,24.8,0.0,0,20.6,20.1
2026-08-31 01:00:00,R201,Arterial,1000,40.72,-73.99,225,60,Cloudy,24.8,0.0,0,22.5,20.6
2026-08-31 02:00:00,R201,Arterial,1000,40.72,-73.99,182,60,Cloudy,24.8,0.0,0,18.2,22.5
2026-08-31 03:00:00,R201,Arterial,1000,40.72,-73.99,216,60,Cloudy,24.8,0.0,0,21.6,18.2
2026-08-31 04:00:00,R201,Arterial,1000,40.72,-73.99,202,60,Cloudy,24.8,0.0,0,20.2,21.6
2026-08-31 05:00:00,R201,Arterial,1000,40.72,-73.99,226,60,Cloudy,24.8,0.0,0,22.6,20.2
2026-08-31 06:00:00,R201,Arterial,1000,40.72,-73.99,186,60,Cloudy,24.8,0.0,0,18.6,22.6
2026-08-31 07:00:00,R201,Arterial,1000,40.72,-73.99,929,23,Cloudy,24.8,0.0,0,92.9,18.6
2026-08-31 08:00:00,R201,Arterial,1000,40.72,-73.99,796,28,Cloudy,24.8,0.0,0,79.6,92.9
2026-08-31 09:00:00,R201,Arterial,1000,40.72,-73.99,940,22,Cloudy,24.8,0.0,0,94.0,79.6
2026-08-31 10:00:00,R201,Arterial,1000,40.72,-73.99,618,37,Cloudy,24.8,0.0,0,61.8,94.0
2026-08-31 11:00:00,R201,Arterial,1000,40.72,-73.99,578,39,Cloudy,24.8,0.0,0,57.8,61.8
2026-08-31 12:00:00,R201,Arterial,1000,40.72,-73.99,527,42,Cloudy,24.8,0.0,0,52.7,57.8
2026-08-31 13:00:00,R201,Arterial,1000,40.72,-73.99,562,40,Cloudy,24.8,0.0,0,56.2,52.7
2026-08-31 14:00:00,R201,Arterial,1000,40.72,-73.99,565,40,Cloudy,24.8,0.0,0,56.5,56.2
2026-08-31 15:00:00,R201,Arterial,1000,40.72,-73.99,512,43,Cloudy,24.8,0.0,0,51.2,56.5
2026-08-31 16:00:00,R201,Arterial,1000,40.72,-73.99,920,23,Cloudy,24.8,0.0,0,92.0,51.2
2026-08-31 17:00:00,R201,Arterial,1000,40.72,-73.99,1029,20,Cloudy,24.8,0.0,0,102.9,92.0
2026-08-31 18:00:00,R201,Arterial,1000,40.72,-73.99,906,24,Cloudy,24.8,0.0,0,90.6,102.9
2026-08-31 19:00:00,R201,Arterial,1000,40.72,-73.99,890,24,Cloudy,24.8,0.0,0,89.0,90.6
2026-08-31 20:00:00,R201,Arterial,1000,40.72,-73.99,206,60,Cloudy,24.8,0.0,0,20.6,89.0
2026-08-31 21:00:00,R201,Arterial,1000,40.72,-73.99,172,60,Cloudy,24.8,0.0,0,17.2,20.6
2026-08-31 22:00:00,R201,Arterial,1000,40.72,-73.99,193,60,Cloudy,24.8,0.0,0,19.3,17.2
2026-08-31 23:00:00,R201,Arterial,1000,40.72,-73.99,191,60,Cloudy,24.8,0.0,0,19.1,19.3
2026-09-01 00:00:00,R201,Arterial,1000,40.72,-73.99,178,60,Clear,27.0,0.0,0,17.8,19.1
2026-09-01 01:00:00,R201,Arterial,1000,40.72,-73.99,218,60,Clear,27.0,0.0,0,21.8,17.8
2026-09-01 02:00:00,R201,Arterial,1000,40.72,-73.99,221,60,Clear,27.0,0.0,0,22.1,21.8
2026-09-01 03:00:00,R201,Arterial,1000,40.72,-73.99,223,60,Clear,27.0,0.0,0,22.3,22.1
2026-09-01 04:00:00,R201,Arterial,1000,40.72,-73.99,200,60,Clear,27.0,0.0,0,20.0,22.3
2026-09-01 05:00:00,R201,Arterial,1000,40.72,-73.99,226,60,Clear,27.0,0.0,0,22.6,20.0
2026-09-01 06:00:00,R201,Arterial,1000,40.72,-73.99,206,60,Clear,27.0,0.0,0,20.6,22.6
2026-09-01 07:00:00,R201,Arterial,1000,40.72,-73.99,826,27,Clear,27.0,0.0,0,82.6,20.6
2026-09-01 08:00:00,R201,Arterial,1000,40.72,-73.99,1013,20,Clear,27.0,0.0,0,101.3,82.6
2026-09-01 09:00:00,R201,Arterial,1000,40.72,-73.99,892,24,Clear,27.0,0.0,0,89.2,101.3
2026-09-01 10:00:00,R201,Arterial,1000,40.72,-73.99,680,33,Clear,27.0,0.0,0,68.0,89.2
2026-09-01 11:00:00,R201,Arterial,1000,40.72,-73.99,656,35,Clear,27.0,0.0,0,65.6,68.0
2026-09-01 12:00:00,R201,Arterial,1000,40.72,-73.99,536,42,Clear,27.0,0.0,0,53.6,65.6
2026-09-01 13:00:00,R201,Arterial,1000,40.72,-73.99,613,37,Clear,27.0,0.0,0,61.3,53.6
2026-09-01 14:00:00,R201,Arterial,1000,40.72,-73.99,600,38,Clear,27.0,0.0,0,60.0,61.3
2026-09-01 15:00:00,R201,Arterial,1000,40.72,-73.99,520,43,Clear,27.0,0.0,0,52.0,60.0
2026-09-01 16:00:00,R201,Arterial,1000,40.72,-73.99,920,23,Clear,27.0,0.0,0,92.0,52.0
2026-09-01 17:00:00,R201,Arterial,1000,40.72,-73.99,859,25,Clear,27.0,0.0,0,85.9,92.0
2026-09-01 18:00:00,R201,Arterial,1000,40.72,-73.99,840,26,Clear,27.0,0.0,0,84.0,85.9
2026-09-01 19:00:00,R201,Arterial,1000,40.72,-73.99,1019,20,Clear,27.0,0.0,0,101.9,84.0
2026-09-01 20:00:00,R201,Arterial,1000,40.72,-73.99,180,60,Clear,27.0,0.0,0,18.0,101.9
2026-09-01 21:00:00,R201,Arterial,1000,40.72,-73.99,206,60,Clear,27.0,0.0,0,20.6,18.0
2026-09-01 22:00:00,R201,Arterial,1000,40.72,-73.99,186,60,Clear,27.0,0.0,0,18.6,20.6
2026-09-01 23:00:00,R201,Arterial,1000,40.72,-73.99,194,60,Clear,27.0,0.0,0,19.4,18.6
2026-09-02 00:00:00,R201,Arterial,1000,40.72,-73.99,217,48,Rainy,15.9,8.4,0,21.7,19.4
2026-09-02 01:00:00,R201,Arterial,1000,40.72,-73.99,183,48,Rainy,15.9,8.4,0,18.3,21.7
2026-09-02 02:00:00,R201,Arterial,1000,40.72,-73.99,190,48,Rainy,15.9,8.4,0,19.0,18.3
2026-09-02 03:00:00,R201,Arterial,1000,40.72,-73.99,223,48,Rainy,15.9,8.4,0,22.3,19.0
2026-09-02 04:00:00,R201,Arterial,1000,40.72,-73.99,180,48,Rainy,15.9,8.4,0,18.0,22.3
2026-09-02 05:00:00,R201,Arterial,1000,40.72,-73.99,174,48,Rainy,15.9,8.4,0,17.4,18.0
2026-09-02 06:00:00,R201,Arterial,1000,40.72,-73.99,193,48,Rainy,15.9,8.4,0,19.3,17.4
2026-09-02 07:00:00,R201,Arterial,1000,40.72,-73.99,939,18,Rainy,15.9,8.4,0,93.9,19.3
2026-09-02 08:00:00,R201,Arterial,1000,40.72,-73.99,1013,16,Rainy,15.9,8.4,0,101.3,93.9
2026-09-02 09:00:00,R201,Arterial,1000,40.72,-73.99,1084,5,Rainy,15.9,8.4,1,108.4,101.3
2026-09-02 10:00:00,R201,Arterial,1000,40.72,-73.99,686,26,Rainy,15.9,8.4,0,68.6,108.4
2026-09-02 11:00:00,R201,Arterial,1000,40.72,-73.99,604,30,Rainy,15.9,8.4,0,60.4,68.6
2026-09-02 12:00:00,R201,Arterial,1000,40.72,-73.99,688,26,Rainy,15.9,8.4,0,68.8,60.4
2026-09-02 13:00:00,R201,Arterial,1000,40.72,-73.99,526,34,Rainy,15.9,8.4,0,52.6,68.8
2026-09-02 14:00:00,R201,Arterial,1000,40.72,-73.99,520,34,Rainy,15.9,8.4,0,52.0,52.6
2026-09-02 15:00:00,R201,Arterial,1000,40.72,-73.99,601,30,Rainy,15.9,8.4,0,60.1,52.0
2026-09-02 16:00:00,R201,Arterial,1000,40.72,-73.99,970,17,Rainy,15.9,8.4,0,97.0,60.1
2026-09-02 17:00:00,R201,Arterial,1000,40.72,-73.99,1023,16,Rainy,15.9,8.4,0,102.3,97.0
2026-09-02 18:00:00,R201,Arterial,1000,40.72,-73.99,960,17,Rainy,15.9,8.4,0,96.0,102.3
2026-09-02 19:00:00,R201,Arterial,1000,40.72,-73.99,1008,16,Rainy,15.9,8.4,0,100.8,96.0
2026-09-02 20:00:00,R201,Arterial,1000,40.72,-73.99,180,48,Rainy,15.9,8.4,0,18.0,100.8
2026-09-02 21:00:00,R201,Arterial,1000,40.72,-73.99,222,48,Rainy,15.9,8.4,0,22.2,18.0
2026-09-02 22:00:00,R201,Arterial,1000,40.72,-73.99,170,48,Rainy,15.9,8.4,0,17.0,22.2
2026-09-02 23:00:00,R201,Arterial,1000,40.72,-73.99,178,48,Rainy,15.9,8.4,0,17.8,17.0
2026-09-03 00:00:00,R201,Arterial,1000,40.72,-73.99,213,60,Clear,31.2,0.0,0,21.3,17.8
2026-09-03 01:00:00,R201,Arterial,1000,40.72,-73.99,229,60,Clear,31.2,0.0,0,22.9,21.3
2026-09-03 02:00:00,R201,Arterial,1000,40.72,-73.99,237,18,Clear,31.2,0.0,1,23.7,22.9
2026-09-03 03:00:00,R201,Arterial,1000,40.72,-73.99,208,60,Clear,31.2,0.0,0,20.8,23.7
2026-09-03 04:00:00,R201,Arterial,1000,40.72,-73.99,191,60,Clear,31.2,0.0,0,19.1,20.8
2026-09-03 05:00:00,R201,Arterial,1000,40.72,-73.99,177,60,Clear,31.2,0.0,0,17.7,19.1
2026-09-03 06:00:00,R201,Arterial,1000,40.72,-73.99,206,60,Clear,31.2,0.0,0,20.6,17.7
2026-09-03 07:00:00,R201,Arterial,1000,40.72,-73.99,967,22,Clear,31.2,0.0,0,96.7,20.6
2026-09-03 08:00:00,R201,Arterial,1000,40.72,-73.99,841,26,Clear,31.2,0.0,0,84.1,96.7
2026-09-03 09:00:00,R201,Arterial,1000,40.72,-73.99,801,28,Clear,31.2,0.0,0,80.1,84.1
2026-09-03 10:00:00,R201,Arterial,1000,40.72,-73.99,626,36,Clear,31.2,0.0,0,62.6,80.1
2026-09-03 11:00:00,R201,Arterial,1000,40.72,-73.99,553,41,Clear,31.2,0.0,0,55.3,62.6
2026-09-03 12:00:00,R201,Arterial,1000,40.72,-73.99,531,42,Clear,31.2,0.0,0,53.1,55.3
2026-09-03 13:00:00,R201,Arterial,1000,40.72,-73.99,512,43,Clear,31.2,0.0,0,51.2,53.1
2026-09-03 14:00:00,R201,Arterial,1000,40.72,-73.99,671,34,Clear,31.2,0.0,0,67.1,51.2
2026-09-03 15:00:00,R201,Arterial,1000,40.72,-73.99,642,35,Clear,31.2,0.0,0,64.2,67.1
2026-09-03 16:00:00,R201,Arterial,1000,40.72,-73.99,883,25,Clear,31.2,0.0,0,88.3,64.2
2026-09-03 17:00:00,R201,Arterial,1000,40.72,-73.99,809,27,Clear,31.2,0.0,0,80.9,88.3
2026-09-03 18:00:00,R201,Arterial,1000,40.72,-73.99,880,25,Clear,31.2,0.0,0,88.0,80.9
2026-09-03 19:00:00,R201,Arterial,1000,40.72,-73.99,905,24,Clear,31.2,0.0,0,90.5,88.0
2026-09-03 20:00:00,R201,Arterial,1000,40.72,-73.99,175,60,Clear,31.2,0.0,0,17.5,90.5
2026-09-03 21:00:00,R201,Arterial,1000,40.72,-73.99,198,60,Clear,31.2,0.0,0,19.8,17.5
2026-09-03 22:00:00,R201,Arterial,1000,40.72,-73.99,206,60,Clear,31.2,0.0,0,20.6,19.8
2026-09-03 23:00:00,R201,Arterial,1000,40.72,-73.99,202,60,Clear,31.2,0.0,0,20.2,20.6
2026-09-04 00:00:00,R201,Arterial,1000,40.72,-73.99,203,60,Cloudy,18.1,0.0,0,20.3,20.2
2026-09-04 01:00:00,R201,Arterial,1000,40.72,-73.99,220,60,Cloudy,18.1,0.0,0,22.0,20.3
2026-09-04 02:00:00,R201,Arterial,1000,40.72,-73.99,192,60,Cloudy,18.1,0.0,0,19.2,22.0
2026-09-04 03:00:00,R201,Arterial,1000,40.72,-73.99,195,60,Cloudy,18.1,0.0,0,19.5,19.2
2026-09-04 04:00:00,R201,Arterial,1000,40.72,-73.99,196,60,Cloudy,18.1,0.0,0,19.6,19.5
2026-09-04 05:00:00,R201,Arterial,1000,40.72,-73.99,195,60,Cloudy,18.1,0.0,0,19.5,19.6
2026-09-04 06:00:00,R201,Arterial,1000,40.72,-73.99,227,60,Cloudy,18.1,0.0,0,22.7,19.5
2026-09-04 07:00:00,R201,Arterial,1000,40.72,-73.99,941,22,Cloudy,18.1,0.0,0,94.1,22.7
2026-09-04 08:00:00,R201,Arterial,1000,40.72,-73.99,838,26,Cloudy,18.1,0.0,0,83.8,94.1
2026-09-04 09:00:00,R201,Arterial,1000,40.72,-73.99,787,28,Cloudy,18.1,0.0,0,78.7,83.8
2026-09-04 10:00:00,R201,Arterial,1000,40.72,-73.99,630,36,Cloudy,18.1,0.0,0,63.0,78.7
2026-09-04 11:00:00,R201,Arterial,1000,40.72,-73.99,688,33,Cloudy,18.1,0.0,0,68.8,63.0
2026-09-04 12:00:00,R201,Arterial,1000,40.72,-73.99,636,36,Cloudy,18.1,0.0,0,63.6,68.8
2026-09-04 13:00:00,R201,Arterial,1000,40.72,-73.99,561,40,Cloudy,18.1,0.0,0,56.1,63.6
2026-09-04 14:00:00,R201,Arterial,1000,40.72,-73.99,658,35,Cloudy,18.1,0.0,0,65.8,56.1
2026-09-04 15:00:00,R201,Arterial,1000,40.72,-73.99,602,38,Cloudy,18.1,0.0,0,60.2,65.8
2026-09-04 16:00:00,R201,Arterial,1000,40.72,-73.99,983,21,Cloudy,18.1,0.0,0,98.3,60.2
2026-09-04 17:00:00,R201,Arterial,1000,40.72,-73.99,883,25,Cloudy,18.1,0.0,0,88.3,98.3
2026-09-04 18:00:00,R201,Arterial,1000,40.72,-73.99,843,26,Cloudy,18.1,0.0,0,84.3,88.3
2026-09-04 19:00:00,R201,Arterial,1000,40.72,-73.99,978,21,Cloudy,18.1,0.0,0,97.8,84.3
2026-09-04 20:00:00,R201,Arterial,1000,40.72,-73.99,209,60,Cloudy,18.1,0.0,0,20.9,97.8
2026-09-04 21:00:00,R201,Arterial,1000,40.72,-73.99,205,60,Cloudy,18.1,0.0,0,20.5,20.9
2026-09-04 22:00:00,R201,Arterial,1000,40.72,-73.99,221,60,Cloudy,18.1,0.0,0,22.1,20.5
2026-09-04 23:00:00,R201,Arterial,1000,40.72,-73.99,181,60,Cloudy,18.1,0.0,0,18.1,22.1
2026-09-05 00:00:00,R201,Arterial,1000,40.72,-73.99,176,48,Rainy,12.7,7.8,0,17.6,18.1
2026-09-05 01:00:00,R201,Arterial,1000,40.72,-73.99,175,48,Rainy,12.7,7.8,0,17.5,17.6
2026-09-05 02:00:00,R201,Arterial,1000,40.72,-73.99,220,48,Rainy,12.7,7.8,0,22.0,17.5
2026-09-05 03:00:00,R201,Arterial,1000,40.72,-73.99,186,48,Rainy,12.7,7.8,0,18.6,22.0
2026-09-05 04:00:00,R201,Arterial,1000,40.72,-73.99,188,48,Rainy,12.7,7.8,0,18.8,18.6
2026-09-05 05:00:00,R201,Arterial,1000,40.72,-73.99,229,48,Rainy,12.7,7.8,0,22.9,18.8
2026-09-05 06:00:00,R201,Arterial,1000,40.72,-73.99,178,48,Rainy,12.7,7.8,0,17.8,22.9
2026-09-05 07:00:00,R201,Arterial,1000,40.72,-73.99,182,48,Rainy,12.7,7.8,0,18.2,17.8
2026-09-05 08:00:00,R201,Arterial,1000,40.72,-73.99,186,48,Rainy,12.7,7.8,0,18.6,18.2
2026-09-05 09:00:00,R201,Arterial,1000,40.72,-73.99,174,48,Rainy,12.7,7.8,0,17.4,18.6
2026-09-05 10:00:00,R201,Arterial,1000,40.72,-73.99,186,48,Rainy,12.7,7.8,0,18.6,17.4
2026-09-05 11:00:00,R201,Arterial,1000,40.72,-73.99,664,27,Rainy,12.7,7.8,0,66.4,18.6
2026-09-05 12:00:00,R201,Arterial,1000,40.72,-73.99,800,22,Rainy,12.7,7.8,0,80.0,66.4
2026-09-05 13:00:00,R201,Arterial,1000,40.72,-73.99,709,25,Rainy,12.7,7.8,0,70.9,80.0
2026-09-05 14:00:00,R201,Arterial,1000,40.72,-73.99,769,23,Rainy,12.7,7.8,0,76.9,70.9
2026-09-05 15:00:00,R201,Arterial,1000,40.72,-73.99,684,26,Rainy,12.7,7.8,0,68.4,76.9
2026-09-05 16:00:00,R201,Arterial,1000,40.72,-73.99,519,34,Rainy,12.7,7.8,0,51.9,68.4
2026-09-05 17:00:00,R201,Arterial,1000,40.72,-73.99,765,7,Rainy,12.7,7.8,1,76.5,51.9
2026-09-05 18:00:00,R201,Arterial,1000,40.72,-73.99,603,30,Rainy,12.7,7.8,0,60.3,76.5
2026-09-05 19:00:00,R201,Arterial,1000,40.72,-73.99,606,30,Rainy,12.7,7.8,0,60.6,60.3
2026-09-05 20:00:00,R201,Arterial,1000,40.72,-73.99,673,27,Rainy,12.7,7.8,0,67.3,60.6
2026-09-05 21:00:00,R201,Arterial,1000,40.72,-73.99,212,48,Rainy,12.7,7.8,0,21.2,67.3
2026-09-05 22:00:00,R201,Arterial,1000,40.72,-73.99,199,48,Rainy,12.7,7.8,0,19.9,21.2
2026-09-05 23:00:00,R201,Arterial,1000,40.72,-73.99,189,48,Rainy,12.7,7.8,0,18.9,19.9
2026-09-06 00:00:00,R201,Arterial,1000,40.72,-73.99,209,60,Cloudy,16.1,0.0,0,20.9,18.9
2026-09-06 01:00:00,R201,Arterial,1000,40.72,-73.99,189,60,Cloudy,16.1,0.0,0,18.9,20.9
2026-09-06 02:00:00,R201,Arterial,1000,40.72,-73.99,214,60,Cloudy,16.1,0.0,0,21.4,18.9
2026-09-06 03:00:00,R201,Arterial,1000,40.72,-73.99,190,60,Cloudy,16.1,0.0,0,19.0,21.4
2026-09-06 04:00:00,R201,Arterial,1000,40.72,-73.99,200,60,Cloudy,16.1,0.0,0,20.0,19.0
2026-09-06 05:00:00,R201,Arterial,1000,40.72,-73.99,171,60,Cloudy,16.1,0.0,0,17.1,20.0
2026-09-06 06:00:00,R201,Arterial,1000,40.72,-73.99,201,60,Cloudy,16.1,0.0,0,20.1,17.1
2026-09-06 07:00:00,R201,Arterial,1000,40.72,-73.99,216,60,Cloudy,16.1,0.0,0,21.6,20.1
2026-09-06 08:00:00,R201,Arterial,1000,40.72,-73.99,223,60,Cloudy,16.1,0.0,0,22.3,21.6
2026-09-06 09:00:00,R201,Arterial,1000,40.72,-73.99,179,60,Cloudy,16.1,0.0,0,17.9,22.3
2026-09-06 10:00:00,R201,Arterial,1000,40.72,-73.99,213,60,Cloudy,16.1,0.0,0,21.3,17.9
2026-09-06 11:00:00,R201,Arterial,1000,40.72,-73.99,616,37,Cloudy,16.1,0.0,0,61.6,21.3
2026-09-06 12:00:00,R201,Arterial,1000,40.72,-73.99,692,33,Cloudy,16.1,0.0,0,69.2,61.6
2026-09-06 13:00:00,R201,Arterial,1000,40.72,-73.99,659,35,Cloudy,16.1,0.0,0,65.9,69.2
2026-09-06 14:00:00,R201,Arterial,1000,40.72,-73.99,749,30,Cloudy,16.1,0.0,0,74.9,65.9
2026-09-06 15:00:00,R201,Arterial,1000,40.72,-73.99,723,31,Cloudy,16.1,0.0,0,72.3,74.9
2026-09-06 16:00:00,R201,Arterial,1000,40.72,-73.99,531,42,Cloudy,16.1,0.0,0,53.1,72.3
2026-09-06 17:00:00,R201,Arterial,1000,40.72,-73.99,653,35,Cloudy,16.1,0.0,0,65.3,53.1
2026-09-06 18:00:00,R201,Arterial,1000,40.72,-73.99,597,38,Cloudy,16.1,0.0,0,59.7,65.3
2026-09-06 19:00:00,R201,Arterial,1000,40.72,-73.99,583,39,Cloudy,16.1,0.0,0,58.3,59.7
2026-09-06 20:00:00,R201,Arterial,1000,40.72,-73.99,600,38,Cloudy,16.1,0.0,0,60.0,58.3
2026-09-06 21:00:00,R201,Arterial,1000,40.72,-73.99,177,60,Cloudy,16.1,0.0,0,17.7,60.0
2026-09-06 22:00:00,R201,Arterial,1000,40.72,-73.99,177,60,Cloudy,16.1,0.0,0,17.7,17.7
2026-09-06 23:00:00,R201,Arterial,1000,40.72,-73.99,184,60,Cloudy,16.1,0.0,0,18.4,17.7
2026-09-07 00:00:00,R201,Arterial,1000,40.72,-73.99,178,60,Clear,33.7,0.0,0,17.8,18.4
2026-09-07 01:00:00,R201,Arterial,1000,40.72,-73.99,225,60,Clear,33.7,0.0,0,22.5,17.8
2026-09-07 02:00:00,R201,Arterial,1000,40.72,-73.99,219,60,Clear,33.7,0.0,0,21.9,22.5
2026-09-07 03:00:00,R201,Arterial,1000,40.72,-73.99,183,60,Clear,33.7,0.0,0,18.3,21.9
2026-09-07 04:00:00,R201,Arterial,1000,40.72,-73.99,224,60,Clear,33.7,0.0,0,22.4,18.3
2026-09-07 05:00:00,R201,Arterial,1000,40.72,-73.99,188,60,Clear,33.7,0.0,0,18.8,22.4
2026-09-07 06:00:00,R201,Arterial,1000,40.72,-73.99,213,60,Clear,33.7,0.0,0,21.3,18.8
2026-09-07 07:00:00,R201,Arterial,1000,40.72,-73.99,847,26,Clear,33.7,0.0,0,84.7,21.3
2026-09-07 08:00:00,R201,Arterial,1000,40.72,-73.99,774,29,Clear,33.7,0.0,0,77.4,84.7
2026-09-07 09:00:00,R201,Arterial,1000,40.72,-73.99,952,22,Clear,33.7,0.0,0,95.2,77.4
2026-09-07 10:00:00,R201,Arterial,1000,40.72,-73.99,615,37,Clear,33.7,0.0,0,61.5,95.2
2026-09-07 11:00:00,R201,Arterial,1000,40.72,-73.99,599,38,Clear,33.7,0.0,0,59.9,61.5
2026-09-07 12:00:00,R201,Arterial,1000,40.72,-73.99,684,33,Clear,33.7,0.0,0,68.4,59.9
2026-09-07 13:00:00,R201,Arterial,1000,40.72,-73.99,523,42,Clear,33.7,0.0,0,52.3,68.4
2026-09-07 14:00:00,R201,Arterial,1000,40.72,-73.99,610,37,Clear,33.7,0.0,0,61.0,52.3
2026-09-07 15:00:00,R201,Arterial,1000,40.72,-73.99,633,36,Clear,33.7,0.0,0,63.3,61.0
2026-09-07 16:00:00,R201,Arterial,1000,40.72,-73.99,1044,19,Clear,33.7,0.0,0,104.4,63.3
2026-09-07 17:00:00,R201,Arterial,1000,40.72,-73.99,1088,18,Clear,33.7,0.0,0,108.8,104.4
2026-09-07 18:00:00,R201,Arterial,1000,40.72,-73.99,896,24,Clear,33.7,0.0,0,89.6,108.8
2026-09-07 19:00:00,R201,Arterial,1000,40.72,-73.99,924,23,Clear,33.7,0.0,0,92.4,89.6
2026-09-07 20:00:00,R201,Arterial,1000,40.72,-73.99,194,60,Clear,33.7,0.0,0,19.4,92.4
2026-09-07 21:00:00,R201,Arterial,1000,40.72,-73.99,194,60,Clear,33.7,0.0,0,19.4,19.4
2026-09-07 22:00:00,R201,Arterial,1000,40.72,-73.99,201,60,Clear,33.7,0.0,0,20.1,19.4
2026-09-07 23:00:00,R201,Arterial,1000,40.72,-73.99,205,60,Clear,33.7,0.0,0,20.5,20.1
2026-09-08 00:00:00,R201,Arterial,1000,40.72,-73.99,208,60,Clear,20.5,0.0,0,20.8,20.5
2026-09-08 01:00:00,R201,Arterial,1000,40.72,-73.99,192,60,Clear,20.5,0.0,0,19.2,20.8
2026-09-08 02:00:00,R201,Arterial,1000,40.72,-73.99,195,60,Clear,20.5,0.0,0,19.5,19.2
2026-09-08 03:00:00,R201,Arterial,1000,40.72,-73.99,170,60,Clear,20.5,0.0,0,17.0,19.5
2026-09-08 04:00:00,R201,Arterial,1000,40.72,-73.99,203,60,Clear,20.5,0.0,0,20.3,17.0
2026-09-08 05:00:00,R201,Arterial,1000,40.72,-73.99,190,60,Clear,20.5,0.0,0,19.0,20.3
2026-09-08 06:00:00,R201,Arterial,1000,40.72,-73.99,210,60,Clear,20.5,0.0,0,21.0,19.0
2026-09-08 07:00:00,R201,Arterial,1000,40.72,-73.99,802,28,Clear,20.5,0.0,0,80.2,21.0
2026-09-08 08:00:00,R201,Arterial,1000,40.72,-73.99,842,26,Clear,20.5,0.0,0,84.2,80.2
2026-09-08 09:00:00,R201,Arterial,1000,40.72,-73.99,972,21,Clear,20.5,0.0,0,97.2,84.2
2026-09-08 10:00:00,R201,Arterial,1000,40.72,-73.99,570,40,Clear,20.5,0.0,0,57.0,97.2
2026-09-08 11:00:00,R201,Arterial,1000,40.72,-73.99,552,41,Clear,20.5,0.0,0,55.2,57.0
2026-09-08 12:00:00,R201,Arterial,1000,40.72,-73.99,680,33,Clear,20.5,0.0,0,68.0,55.2
2026-09-08 13:00:00,R201,Arterial,1000,40.72,-73.99,593,38,Clear,20.5,0.0,0,59.3,68.0
2026-09-08 14:00:00,R201,Arterial,1000,40.72,-73.99,647,35,Clear,20.5,0.0,0,64.7,59.3
2026-09-08 15:00:00,R201,Arterial,1000,40.72,-73.99,654,35,Clear,20.5,0.0,0,65.4,64.7
2026-09-08 16:00:00,R201,Arterial,1000,40.72,-73.99,1046,19,Clear,20.5,0.0,0,104.6,65.4
2026-09-08 17:00:00,R201,Arterial,1000,40.72,-73.99,1075,18,Clear,20.5,0.0,0,107.5,104.6
2026-09-08 18:00:00,R201,Arterial,1000,40.72,-73.99,840,26,Clear,20.5,0.0,0,84.0,107.5
2026-09-08 19:00:00,R201,Arterial,1000,40.72,-73.99,1035,19,Clear,20.5,0.0,0,103.5,84.0
2026-09-08 20:00:00,R201,Arterial,1000,40.72,-73.99,228,60,Clear,20.5,0.0,0,22.8,103.5
2026-09-08 21:00:00,R201,Arterial,1000,40.72,-73.99,206,60,Clear,20.5,0.0,0,20.6,22.8
2026-09-08 22:00:00,R201,Arterial,1000,40.72,-73.99,224,60,Clear,20.5,0.0,0,22.4,20.6
2026-09-08 23:00:00,R201,Arterial,1000,40.72,-73.99,190,60,Clear,20.5,0.0,0,19.0,22.4
2026-09-09 00:00:00,R201,Arterial,1000,40.72,-73.99,182,60,Clear,24.7,0.0,0,18.2,19.0
2026-09-09 01:00:00,R201,Arterial,1000,40.72,-73.99,172,60,Clear,24.7,0.0,0,17.2,18.2
2026-09-09 02:00:00,R201,Arterial,1000,40.72,-73.99,201,60,Clear,24.7,0.0,0,20.1,17.2
2026-09-09 03:00:00,R201,Arterial,1000,40.72,-73.99,204,60,Clear,24.7,0.0,0,20.4,20.1
2026-09-09 04:00:00,R201,Arterial,1000,40.72,-73.99,191,60,Clear,24.7,0.0,0,19.1,20.4
2026-09-09 05:00:00,R201,Arterial,1000,40.72,-73.99,179,60,Clear,24.7,0.0,0,17.9,19.1
2026-09-09 06:00:00,R201,Arterial,1000,40.72,-73.99,180,60,Clear,24.7,0.0,0,18.0,17.9
2026-09-09 07:00:00,R201,Arterial,1000,40.72,-73.99,872,25,Clear,24.7,0.0,0,87.2,18.0
2026-09-09 08:00:00,R201,Arterial,1000,40.72,-73.99,853,26,Clear,24.7,0.0,0,85.3,87.2
2026-09-09 09:00:00,R201,Arterial,1000,40.72,-73.99,1002,20,Clear,24.7,0.0,0,100.2,85.3
2026-09-09 10:00:00,R201,Arterial,1000,40.72,-73.99,625,36,Clear,24.7,0.0,0,62.5,100.2
2026-09-09 11:00:00,R201,Arterial,1000,40.72,-73.99,514,43,Clear,24.7,0.0,0,51.4,62.5
2026-09-09 12:00:00,R201,Arterial,1000,40.72,-73.99,682,33,Clear,24.7,0.0,0,68.2,51.4
2026-09-09 13:00:00,R201,Arterial,1000,40.72,-73.99,683,33,Clear,24.7,0.0,0,68.3,68.2
2026-09-09 14:00:00,R201,Arterial,1000,40.72,-73.99,575,39,Clear,24.7,0.0,0,57.5,68.3
2026-09-09 15:00:00,R201,Arterial,1000,40.72,-73.99,543,41,Clear,24.7,0.0,0,54.3,57.5
2026-09-09 16:00:00,R201,Arterial,1000,40.72,-73.99,1088,18,Clear,24.7,0.0,0,108.8,54.3
2026-09-09 17:00:00,R201,Arterial,1000,40.72,-73.99,1086,18,Clear,24.7,0.0,0,108.6,108.8
2026-09-09 18:00:00,R201,Arterial,1000,40.72,-73.99,921,23,Clear,24.7,0.0,0,92.1,108.6
2026-09-09 19:00:00,R201,Arterial,1000,40.72,-73.99,1087,18,Clear,24.7,0.0,0,108.7,92.1
2026-09-09 20:00:00,R201,Arterial,1000,40.72,-73.99,170,60,Clear,24.7,0.0,0,17.0,108.7
2026-09-09 21:00:00,R201,Arterial,1000,40.72,-73.99,214,60,Clear,24.7,0.0,0,21.4,17.0
2026-09-09 22:00:00,R201,Arterial,1000,40.72,-73.99,206,60,Clear,24.7,0.0,0,20.6,21.4
2026-09-09 23:00:00,R201,Arterial,1000,40.72,-73.99,172,60,Clear,24.7,0.0,0,17.2,20.6
2026-09-10 00:00:00,R201,Arterial,1000,40.72,-73.99,183,60,Clear,20.1,0.0,0,18.3,17.2
2026-09-10 01:00:00,R201,Arterial,1000,40.72,-73.99,218,60,Clear,20.1,0.0,0,21.8,18.3
2026-09-10 02:00:00,R201,Arterial,1000,40.72,-73.99,196,60,Clear,20.1,0.0,0,19.6,21.8
2026-09-10 03:00:00,R201,Arterial,1000,40.72,-73.99,212,60,Clear,20.1,0.0,0,21.2,19.6
2026-09-10 04:00:00,R201,Arterial,1000,40.72,-73.99,180,60,Clear,20.1,0.0,0,18.0,21.2
2026-09-10 05:00:00,R201,Arterial,1000,40.72,-73.99,200,60,Clear,20.1,0.0,0,20.0,18.0
2026-09-10 06:00:00,R201,Arterial,1000,40.72,-73.99,216,60,Clear,20.1,0.0,0,21.6,20.0
2026-09-10 07:00:00,R201,Arterial,1000,40.72,-73.99,787,28,Clear,20.1,0.0,0,78.7,21.6
2026-09-10 08:00:00,R201,Arterial,1000,40.72,-73.99,862,25,Clear,20.1,0.0,0,86.2,78.7
2026-09-10 09:00:00,R201,Arterial,1000,40.72,-73.99,985,21,Clear,20.1,0.0,0,98.5,86.2
2026-09-10 10:00:00,R201,Arterial,1000,40.72,-73.99,531,42,Clear,20.1,0.0,0,53.1,98.5
2026-09-10 11:00:00,R201,Arterial,1000,40.72,-73.99,565,40,Clear,20.1,0.0,0,56.5,53.1
2026-09-10 12:00:00,R201,Arterial,1000,40.72,-73.99,570,40,Clear,20.1,0.0,0,57.0,56.5
2026-09-10 13:00:00,R201,Arterial,1000,40.72,-73.99,584,39,Clear,20.1,0.0,0,58.4,57.0
2026-09-10 14:00:00,R201,Arterial,1000,40.72,-73.99,516,43,Clear,20.1,0.0,0,51.6,58.4
2026-09-10 15:00:00,R201,Arterial,1000,40.72,-73.99,512,43,Clear,20.1,0.0,0,51.2,51.6
2026-09-10 16:00:00,R201,Arterial,1000,40.72,-73.99,819,27,Clear,20.1,0.0,0,81.9,51.2
2026-09-10 17:00:00,R201,Arterial,1000,40.72,-73.99,1023,20,Clear,20.1,0.0,0,102.3,81.9
2026-09-10 18:00:00,R201,Arterial,1000,40.72,-73.99,1035,19,Clear,20.1,0.0,0,103.5,102.3
2026-09-10 19:00:00,R201,Arterial,1000,40.72,-73.99,976,21,Clear,20.1,0.0,0,97.6,103.5
2026-09-10 20:00:00,R201,Arterial,1000,40.72,-73.99,222,60,Clear,20.1,0.0,0,22.2,97.6
2026-09-10 21:00:00,R201,Arterial,1000,40.72,-73.99,216,60,Clear,20.1,0.0,0,21.6,22.2
2026-09-10 22:00:00,R201,Arterial,1000,40.72,-73.99,212,60,Clear,20.1,0.0,0,21.2,21.6
2026-09-10 23:00:00,R201,Arterial,1000,40.72,-73.99,191,60,Clear,20.1,0.0,0,19.1,21.2
2026-09-11 00:00:00,R201,Arterial,1000,40.72,-73.99,216,60,Clear,22.1,0.0,0,21.6,19.1
2026-09-11 01:00:00,R201,Arterial,1000,40.72,-73.99,222,60,Clear,22.1,0.0,0,22.2,21.6
2026-09-11 02:00:00,R201,Arterial,1000,40.72,-73.99,215,60,Clear,22.1,0.0,0,21.5,22.2
2026-09-11 03:00:00,R201,Arterial,1000,40.72,-73.99,173,60,Clear,22.1,0.0,0,17.3,21.5
2026-09-11 04:00:00,R201,Arterial,1000,40.72,-73.99,175,60,Clear,22.1,0.0,0,17.5,17.3
2026-09-11 05:00:00,R201,Arterial,1000,40.72,-73.99,184,60,Clear,22.1,0.0,0,18.4,17.5
2026-09-11 06:00:00,R201,Arterial,1000,40.72,-73.99,216,60,Clear,22.1,0.0,0,21.6,18.4
2026-09-11 07:00:00,R201,Arterial,1000,40.72,-73.99,954,22,Clear,22.1,0.0,0,95.4,21.6
2026-09-11 08:00:00,R201,Arterial,1000,40.72,-73.99,1023,20,Clear,22.1,0.0,0,102.3,95.4
2026-09-11 09:00:00,R201,Arterial,1000,40.72,-73.99,991,21,Clear,22.1,0.0,0,99.1,102.3
2026-09-11 10:00:00,R201,Arterial,1000,40.72,-73.99,581,39,Clear,22.1,0.0,0,58.1,99.1
2026-09-11 11:00:00,R201,Arterial,1000,40.72,-73.99,560,40,Clear,22.1,0.0,0,56.0,58.1
2026-09-11 12:00:00,R201,Arterial,1000,40.72,-73.99,658,35,Clear,22.1,0.0,0,65.8,56.0
2026-09-11 13:00:00,R201,Arterial,1000,40.72,-73.99,515,43,Clear,22.1,0.0,0,51.5,65.8
2026-09-11 14:00:00,R201,Arterial,1000,40.72,-73.99,662,34,Clear,22.1,0.0,0,66.2,51.5
2026-09-11 15:00:00,R201,Arterial,1000,40.72,-73.99,680,33,Clear,22.1,0.0,0,68.0,66.2
2026-09-11 16:00:00,R201,Arterial,1000,40.72,-73.99,853,26,Clear,22.1,0.0,0,85.3,68.0
2026-09-11 17:00:00,R201,Arterial,1000,40.72,-73.99,905,24,Clear,22.1,0.0,0,90.5,85.3
2026-09-11 18:00:00,R201,Arterial,1000,40.72,-73.99,839,26,Clear,22.1,0.0,0,83.9,90.5
2026-09-11 19:00:00,R201,Arterial,1000,40.72,-73.99,972,21,Clear,22.1,0.0,0,97.2,83.9
2026-09-11 20:00:00,R201,Arterial,1000,40.72,-73.99,202,60,Clear,22.1,0.0,0,20.2,97.2
2026-09-11 21:00:00,R201,Arterial,1000,40.72,-73.99,195,60,Clear,22.1,0.0,0,19.5,20.2
2026-09-11 22:00:00,R201,Arterial,1000,40.72,-73.99,216,60,Clear,22.1,0.0,0,21.6,19.5
2026-09-11 23:00:00,R201,Arterial,1000,40.72,-73.99,196,60,Clear,22.1,0.0,0,19.6,21.6
2026-09-12 00:00:00,R201,Arterial,1000,40.72,-73.99,194,60,Cloudy,24.4,0.0,0,19.4,19.6
2026-09-12 01:00:00,R201,Arterial,1000,40.72,-73.99,225,60,Cloudy,24.4,0.0,0,22.5,19.4
2026-09-12 02:00:00,R201,Arterial,1000,40.72,-73.99,171,60,Cloudy,24.4,0.0,0,17.1,22.5
2026-09-12 03:00:00,R201,Arterial,1000,40.72,-73.99,185,60,Cloudy,24.4,0.0,0,18.5,17.1
2026-09-12 04:00:00,R201,Arterial,1000,40.72,-73.99,177,60,Cloudy,24.4,0.0,0,17.7,18.5
2026-09-12 05:00:00,R201,Arterial,1000,40.72,-73.99,193,60,Cloudy,24.4,0.0,0,19.3,17.7
2026-09-12 06:00:00,R201,Arterial,1000,40.72,-73.99,222,60,Cloudy,24.4,0.0,0,22.2,19.3
2026-09-12 07:00:00,R201,Arterial,1000,40.72,-73.99,216,60,Cloudy,24.4,0.0,0,21.6,22.2
2026-09-12 08:00:00,R201,Arterial,1000,40.72,-73.99,218,60,Cloudy,24.4,0.0,0,21.8,21.6
2026-09-12 09:00:00,R201,Arterial,1000,40.72,-73.99,172,60,Cloudy,24.4,0.0,0,17.2,21.8
2026-09-12 10:00:00,R201,Arterial,1000,40.72,-73.99,197,60,Cloudy,24.4,0.0,0,19.7,17.2
2026-09-12 11:00:00,R201,Arterial,1000,40.72,-73.99,772,29,Cloudy,24.4,0.0,0,77.2,19.7
2026-09-12 12:00:00,R201,Arterial,1000,40.72,-73.99,802,28,Cloudy,24.4,0.0,0,80.2,77.2
2026-09-12 13:00:00,R201,Arterial,1000,40.72,-73.99,742,30,Cloudy,24.4,0.0,0,74.2,80.2
2026-09-12 14:00:00,R201,Arterial,1000,40.72,-73.99,669,34,Cloudy,24.4,0.0,0,66.9,74.2
2026-09-12 15:00:00,R201,Arterial,1000,40.72,-73.99,703,32,Cloudy,24.4,0.0,0,70.3,66.9
2026-09-12 16:00:00,R201,Arterial,1000,40.72,-73.99,609,37,Cloudy,24.4,0.0,0,60.9,70.3
2026-09-12 17:00:00,R201,Arterial,1000,40.72,-73.99,666,34,Cloudy,24.4,0.0,0,66.6,60.9
2026-09-12 18:00:00,R201,Arterial,1000,40.72,-73.99,686,33,Cloudy,24.4,0.0,0,68.6,66.6
2026-09-12 19:00:00,R201,Arterial,1000,40.72,-73.99,534,42,Cloudy,24.4,0.0,0,53.4,68.6
2026-09-12 20:00:00,R201,Arterial,1000,40.72,-73.99,625,36,Cloudy,24.4,0.0,0,62.5,53.4
2026-09-12 21:00:00,R201,Arterial,1000,40.72,-73.99,197,60,Cloudy,24.4,0.0,0,19.7,62.5
2026-09-12 22:00:00,R201,Arterial,1000,40.72,-73.99,186,60,Cloudy,24.4,0.0,0,18.6,19.7
2026-09-12 23:00:00,R201,Arterial,1000,40.72,-73.99,193,60,Cloudy,24.4,0.0,0,19.3,18.6
2026-09-13 00:00:00,R201,Arterial,1000,40.72,-73.99,221,60,Cloudy,17.0,0.0,0,22.1,19.3
2026-09-13 01:00:00,R201,Arterial,1000,40.72,-73.99,225,60,Cloudy,17.0,0.0,0,22.5,22.1
2026-09-13 02:00:00,R201,Arterial,1000,40.72,-73.99,228,60,Cloudy,17.0,0.0,0,22.8,22.5
2026-09-13 03:00:00,R201,Arterial,1000,40.72,-73.99,176,60,Cloudy,17.0,0.0,0,17.6,22.8
2026-09-13 04:00:00,R201,Arterial,1000,40.72,-73.99,176,60,Cloudy,17.0,0.0,0,17.6,17.6
2026-09-13 05:00:00,R201,Arterial,1000,40.72,-73.99,219,60,Cloudy,17.0,0.0,0,21.9,17.6
2026-09-13 06:00:00,R201,Arterial,1000,40.72,-73.99,215,60,Cloudy,17.0,0.0,0,21.5,21.9
2026-09-13 07:00:00,R201,Arterial,1000,40.72,-73.99,212,60,Cloudy,17.0,0.0,0,21.2,21.5
2026-09-13 08:00:00,R201,Arterial,1000,40.72,-73.99,203,60,Cloudy,17.0,0.0,0,20.3,21.2
2026-09-13 09:00:00,R201,Arterial,1000,40.72,-73.99,207,60,Cloudy,17.0,0.0,0,20.7,20.3
2026-09-13 10:00:00,R201,Arterial,1000,40.72,-73.99,219,60,Cloudy,17.0,0.0,0,21.9,20.7
2026-09-13 11:00:00,R201,Arterial,1000,40.72,-73.99,705,32,Cloudy,17.0,0.0,0,70.5,21.9
2026-09-13 12:00:00,R201,Arterial,1000,40.72,-73.99,610,37,Cloudy,17.0,0.0,0,61.0,70.5
2026-09-13 13:00:00,R201,Arterial,1000,40.72,-73.99,611,37,Cloudy,17.0,0.0,0,61.1,61.0
2026-09-13 14:00:00,R201,Arterial,1000,40.72,-73.99,595,38,Cloudy,17.0,0.0,0,59.5,61.1
2026-09-13 15:00:00,R201,Arterial,1000,40.72,-73.99,692,33,Cloudy,17.0,0.0,0,69.2,59.5
2026-09-13 16:00:00,R201,Arterial,1000,40.72,-73.99,685,33,Cloudy,17.0,0.0,0,68.5,69.2
2026-09-13 17:00:00,R201,Arterial,1000,40.72,-73.99,598,38,Cloudy,17.0,0.0,0,59.8,68.5
2026-09-13 18:00:00,R201,Arterial,1000,40.72,-73.99,550,41,Cloudy,17.0,0.0,0,55.0,59.8
2026-09-13 19:00:00,R201,Arterial,1000,40.72,-73.99,608,37,Cloudy,17.0,0.0,0,60.8,55.0
2026-09-13 20:00:00,R201,Arterial,1000,40.72,-73.99,521,43,Cloudy,17.0,0.0,0,52.1,60.8
2026-09-13 21:00:00,R201,Arterial,1000,40.72,-73.99,198,60,Cloudy,17.0,0.0,0,19.8,52.1
2026-09-13 22:00:00,R201,Arterial,1000,40.72,-73.99,220,60,Cloudy,17.0,0.0,0,22.0,19.8
2026-09-13 23:00:00,R201,Arterial,1000,40.72,-73.99,202,60,Cloudy,17.0,0.0,0,20.2,22.0
2026-09-14 00:00:00,R201,Arterial,1000,40.72,-73.99,203,60,Clear,22.4,0.0,0,20.3,20.2
2026-09-14 01:00:00,R201,Arterial,1000,40.72,-73.99,218,60,Clear,22.4,0.0,0,21.8,20.3
2026-09-14 02:00:00,R201,Arterial,1000,40.72,-73.99,175,60,Clear,22.4,0.0,0,17.5,21.8
2026-09-14 03:00:00,R201,Arterial,1000,40.72,-73.99,205,60,Clear,22.4,0.0,0,20.5,17.5
2026-09-14 04:00:00,R201,Arterial,1000,40.72,-73.99,212,60,Clear,22.4,0.0,0,21.2,20.5
2026-09-14 05:00:00,R201,Arterial,1000,40.72,-73.99,229,60,Clear,22.4,0.0,0,22.9,21.2
2026-09-14 06:00:00,R201,Arterial,1000,40.72,-73.99,191,60,Clear,22.4,0.0,0,19.1,22.9
2026-09-14 07:00:00,R201,Arterial,1000,40.72,-73.99,1058,5,Clear,22.4,0.0,1,105.8,19.1
2026-09-14 08:00:00,R201,Arterial,1000,40.72,-73.99,831,27,Clear,22.4,0.0,0,83.1,105.8
2026-09-14 09:00:00,R201,Arterial,1000,40.72,-73.99,916,23,Clear,22.4,0.0,0,91.6,83.1
2026-09-14 10:00:00,R201,Arterial,1000,40.72,-73.99,673,34,Clear,22.4,0.0,0,67.3,91.6
2026-09-14 11:00:00,R201,Arterial,1000,40.72,-73.99,596,38,Clear,22.4,0.0,0,59.6,67.3
2026-09-14 12:00:00,R201,Arterial,1000,40.72,-73.99,538,41,Clear,22.4,0.0,0,53.8,59.6
2026-09-14 13:00:00,R201,Arterial,1000,40.72,-73.99,689,33,Clear,22.4,0.0,0,68.9,53.8
2026-09-14 14:00:00,R201,Arterial,1000,40.72,-73.99,641,35,Clear,22.4,0.0,0,64.1,68.9
2026-09-14 15:00:00,R201,Arterial,1000,40.72,-73.99,602,38,Clear,22.4,0.0,0,60.2,64.1
2026-09-14 16:00:00,R201,Arterial,1000,40.72,-73.99,950,22,Clear,22.4,0.0,0,95.0,60.2
2026-09-14 17:00:00,R201,Arterial,1000,40.72,-73.99,1054,19,Clear,22.4,0.0,0,105.4,95.0
2026-09-14 18:00:00,R201,Arterial,1000,40.72,-73.99,834,26,Clear,22.4,0.0,0,83.4,105.4
2026-09-14 19:00:00,R201,Arterial,1000,40.72,-73.99,914,23,Clear,22.4,0.0,0,91.4,83.4
2026-09-14 20:00:00,R201,Arterial,1000,40.72,-73.99,183,60,Clear,22.4,0.0,0,18.3,91.4
2026-09-14 21:00:00,R201,Arterial,1000,40.72,-73.99,176,60,Clear,22.4,0.0,0,17.6,18.3
2026-09-14 22:00:00,R201,Arterial,1000,40.72,-73.99,178,60,Clear,22.4,0.0,0,17.8,17.6
2026-09-14 23:00:00,R201,Arterial,1000,40.72,-73.99,215,60,Clear,22.4,0.0,0,21.5,17.8
2026-09-15 00:00:00,R201,Arterial,1000,40.72,-73.99,211,60,Clear,23.4,0.0,0,21.1,21.5
2026-09-15 01:00:00,R201,Arterial,1000,40.72,-73.99,197,60,Clear,23.4,0.0,0,19.7,21.1
2026-09-15 02:00:00,R201,Arterial,1000,40.72,-73.99,186,60,Clear,23.4,0.0,0,18.6,19.7
2026-09-15 03:00:00,R201,Arterial,1000,40.72,-73.99,174,60,Clear,23.4,0.0,0,17.4,18.6
2026-09-15 04:00:00,R201,Arterial,1000,40.72,-73.99,209,60,Clear,23.4,0.0,0,20.9,17.4
2026-09-15 05:00:00,R201,Arterial,1000,40.72,-73.99,218,60,Clear,23.4,0.0,0,21.8,20.9
2026-09-15 06:00:00,R201,Arterial,1000,40.72,-73.99,219,60,Clear,23.4,0.0,0,21.9,21.8
2026-09-15 07:00:00,R201,Arterial,1000,40.72,-73.99,965,22,Clear,23.4,0.0,0,96.5,21.9
2026-09-15 08:00:00,R201,Arterial,1000,40.72,-73.99,879,25,Clear,23.4,0.0,0,87.9,96.5
2026-09-15 09:00:00,R201,Arterial,1000,40.72,-73.99,797,28,Clear,23.4,0.0,0,79.7,87.9
2026-09-15 10:00:00,R201,Arterial,1000,40.72,-73.99,663,34,Clear,23.4,0.0,0,66.3,79.7
2026-09-15 11:00:00,R201,Arterial,1000,40.72,-73.99,527,42,Clear,23.4,0.0,0,52.7,66.3
2026-09-15 12:00:00,R201,Arterial,1000,40.72,-73.99,637,36,Clear,23.4,0.0,0,63.7,52.7
2026-09-15 13:00:00,R201,Arterial,1000,40.72,-73.99,526,42,Clear,23.4,0.0,0,52.6,63.7
2026-09-15 14:00:00,R201,Arterial,1000,40.72,-73.99,636,36,Clear,23.4,0.0,0,63.6,52.6
2026-09-15 15:00:00,R201,Arterial,1000,40.72,-73.99,533,42,Clear,23.4,0.0,0,53.3,63.6
2026-09-15 16:00:00,R201,Arterial,1000,40.72,-73.99,813,27,Clear,23.4,0.0,0,81.3,53.3
2026-09-15 17:00:00,R201,Arterial,1000,40.72,-73.99,1029,20,Clear,23.4,0.0,0,102.9,81.3
2026-09-15 18:00:00,R201,Arterial,1000,40.72,-73.99,1027,20,Clear,23.4,0.0,0,102.7,102.9
2026-09-15 19:00:00,R201,Arterial,1000,40.72,-73.99,1012,20,Clear,23.4,0.0,0,101.2,102.7
2026-09-15 20:00:00,R201,Arterial,1000,40.72,-73.99,220,60,Clear,23.4,0.0,0,22.0,101.2
2026-09-15 21:00:00,R201,Arterial,1000,40.72,-73.99,206,60,Clear,23.4,0.0,0,20.6,22.0
2026-09-15 22:00:00,R201,Arterial,1000,40.72,-73.99,219,60,Clear,23.4,0.0,0,21.9,20.6
2026-09-15 23:00:00,R201,Arterial,1000,40.72,-73.99,194,60,Clear,23.4,0.0,0,19.4,21.9
2026-09-16 00:00:00,R201,Arterial,1000,40.72,-73.99,191,60,Clear,24.2,0.0,0,19.1,19.4
2026-09-16 01:00:00,R201,Arterial,1000,40.72,-73.99,196,60,Clear,24.2,0.0,0,19.6,19.1
2026-09-16 02:00:00,R201,Arterial,1000,40.72,-73.99,219,60,Clear,24.2,0.0,0,21.9,19.6
2026-09-16 03:00:00,R201,Arterial,1000,40.72,-73.99,189,60,Clear,24.2,0.0,0,18.9,21.9
2026-09-16 04:00:00,R201,Arterial,1000,40.72,-73.99,213,60,Clear,24.2,0.0,0,21.3,18.9
2026-09-16 05:00:00,R201,Arterial,1000,40.72,-73.99,178,60,Clear,24.2,0.0,0,17.8,21.3
2026-09-16 06:00:00,R201,Arterial,1000,40.72,-73.99,210,60,Clear,24.2,0.0,0,21.0,17.8
2026-09-16 07:00:00,R201,Arterial,1000,40.72,-73.99,1028,20,Clear,24.2,0.0,0,102.8,21.0
2026-09-16 08:00:00,R201,Arterial,1000,40.72,-73.99,954,22,Clear,24.2,0.0,0,95.4,102.8
2026-09-16 09:00:00,R201,Arterial,1000,40.72,-73.99,876,25,Clear,24.2,0.0,0,87.6,95.4
2026-09-16 10:00:00,R201,Arterial,1000,40.72,-73.99,544,41,Clear,24.2,0.0,0,54.4,87.6
2026-09-16 11:00:00,R201,Arterial,1000,40.72,-73.99,533,42,Clear,24.2,0.0,0,53.3,54.4
2026-09-16 12:00:00,R201,Arterial,1000,40.72,-73.99,541,41,Clear,24.2,0.0,0,54.1,53.3
2026-09-16 13:00:00,R201,Arterial,1000,40.72,-73.99,556,40,Clear,24.2,0.0,0,55.6,54.1
2026-09-16 14:00:00,R201,Arterial,1000,40.72,-73.99,640,36,Clear,24.2,0.0,0,64.0,55.6
2026-09-16 15:00:00,R201,Arterial,1000,40.72,-73.99,645,35,Clear,24.2,0.0,0,64.5,64.0
2026-09-16 16:00:00,R201,Arterial,1000,40.72,-73.99,1020,20,Clear,24.2,0.0,0,102.0,64.5
2026-09-16 17:00:00,R201,Arterial,1000,40.72,-73.99,894,24,Clear,24.2,0.0,0,89.4,102.0
2026-09-16 18:00:00,R201,Arterial,1000,40.72,-73.99,1144,5,Clear,24.2,0.0,1,114.4,89.4
2026-09-16 19:00:00,R201,Arterial,1000,40.72,-73.99,1057,19,Clear,24.2,0.0,0,105.7,114.4
2026-09-16 20:00:00,R201,Arterial,1000,40.72,-73.99,211,60,Clear,24.2,0.0,0,21.1,105.7
2026-09-16 21:00:00,R201,Arterial,1000,40.72,-73.99,185,60,Clear,24.2,0.0,0,18.5,21.1
2026-09-16 22:00:00,R201,Arterial,1000,40.72,-73.99,217,60,Clear,24.2,0.0,0,21.7,18.5
2026-09-16 23:00:00,R201,Arterial,1000,40.72,-73.99,213,60,Clear,24.2,0.0,0,21.3,21.7
2026-06-19 00:00:00,R202,Arterial,1200,40.725,-73.985,252,60,Clear,23.7,0.0,0,21.0,
2026-06-19 01:00:00,R202,Arterial,1200,40.725,-73.985,267,60,Clear,23.7,0.0,0,22.25,21.0
2026-06-19 02:00:00,R202,Arterial,1200,40.725,-73.985,270,60,Clear,23.7,0.0,0,22.5,22.25
2026-06-19 03:00:00,R202,Arterial,1200,40.725,-73.985,206,60,Clear,23.7,0.0,0,17.17,22.5
2026-06-19 04:00:00,R202,Arterial,1200,40.725,-73.985,250,60,Clear,23.7,0.0,0,20.83,17.17
2026-06-19 05:00:00,R202,Arterial,1200,40.725,-73.985,208,60,Clear,23.7,0.0,0,17.33,20.83
2026-06-19 06:00:00,R202,Arterial,1200,40.725,-73.985,204,60,Clear,23.7,0.0,0,17.0,17.33
2026-06-19 07:00:00,R202,Arterial,1200,40.725,-73.985,998,27,Clear,23.7,0.0,0,83.17,17.0
2026-06-19 08:00:00,R202,Arterial,1200,40.725,-73.985,1168,21,Clear,23.7,0.0,0,97.33,83.17
2026-06-19 09:00:00,R202,Arterial,1200,40.725,-73.985,1107,23,Clear,23.7,0.0,0,92.25,97.33
2026-06-19 10:00:00,R202,Arterial,1200,40.725,-73.985,739,37,Clear,23.7,0.0,0,61.58,92.25
2026-06-19 11:00:00,R202,Arterial,1200,40.725,-73.985,672,40,Clear,23.7,0.0,0,56.0,61.58
2026-06-19 12:00:00,R202,Arterial,1200,40.725,-73.985,635,42,Clear,23.7,0.0,0,52.92,56.0
2026-06-19 13:00:00,R202,Arterial,1200,40.725,-73.985,626,43,Clear,23.7,0.0,0,52.17,52.92
2026-06-19 14:00:00,R202,Arterial,1200,40.725,-73.985,736,37,Clear,23.7,0.0,0,61.33,52.17
2026-06-19 15:00:00,R202,Arterial,1200,40.725,-73.985,746,37,Clear,23.7,0.0,0,62.17,61.33
2026-06-19 16:00:00,R202,Arterial,1200,40.725,-73.985,1186,21,Clear,23.7,0.0,0,98.83,62.17
2026-06-19 17:00:00,R202,Arterial,1200,40.725,-73.985,1290,18,Clear,23.7,0.0,0,107.5,98.83
2026-06-19 18:00:00,R202,Arterial,1200,40.725,-73.985,1061,24,Clear,23.7,0.0,0,88.42,107.5
2026-06-19 19:00:00,R202,Arterial,1200,40.725,-73.985,1061,24,Clear,23.7,0.0,0,88.42,88.42
2026-06-19 20:00:00,R202,Arterial,1200,40.725,-73.985,248,60,Clear,23.7,0.0,0,20.67,88.42
2026-06-19 21:00:00,R202,Arterial,1200,40.725,-73.985,224,60,Clear,23.7,0.0,0,18.67,20.67
2026-06-19 22:00:00,R202,Arterial,1200,40.725,-73.985,216,60,Clear,23.7,0.0,0,18.0,18.67
2026-06-19 23:00:00,R202,Arterial,1200,40.725,-73.985,260,60,Clear,23.7,0.0,0,21.67,18.0
2026-06-20 00:00:00,R202,Arterial,1200,40.725,-73.985,243,60,Clear,30.5,0.0,0,20.25,21.67
2026-06-20 01:00:00,R202,Arterial,1200,40.725,-73.985,266,60,Clear,30.5,0.0,0,22.17,20.25
2026-06-20 02:00:00,R202,Arterial,1200,40.725,-73.985,272,18,Clear,30.5,0.0,1,22.67,22.17
2026-06-20 03:00:00,R202,Arterial,1200,40.725,-73.985,256,60,Clear,30.5,0.0,0,21.33,22.67
2026-06-20 04:00:00,R202,Arterial,1200,40.725,-73.985,254,60,Clear,30.5,0.0,0,21.17,21.33
2026-06-20 05:00:00,R202,Arterial,1200,40.725,-73.985,230,60,Clear,30.5,0.0,0,19.17,21.17
2026-06-20 06:00:00,R202,Arterial,1200,40.725,-73.985,231,60,Clear,30.5,0.0,0,19.25,19.17
2026-06-20 07:00:00,R202,Arterial,1200,40.725,-73.985,237,60,Clear,30.5,0.0,0,19.75,19.25
2026-06-20 08:00:00,R202,Arterial,1200,40.725,-73.985,231,60,Clear,30.5,0.0,0,19.25,19.75
2026-06-20 09:00:00,R202,Arterial,1200,40.725,-73.985,252,60,Clear,30.5,0.0,0,21.0,19.25
2026-06-20 10:00:00,R202,Arterial,1200,40.725,-73.985,207,60,Clear,30.5,0.0,0,17.25,21.0
2026-06-20 11:00:00,R202,Arterial,1200,40.725,-73.985,931,29,Clear,30.5,0.0,0,77.58,17.25
2026-06-20 12:00:00,R202,Arterial,1200,40.725,-73.985,931,29,Clear,30.5,0.0,0,77.58,77.58
2026-06-20 13:00:00,R202,Arterial,1200,40.725,-73.985,882,9,Clear,30.5,0.0,1,73.5,77.58
2026-06-20 14:00:00,R202,Arterial,1200,40.725,-73.985,916,29,Clear,30.5,0.0,0,76.33,73.5
2026-06-20 15:00:00,R202,Arterial,1200,40.725,-73.985,846,32,Clear,30.5,0.0,0,70.5,76.33
2026-06-20 16:00:00,R202,Arterial,1200,40.725,-73.985,695,39,Clear,30.5,0.0,0,57.92,70.5
2026-06-20 17:00:00,R202,Arterial,1200,40.725,-73.985,775,35,Clear,30.5,0.0,0,64.58,57.92
2026-06-20 18:00:00,R202,Arterial,1200,40.725,-73.985,676,40,Clear,30.5,0.0,0,56.33,64.58
2026-06-20 19:00:00,R202,Arterial,1200,40.725,-73.985,635,42,Clear,30.5,0.0,0,52.92,56.33
2026-06-20 20:00:00,R202,Arterial,1200,40.725,-73.985,824,33,Clear,30.5,0.0,0,68.67,52.92
2026-06-20 21:00:00,R202,Arterial,1200,40.725,-73.985,261,60,Clear,30.5,0.0,0,21.75,68.67
2026-06-20 22:00:00,R202,Arterial,1200,40.725,-73.985,271,60,Clear,30.5,0.0,0,22.58,21.75
2026-06-20 23:00:00,R202,Arterial,1200,40.725,-73.985,242,60,Clear,30.5,0.0,0,20.17,22.58
2026-06-21 00:00:00,R202,Arterial,1200,40.725,-73.985,250,60,Cloudy,21.5,0.0,0,20.83,20.17
2026-06-21 01:00:00,R202,Arterial,1200,40.725,-73.985,220,60,Cloudy,21.5,0.0,0,18.33,20.83
2026-06-21 02:00:00,R202,Arterial,1200,40.725,-73.985,240,60,Cloudy,21.5,0.0,0,20.0,18.33
2026-06-21 03:00:00,R202,Arterial,1200,40.725,-73.985,234,60,Cloudy,21.5,0.0,0,19.5,20.0
2026-06-21 04:00:00,R202,Arterial,1200,40.725,-73.985,223,60,Cloudy,21.5,0.0,0,18.58,19.5
2026-06-21 05:00:00,R202,Arterial,1200,40.725,-73.985,232,60,Cloudy,21.5,0.0,0,19.33,18.58
2026-06-21 06:00:00,R202,Arterial,1200,40.725,-73.985,272,60,Cloudy,21.5,0.0,0,22.67,19.33
2026-06-21 07:00:00,R202,Arterial,1200,40.725,-73.985,240,60,Cloudy,21.5,0.0,0,20.0,22.67
2026-06-21 08:00:00,R202,Arterial,1200,40.725,-73.985,270,60,Cloudy,21.5,0.0,0,22.5,20.0
2026-06-21 09:00:00,R202,Arterial,1200,40.725,-73.985,260,60,Cloudy,21.5,0.0,0,21.67,22.5
2026-06-21 10:00:00,R202,Arterial,1200,40.725,-73.985,230,60,Cloudy,21.5,0.0,0,19.17,21.67
2026-06-21 11:00:00,R202,Arterial,1200,40.725,-73.985,946,28,Cloudy,21.5,0.0,0,78.83,19.17
2026-06-21 12:00:00,R202,Arterial,1200,40.725,-73.985,896,30,Cloudy,21.5,0.0,0,74.67,78.83
2026-06-21 13:00:00,R202,Arterial,1200,40.725,-73.985,727,37,Cloudy,21.5,0.0,0,60.58,74.67
2026-06-21 14:00:00,R202,Arterial,1200,40.725,-73.985,948,28,Cloudy,21.5,0.0,0,79.0,60.58
2026-06-21 15:00:00,R202,Arterial,1200,40.725,-73.985,776,35,Cloudy,21.5,0.0,0,64.67,79.0
2026-06-21 16:00:00,R202,Arterial,1200,40.725,-73.985,633,42,Cloudy,21.5,0.0,0,52.75,64.67
2026-06-21 17:00:00,R202,Arterial,1200,40.725,-73.985,809,34,Cloudy,21.5,0.0,0,67.42,52.75
2026-06-21 18:00:00,R202,Arterial,1200,40.725,-73.985,738,37,Cloudy,21.5,0.0,0,61.5,67.42
2026-06-21 19:00:00,R202,Arterial,1200,40.725,-73.985,637,42,Cloudy,21.5,0.0,0,53.08,61.5
2026-06-21 20:00:00,R202,Arterial,1200,40.725,-73.985,751,36,Cloudy,21.5,0.0,0,62.58,53.08
2026-06-21 21:00:00,R202,Arterial,1200,40.725,-73.985,275,60,Cloudy,21.5,0.0,0,22.92,62.58
2026-06-21 22:00:00,R202,Arterial,1200,40.725,-73.985,225,60,Cloudy,21.5,0.0,0,18.75,22.92
2026-06-21 23:00:00,R202,Arterial,1200,40.725,-73.985,257,60,Cloudy,21.5,0.0,0,21.42,18.75
2026-06-22 00:00:00,R202,Arterial,1200,40.725,-73.985,274,60,Clear,33.2,0.0,0,22.83,21.42
2026-06-22 01:00:00,R202,Arterial,1200,40.725,-73.985,267,60,Clear,33.2,0.0,0,22.25,22.83
2026-06-22 02:00:00,R202,Arterial,1200,40.725,-73.985,220,60,Clear,33.2,0.0,0,18.33,22.25
2026-06-22 03:00:00,R202,Arterial,1200,40.725,-73.985,205,60,Clear,33.2,0.0,0,17.08,18.33
2026-06-22 04:00:00,R202,Arterial,1200,40.725,-73.985,264,60,Clear,33.2,0.0,0,22.0,17.08
2026-06-22 05:00:00,R202,Arterial,1200,40.725,-73.985,212,60,Clear,33.2,0.0,0,17.67,22.0
2026-06-22 06:00:00,R202,Arterial,1200,40.725,-73.985,261,60,Clear,33.2,0.0,0,21.75,17.67
2026-06-22 07:00:00,R202,Arterial,1200,40.725,-73.985,1041,25,Clear,33.2,0.0,0,86.75,21.75
2026-06-22 08:00:00,R202,Arterial,1200,40.725,-73.985,1151,22,Clear,33.2,0.0,0,95.92,86.75
2026-06-22 09:00:00,R202,Arterial,1200,40.725,-73.985,956,28,Clear,33.2,0.0,0,79.67,95.92
2026-06-22 10:00:00,R202,Arterial,1200,40.725,-73.985,674,40,Clear,33.2,0.0,0,56.17,79.67
2026-06-22 11:00:00,R202,Arterial,1200,40.725,-73.985,780,35,Clear,33.2,0.0,0,65.0,56.17
2026-06-22 12:00:00,R202,Arterial,1200,40.725,-73.985,662,41,Clear,33.2,0.0,0,55.17,65.0
2026-06-22 13:00:00,R202,Arterial,1200,40.725,-73.985,630,42,Clear,33.2,0.0,0,52.5,55.17
2026-06-22 14:00:00,R202,Arterial,1200,40.725,-73.985,826,33,Clear,33.2,0.0,0,68.83,52.5
2026-06-22 15:00:00,R202,Arterial,1200,40.725,-73.985,823,33,Clear,33.2,0.0,0,68.58,68.83
2026-06-22 16:00:00,R202,Arterial,1200,40.725,-73.985,1308,18,Clear,33.2,0.0,0,109.0,68.58
2026-06-22 17:00:00,R202,Arterial,1200,40.725,-73.985,1149,22,Clear,33.2,0.0,0,95.75,109.0
2026-06-22 18:00:00,R202,Arterial,1200,40.725,-73.985,1183,21,Clear,33.2,0.0,0,98.58,95.75
2026-06-22 19:00:00,R202,Arterial,1200,40.725,-73.985,1217,20,Clear,33.2,0.0,0,101.42,98.58
2026-06-22 20:00:00,R202,Arterial,1200,40.725,-73.985,207,60,Clear,33.2,0.0,0,17.25,101.42
2026-06-22 21:00:00,R202,Arterial,1200,40.725,-73.985,224,60,Clear,33.2,0.0,0,18.67,17.25
2026-06-22 22:00:00,R202,Arterial,1200,40.725,-73.985,226,60,Clear,33.2,0.0,0,18.83,18.67
2026-06-22 23:00:00,R202,Arterial,1200,40.725,-73.985,235,60,Clear,33.2,0.0,0,19.58,18.83
2026-06-23 00:00:00,R202,Arterial,1200,40.725,-73.985,227,60,Clear,22.2,0.0,0,18.92,19.58
2026-06-23 01:00:00,R202,Arterial,1200,40.725,-73.985,206,60,Clear,22.2,0.0,0,17.17,18.92
2026-06-23 02:00:00,R202,Arterial,1200,40.725,-73.985,221,60,Clear,22.2,0.0,0,18.42,17.17
2026-06-23 03:00:00,R202,Arterial,1200,40.725,-73.985,204,60,Clear,22.2,0.0,0,17.0,18.42
2026-06-23 04:00:00,R202,Arterial,1200,40.725,-73.985,240,60,Clear,22.2,0.0,0,20.0,17.0
2026-06-23 05:00:00,R202,Arterial,1200,40.725,-73.985,264,60,Clear,22.2,0.0,0,22.0,20.0
2026-06-23 06:00:00,R202,Arterial,1200,40.725,-73.985,250,60,Clear,22.2,0.0,0,20.83,22.0
2026-06-23 07:00:00,R202,Arterial,1200,40.725,-73.985,974,27,Clear,22.2,0.0,0,81.17,20.83
2026-06-23 08:00:00,R202,Arterial,1200,40.725,-73.985,1158,22,Clear,22.2,0.0,0,96.5,81.17
2026-06-23 09:00:00,R202,Arterial,1200,40.725,-73.985,1127,23,Clear,22.2,0.0,0,93.92,96.5
2026-06-23 10:00:00,R202,Arterial,1200,40.725,-73.985,824,33,Clear,22.2,0.0,0,68.67,93.92
2026-06-23 11:00:00,R202,Arterial,1200,40.725,-73.985,708,38,Clear,22.2,0.0,0,59.0,68.67
2026-06-23 12:00:00,R202,Arterial,1200,40.725,-73.985,618,43,Clear,22.2,0.0,0,51.5,59.0
2026-06-23 13:00:00,R202,Arterial,1200,40.725,-73.985,694,39,Clear,22.2,0.0,0,57.83,51.5
2026-06-23 14:00:00,R202,Arterial,1200,40.725,-73.985,773,35,Clear,22.2,0.0,0,64.42,57.83
2026-06-23 15:00:00,R202,Arterial,1200,40.725,-73.985,739,37,Clear,22.2,0.0,0,61.58,64.42
2026-06-23 16:00:00,R202,Arterial,1200,40.725,-73.985,1303,18,Clear,22.2,0.0,0,108.58,61.58
2026-06-23 17:00:00,R202,Arterial,1200,40.725,-73.985,1248,19,Clear,22.2,0.0,0,104.0,108.58
2026-06-23 18:00:00,R202,Arterial,1200,40.725,-73.985,1201,20,Clear,22.2,0.0,0,100.08,104.0
2026-06-23 19:00:00,R202,Arterial,1200,40.725,-73.985,1066,24,Clear,22.2,0.0,0,88.83,100.08
2026-06-23 20:00:00,R202,Arterial,1200,40.725,-73.985,312,18,Clear,22.2,0.0,1,26.0,88.83
2026-06-23 21:00:00,R202,Arterial,1200,40.725,-73.985,215,60,Clear,22.2,0.0,0,17.92,26.0
2026-06-23 22:00:00,R202,Arterial,1200,40.725,-73.985,258,60,Clear,22.2,0.0,0,21.5,17.92
2026-06-23 23:00:00,R202,Arterial,1200,40.725,-73.985,274,60,Clear,22.2,0.0,0,22.83,21.5
2026-06-24 00:00:00,R202,Arterial,1200,40.725,-73.985,242,60,Cloudy,22.0,0.0,0,20.17,22.83
2026-06-24 01:00:00,R202,Arterial,1200,40.725,-73.985,263,60,Cloudy,22.0,0.0,0,21.92,20.17
2026-06-24 02:00:00,R202,Arterial,1200,40.725,-73.985,239,60,Cloudy,22.0,0.0,0,19.92,21.92
2026-06-24 03:00:00,R202,Arterial,1200,40.725,-73.985,232,60,Cloudy,22.0,0.0,0,19.33,19.92
2026-06-24 04:00:00,R202,Arterial,1200,40.725,-73.985,222,60,Cloudy,22.0,0.0,0,18.5,19.33
2026-06-24 05:00:00,R202,Arterial,1200,40.725,-73.985,261,60,Cloudy,22.0,0.0,0,21.75,18.5
2026-06-24 06:00:00,R202,Arterial,1200,40.725,-73.985,275,60,Cloudy,22.0,0.0,0,22.92,21.75
2026-06-24 07:00:00,R202,Arterial,1200,40.725,-73.985,1109,23,Cloudy,22.0,0.0,0,92.42,22.92
2026-06-24 08:00:00,R202,Arterial,1200,40.725,-73.985,1167,21,Cloudy,22.0,0.0,0,97.25,92.42
2026-06-24 09:00:00,R202,Arterial,1200,40.725,-73.985,1053,25,Cloudy,22.0,0.0,0,87.75,97.25
2026-06-24 10:00:00,R202,Arterial,1200,40.725,-73.985,795,34,Cloudy,22.0,0.0,0,66.25,87.75
2026-06-24 11:00:00,R202,Arterial,1200,40.725,-73.985,805,34,Cloudy,22.0,0.0,0,67.08,66.25
2026-06-24 12:00:00,R202,Arterial,1200,40.725,-73.985,740,37,Cloudy,22.0,0.0,0,61.67,67.08
2026-06-24 13:00:00,R202,Arterial,1200,40.725,-73.985,619,43,Cloudy,22.0,0.0,0,51.58,61.67
2026-06-24 14:00:00,R202,Arterial,1200,40.725,-73.985,666,40,Cloudy,22.0,0.0,0,55.5,51.58
2026-06-24 15:00:00,R202,Arterial,1200,40.725,-73.985,705,38,Cloudy,22.0,0.0,0,58.75,55.5
2026-06-24 16:00:00,R202,Arterial,1200,40.725,-73.985,1310,18,Cloudy,22.0,0.0,0,109.17,58.75
2026-06-24 17:00:00,R202,Arterial,1200,40.725,-73.985,1131,22,Cloudy,22.0,0.0,0,94.25,109.17
2026-06-24 18:00:00,R202,Arterial,1200,40.725,-73.985,1191,21,Cloudy,22.0,0.0,0,99.25,94.25
2026-06-24 19:00:00,R202,Arterial,1200,40.725,-73.985,1076,24,Cloudy,22.0,0.0,0,89.67,99.25
2026-06-24 20:00:00,R202,Arterial,1200,40.725,-73.985,257,60,Cloudy,22.0,0.0,0,21.42,89.67
2026-06-24 21:00:00,R202,Arterial,1200,40.725,-73.985,215,60,Cloudy,22.0,0.0,0,17.92,21.42
2026-06-24 22:00:00,R202,Arterial,1200,40.725,-73.985,227,60,Cloudy,22.0,0.0,0,18.92,17.92
2026-06-24 23:00:00,R202,Arterial,1200,40.725,-73.985,225,60,Cloudy,22.0,0.0,0,18.75,18.92
2026-06-25 00:00:00,R202,Arterial,1200,40.725,-73.985,258,60,Clear,32.0,0.0,0,21.5,18.75
2026-06-25 01:00:00,R202,Arterial,1200,40.725,-73.985,270,60,Clear,32.0,0.0,0,22.5,21.5
2026-06-25 02:00:00,R202,Arterial,1200,40.725,-73.985,260,60,Clear,32.0,0.0,0,21.67,22.5
2026-06-25 03:00:00,R202,Arterial,1200,40.725,-73.985,232,60,Clear,32.0,0.0,0,19.33,21.67
2026-06-25 04:00:00,R202,Arterial,1200,40.725,-73.985,213,60,Clear,32.0,0.0,0,17.75,19.33
2026-06-25 05:00:00,R202,Arterial,1200,40.725,-73.985,249,60,Clear,32.0,0.0,0,20.75,17.75
2026-06-25 06:00:00,R202,Arterial,1200,40.725,-73.985,267,60,Clear,32.0,0.0,0,22.25,20.75
2026-06-25 07:00:00,R202,Arterial,1200,40.725,-73.985,1029,25,Clear,32.0,0.0,0,85.75,22.25
2026-06-25 08:00:00,R202,Arterial,1200,40.725,-73.985,1193,21,Clear,32.0,0.0,0,99.42,85.75
2026-06-25 09:00:00,R202,Arterial,1200,40.725,-73.985,1095,23,Clear,32.0,0.0,0,91.25,99.42
2026-06-25 10:00:00,R202,Arterial,1200,40.725,-73.985,659,41,Clear,32.0,0.0,0,54.92,91.25
2026-06-25 11:00:00,R202,Arterial,1200,40.725,-73.985,617,43,Clear,32.0,0.0,0,51.42,54.92
2026-06-25 12:00:00,R202,Arterial,1200,40.725,-73.985,784,35,Clear,32.0,0.0,0,65.33,51.42
2026-06-25 13:00:00,R202,Arterial,1200,40.725,-73.985,644,42,Clear,32.0,0.0,0,53.67,65.33
2026-06-25 14:00:00,R202,Arterial,1200,40.725,-73.985,740,37,Clear,32.0,0.0,0,61.67,53.67
2026-06-25 15:00:00,R202,Arterial,1200,40.725,-73.985,621,43,Clear,32.0,0.0,0,51.75,61.67
2026-06-25 16:00:00,R202,Arterial,1200,40.725,-73.985,1099,23,Clear,32.0,0.0,0,91.58,51.75
2026-06-25 17:00:00,R202,Arterial,1200,40.725,-73.985,1192,21,Clear,32.0,0.0,0,99.33,91.58
2026-06-25 18:00:00,R202,Arterial,1200,40.725,-73.985,1231,20,Clear,32.0,0.0,0,102.58,99.33
2026-06-25 19:00:00,R202,Arterial,1200,40.725,-73.985,1153,22,Clear,32.0,0.0,0,96.08,102.58
2026-06-25 20:00:00,R202,Arterial,1200,40.725,-73.985,257,60,Clear,32.0,0.0,0,21.42,96.08
2026-06-25 21:00:00,R202,Arterial,1200,40.725,-73.985,254,60,Clear,32.0,0.0,0,21.17,21.42
2026-06-25 22:00:00,R202,Arterial,1200,40.725,-73.985,271,60,Clear,32.0,0.0,0,22.58,21.17
2026-06-25 23:00:00,R202,Arterial,1200,40.725,-73.985,251,60,Clear,32.0,0.0,0,20.92,22.58
2026-06-26 00:00:00,R202,Arterial,1200,40.725,-73.985,221,60,Cloudy,20.0,0.0,0,18.42,20.92
2026-06-26 01:00:00,R202,Arterial,1200,40.725,-73.985,228,60,Cloudy,20.0,0.0,0,19.0,18.42
2026-06-26 02:00:00,R202,Arterial,1200,40.725,-73.985,271,60,Cloudy,20.0,0.0,0,22.58,19.0
2026-06-26 03:00:00,R202,Arterial,1200,40.725,-73.985,252,60,Cloudy,20.0,0.0,0,21.0,22.58
2026-06-26 04:00:00,R202,Arterial,1200,40.725,-73.985,266,60,Cloudy,20.0,0.0,0,22.17,21.0
2026-06-26 05:00:00,R202,Arterial,1200,40.725,-73.985,241,60,Cloudy,20.0,0.0,0,20.08,22.17
2026-06-26 06:00:00,R202,Arterial,1200,40.725,-73.985,248,60,Cloudy,20.0,0.0,0,20.67,20.08
2026-06-26 07:00:00,R202,Arterial,1200,40.725,-73.985,1114,23,Cloudy,20.0,0.0,0,92.83,20.67
2026-06-26 08:00:00,R202,Arterial,1200,40.725,-73.985,1161,22,Cloudy,20.0,0.0,0,96.75,92.83
2026-06-26 09:00:00,R202,Arterial,1200,40.725,-73.985,1078,24,Cloudy,20.0,0.0,0,89.83,96.75
2026-06-26 10:00:00,R202,Arterial,1200,40.725,-73.985,810,34,Cloudy,20.0,0.0,0,67.5,89.83
2026-06-26 11:00:00,R202,Arterial,1200,40.725,-73.985,734,37,Cloudy,20.0,0.0,0,61.17,67.5
2026-06-26 12:00:00,R202,Arterial,1200,40.725,-73.985,813,34,Cloudy,20.0,0.0,0,67.75,61.17
2026-06-26 13:00:00,R202,Arterial,1200,40.725,-73.985,687,39,Cloudy,20.0,0.0,0,57.25,67.75
2026-06-26 14:00:00,R202,Arterial,1200,40.725,-73.985,619,43,Cloudy,20.0,0.0,0,51.58,57.25
2026-06-26 15:00:00,R202,Arterial,1200,40.725,-73.985,618,43,Cloudy,20.0,0.0,0,51.5,51.58
2026-06-26 16:00:00,R202,Arterial,1200,40.725,-73.985,1335,5,Cloudy,20.0,0.0,1,111.25,51.5
2026-06-26 17:00:00,R202,Arterial,1200,40.725,-73.985,1030,25,Cloudy,20.0,0.0,0,85.83,111.25
2026-06-26 18:00:00,R202,Arterial,1200,40.725,-73.985,991,27,Cloudy,20.0,0.0,0,82.58,85.83
2026-06-26 19:00:00,R202,Arterial,1200,40.725,-73.985,976,27,Cloudy,20.0,0.0,0,81.33,82.58
2026-06-26 20:00:00,R202,Arterial,1200,40.725,-73.985,269,60,Cloudy,20.0,0.0,0,22.42,81.33
2026-06-26 21:00:00,R202,Arterial,1200,40.725,-73.985,219,60,Cloudy,20.0,0.0,0,18.25,22.42
2026-06-26 22:00:00,R202,Arterial,1200,40.725,-73.985,233,60,Cloudy,20.0,0.0,0,19.42,18.25
2026-06-26 23:00:00,R202,Arterial,1200,40.725,-73.985,219,60,Cloudy,20.0,0.0,0,18.25,19.42
2026-06-27 00:00:00,R202,Arterial,1200,40.725,-73.985,220,48,Heavy Rain,11.5,6.9,0,18.33,18.25
2026-06-27 01:00:00,R202,Arterial,1200,40.725,-73.985,221,48,Heavy Rain,11.5,6.9,0,18.42,18.33
2026-06-27 02:00:00,R202,Arterial,1200,40.725,-73.985,205,48,Heavy Rain,11.5,6.9,0,17.08,18.42
2026-06-27 03:00:00,R202,Arterial,1200,40.725,-73.985,226,14,Heavy Rain,11.5,6.9,1,18.83,17.08
2026-06-27 04:00:00,R202,Arterial,1200,40.725,-73.985,201,48,Heavy Rain,11.5,6.9,0,16.75,18.83
2026-06-27 05:00:00,R202,Arterial,1200,40.725,-73.985,229,48,Heavy Rain,11.5,6.9,0,19.08,16.75
2026-06-27 06:00:00,R202,Arterial,1200,40.725,-73.985,215,48,Heavy Rain,11.5,6.9,0,17.92,19.08
2026-06-27 07:00:00,R202,Arterial,1200,40.725,-73.985,241,48,Heavy Rain,11.5,6.9,0,20.08,17.92
2026-06-27 08:00:00,R202,Arterial,1200,40.725,-73.985,216,48,Heavy Rain,11.5,6.9,0,18.0,20.08
2026-06-27 09:00:00,R202,Arterial,1200,40.725,-73.985,208,48,Heavy Rain,11.5,6.9,0,17.33,18.0
2026-06-27 10:00:00,R202,Arterial,1200,40.725,-73.985,231,48,Heavy Rain,11.5,6.9,0,19.25,17.33
2026-06-27 11:00:00,R202,Arterial,1200,40.725,-73.985,834,26,Heavy Rain,11.5,6.9,0,69.5,19.25
2026-06-27 12:00:00,R202,Arterial,1200,40.725,-73.985,701,31,Heavy Rain,11.5,6.9,0,58.42,69.5
2026-06-27 13:00:00,R202,Arterial,1200,40.725,-73.985,764,28,Heavy Rain,11.5,6.9,0,63.67,58.42
2026-06-27 14:00:00,R202,Arterial,1200,40.725,-73.985,739,29,Heavy Rain,11.5,6.9,0,61.58,63.67
2026-06-27 15:00:00,R202,Arterial,1200,40.725,-73.985,660,32,Heavy Rain,11.5,6.9,0,55.0,61.58
2026-06-27 16:00:00,R202,Arterial,1200,40.725,-73.985,594,35,Heavy Rain,11.5,6.9,0,49.5,55.0
2026-06-27 17:00:00,R202,Arterial,1200,40.725,-73.985,602,35,Heavy Rain,11.5,6.9,0,50.17,49.5
2026-06-27 18:00:00,R202,Arterial,1200,40.725,-73.985,606,35,Heavy Rain,11.5,6.9,0,50.5,50.17
2026-06-27 19:00:00,R202,Arterial,1200,40.725,-73.985,801,8,Heavy Rain,11.5,6.9,1,66.75,50.5
2026-06-27 20:00:00,R202,Arterial,1200,40.725,-73.985,709,31,Heavy Rain,11.5,6.9,0,59.08,66.75
2026-06-27 21:00:00,R202,Arterial,1200,40.725,-73.985,194,48,Heavy Rain,11.5,6.9,0,16.17,59.08
2026-06-27 22:00:00,R202,Arterial,1200,40.725,-73.985,219,48,Heavy Rain,11.5,6.9,0,18.25,16.17
2026-06-27 23:00:00,R202,Arterial,1200,40.725,-73.985,191,48,Heavy Rain,11.5,6.9,0,15.92,18.25
2026-06-28 00:00:00,R202,Arterial,1200,40.725,-73.985,230,60,Cloudy,21.6,0.0,0,19.17,15.92
2026-06-28 01:00:00,R202,Arterial,1200,40.725,-73.985,204,60,Cloudy,21.6,0.0,0,17.0,19.17
2026-06-28 02:00:00,R202,Arterial,1200,40.725,-73.985,247,60,Cloudy,21.6,0.0,0,20.58,17.0
2026-06-28 03:00:00,R202,Arterial,1200,40.725,-73.985,213,60,Cloudy,21.6,0.0,0,17.75,20.58
2026-06-28 04:00:00,R202,Arterial,1200,40.725,-73.985,204,60,Cloudy,21.6,0.0,0,17.0,17.75
2026-06-28 05:00:00,R202,Arterial,1200,40.725,-73.985,274,60,Cloudy,21.6,0.0,0,22.83,17.0
2026-06-28 06:00:00,R202,Arterial,1200,40.725,-73.985,228,60,Cloudy,21.6,0.0,0,19.0,22.83
2026-06-28 07:00:00,R202,Arterial,1200,40.725,-73.985,228,60,Cloudy,21.6,0.0,0,19.0,19.0
2026-06-28 08:00:00,R202,Arterial,1200,40.725,-73.985,274,60,Cloudy,21.6,0.0,0,22.83,19.0
2026-06-28 09:00:00,R202,Arterial,1200,40.725,-73.985,274,60,Cloudy,21.6,0.0,0,22.83,22.83
2026-06-28 10:00:00,R202,Arterial,1200,40.725,-73.985,246,60,Cloudy,21.6,0.0,0,20.5,22.83
2026-06-28 11:00:00,R202,Arterial,1200,40.725,-73.985,904,30,Cloudy,21.6,0.0,0,75.33,20.5
2026-06-28 12:00:00,R202,Arterial,1200,40.725,-73.985,764,36,Cloudy,21.6,0.0,0,63.67,75.33
2026-06-28 13:00:00,R202,Arterial,1200,40.725,-73.985,802,34,Cloudy,21.6,0.0,0,66.83,63.67
2026-06-28 14:00:00,R202,Arterial,1200,40.725,-73.985,726,37,Cloudy,21.6,0.0,0,60.5,66.83
2026-06-28 15:00:00,R202,Arterial,1200,40.725,-73.985,878,31,Cloudy,21.6,0.0,0,73.17,60.5
2026-06-28 16:00:00,R202,Arterial,1200,40.725,-73.985,670,40,Cloudy,21.6,0.0,0,55.83,73.17
2026-06-28 17:00:00,R202,Arterial,1200,40.725,-73.985,644,42,Cloudy,21.6,0.0,0,53.67,55.83
2026-06-28 18:00:00,R202,Arterial,1200,40.725,-73.985,705,38,Cloudy,21.6,0.0,0,58.75,53.67
2026-06-28 19:00:00,R202,Arterial,1200,40.725,-73.985,730,37,Cloudy,21.6,0.0,0,60.83,58.75
2026-06-28 20:00:00,R202,Arterial,1200,40.725,-73.985,662,41,Cloudy,21.6,0.0,0,55.17,60.83
2026-06-28 21:00:00,R202,Arterial,1200,40.725,-73.985,225,60,Cloudy,21.6,0.0,0,18.75,55.17
2026-06-28 22:00:00,R202,Arterial,1200,40.725,-73.985,254,60,Cloudy,21.6,0.0,0,21.17,18.75
2026-06-28 23:00:00,R202,Arterial,1200,40.725,-73.985,246,60,Cloudy,21.6,0.0,0,20.5,21.17
2026-06-29 00:00:00,R202,Arterial,1200,40.725,-73.985,223,60,Clear,27.3,0.0,0,18.58,20.5
2026-06-29 01:00:00,R202,Arterial,1200,40.725,-73.985,280,18,Clear,27.3,0.0,1,23.33,18.58
2026-06-29 02:00:00,R202,Arterial,1200,40.725,-73.985,316,18,Clear,27.3,0.0,1,26.33,23.33
2026-06-29 03:00:00,R202,Arterial,1200,40.725,-73.985,231,60,Clear,27.3,0.0,0,19.25,26.33
2026-06-29 04:00:00,R202,Arterial,1200,40.725,-73.985,238,60,Clear,27.3,0.0,0,19.83,19.25
2026-06-29 05:00:00,R202,Arterial,1200,40.725,-73.985,240,60,Clear,27.3,0.0,0,20.0,19.83
2026-06-29 06:00:00,R202,Arterial,1200,40.725,-73.985,271,60,Clear,27.3,0.0,0,22.58,20.0
2026-06-29 07:00:00,R202,Arterial,1200,40.725,-73.985,1142,22,Clear,27.3,0.0,0,95.17,22.58
2026-06-29 08:00:00,R202,Arterial,1200,40.725,-73.985,944,28,Clear,27.3,0.0,0,78.67,95.17
2026-06-29 09:00:00,R202,Arterial,1200,40.725,-73.985,1440,5,Clear,27.3,0.0,1,120.0,78.67
2026-06-29 10:00:00,R202,Arterial,1200,40.725,-73.985,645,42,Clear,27.3,0.0,0,53.75,120.0
2026-06-29 11:00:00,R202,Arterial,1200,40.725,-73.985,658,41,Clear,27.3,0.0,0,54.83,53.75
2026-06-29 12:00:00,R202,Arterial,1200,40.725,-73.985,644,42,Clear,27.3,0.0,0,53.67,54.83
2026-06-29 13:00:00,R202,Arterial,1200,40.725,-73.985,810,34,Clear,27.3,0.0,0,67.5,53.67
2026-06-29 14:00:00,R202,Arterial,1200,40.725,-73.985,612,43,Clear,27.3,0.0,0,51.0,67.5
2026-06-29 15:00:00,R202,Arterial,1200,40.725,-73.985,686,39,Clear,27.3,0.0,0,57.17,51.0
2026-06-29 16:00:00,R202,Arterial,1200,40.725,-73.985,1054,25,Clear,27.3,0.0,0,87.83,57.17
2026-06-29 17:00:00,R202,Arterial,1200,40.725,-73.985,1053,25,Clear,27.3,0.0,0,87.75,87.83
2026-06-29 18:00:00,R202,Arterial,1200,40.725,-73.985,1300,18,Clear,27.3,0.0,0,108.33,87.75
2026-06-29 19:00:00,R202,Arterial,1200,40.725,-73.985,1243,19,Clear,27.3,0.0,0,103.58,108.33
2026-06-29 20:00:00,R202,Arterial,1200,40.725,-73.985,216,60,Clear,27.3,0.0,0,18.0,103.58
2026-06-29 21:00:00,R202,Arterial,1200,40.725,-73.985,211,60,Clear,27.3,0.0,0,17.58,18.0
2026-06-29 22:00:00,R202,Arterial,1200,40.725,-73.985,222,60,Clear,27.3,0.0,0,18.5,17.58
2026-06-29 23:00:00,R202,Arterial,1200,40.725,-73.985,205,60,Clear,27.3,0.0,0,17.08,18.5
2026-06-30 00:00:00,R202,Arterial,1200,40.725,-73.985,257,60,Clear,25.9,0.0,0,21.42,17.08
2026-06-30 01:00:00,R202,Arterial,1200,40.725,-73.985,248,60,Clear,25.9,0.0,0,20.67,21.42
2026-06-30 02:00:00,R202,Arterial,1200,40.725,-73.985,221,60,Clear,25.9,0.0,0,18.42,20.67
2026-06-30 03:00:00,R202,Arterial,1200,40.725,-73.985,273,60,Clear,25.9,0.0,0,22.75,18.42
2026-06-30 04:00:00,R202,Arterial,1200,40.725,-73.985,225,60,Clear,25.9,0.0,0,18.75,22.75
2026-06-30 05:00:00,R202,Arterial,1200,40.725,-73.985,213,60,Clear,25.9,0.0,0,17.75,18.75
2026-06-30 06:00:00,R202,Arterial,1200,40.725,-73.985,205,60,Clear,25.9,0.0,0,17.08,17.75
2026-06-30 07:00:00,R202,Arterial,1200,40.725,-73.985,1006,26,Clear,25.9,0.0,0,83.83,17.08
2026-06-30 08:00:00,R202,Arterial,1200,40.725,-73.985,1211,20,Clear,25.9,0.0,0,100.92,83.83
2026-06-30 09:00:00,R202,Arterial,1200,40.725,-73.985,1117,23,Clear,25.9,0.0,0,93.08,100.92
2026-06-30 10:00:00,R202,Arterial,1200,40.725,-73.985,615,43,Clear,25.9,0.0,0,51.25,93.08
2026-06-30 11:00:00,R202,Arterial,1200,40.725,-73.985,732,37,Clear,25.9,0.0,0,61.0,51.25
2026-06-30 12:00:00,R202,Arterial,1200,40.725,-73.985,617,43,Clear,25.9,0.0,0,51.42,61.0
2026-06-30 13:00:00,R202,Arterial,1200,40.725,-73.985,653,41,Clear,25.9,0.0,0,54.42,51.42
2026-06-30 14:00:00,R202,Arterial,1200,40.725,-73.985,639,42,Clear,25.9,0.0,0,53.25,54.42
2026-06-30 15:00:00,R202,Arterial,1200,40.725,-73.985,797,34,Clear,25.9,0.0,0,66.42,53.25
2026-06-30 16:00:00,R202,Arterial,1200,40.725,-73.985,1291,18,Clear,25.9,0.0,0,107.58,66.42
2026-06-30 17:00:00,R202,Arterial,1200,40.725,-73.985,1153,22,Clear,25.9,0.0,0,96.08,107.58
2026-06-30 18:00:00,R202,Arterial,1200,40.725,-73.985,1096,23,Clear,25.9,0.0,0,91.33,96.08
2026-06-30 19:00:00,R202,Arterial,1200,40.725,-73.985,1131,22,Clear,25.9,0.0,0,94.25,91.33
2026-06-30 20:00:00,R202,Arterial,1200,40.725,-73.985,209,60,Clear,25.9,0.0,0,17.42,94.25
2026-06-30 21:00:00,R202,Arterial,1200,40.725,-73.985,216,60,Clear,25.9,0.0,0,18.0,17.42
2026-06-30 22:00:00,R202,Arterial,1200,40.725,-73.985,251,60,Clear,25.9,0.0,0,20.92,18.0
2026-06-30 23:00:00,R202,Arterial,1200,40.725,-73.985,257,60,Clear,25.9,0.0,0,21.42,20.92
2026-07-01 00:00:00,R202,Arterial,1200,40.725,-73.985,234,60,Clear,24.7,0.0,0,19.5,21.42
2026-07-01 01:00:00,R202,Arterial,1200,40.725,-73.985,269,60,Clear,24.7,0.0,0,22.42,19.5
2026-07-01 02:00:00,R202,Arterial,1200,40.725,-73.985,209,60,Clear,24.7,0.0,0,17.42,22.42
2026-07-01 03:00:00,R202,Arterial,1200,40.725,-73.985,239,60,Clear,24.7,0.0,0,19.92,17.42
2026-07-01 04:00:00,R202,Arterial,1200,40.725,-73.985,232,60,Clear,24.7,0.0,0,19.33,19.92
2026-07-01 05:00:00,R202,Arterial,1200,40.725,-73.985,254,60,Clear,24.7,0.0,0,21.17,19.33
2026-07-01 06:00:00,R202,Arterial,1200,40.725,-73.985,220,60,Clear,24.7,0.0,0,18.33,21.17
2026-07-01 07:00:00,R202,Arterial,1200,40.725,-73.985,920,29,Clear,24.7,0.0,0,76.67,18.33
2026-07-01 08:00:00,R202,Arterial,1200,40.725,-73.985,1086,24,Clear,24.7,0.0,0,90.5,76.67
2026-07-01 09:00:00,R202,Arterial,1200,40.725,-73.985,1174,21,Clear,24.7,0.0,0,97.83,90.5
2026-07-01 10:00:00,R202,Arterial,1200,40.725,-73.985,701,39,Clear,24.7,0.0,0,58.42,97.83
2026-07-01 11:00:00,R202,Arterial,1200,40.725,-73.985,821,33,Clear,24.7,0.0,0,68.42,58.42
2026-07-01 12:00:00,R202,Arterial,1200,40.725,-73.985,653,41,Clear,24.7,0.0,0,54.42,68.42
2026-07-01 13:00:00,R202,Arterial,1200,40.725,-73.985,763,36,Clear,24.7,0.0,0,63.58,54.42
2026-07-01 14:00:00,R202,Arterial,1200,40.725,-73.985,723,38,Clear,24.7,0.0,0,60.25,63.58
2026-07-01 15:00:00,R202,Arterial,1200,40.725,-73.985,823,33,Clear,24.7,0.0,0,68.58,60.25
2026-07-01 16:00:00,R202,Arterial,1200,40.725,-73.985,1208,20,Clear,24.7,0.0,0,100.67,68.58
2026-07-01 17:00:00,R202,Arterial,1200,40.725,-73.985,975,27,Clear,24.7,0.0,0,81.25,100.67
2026-07-01 18:00:00,R202,Arterial,1200,40.725,-73.985,1308,18,Clear,24.7,0.0,0,109.0,81.25
2026-07-01 19:00:00,R202,Arterial,1200,40.725,-73.985,1208,20,Clear,24.7,0.0,0,100.67,109.0
2026-07-01 20:00:00,R202,Arterial,1200,40.725,-73.985,266,60,Clear,24.7,0.0,0,22.17,100.67
2026-07-01 21:00:00,R202,Arterial,1200,40.725,-73.985,266,60,Clear,24.7,0.0,0,22.17,22.17
2026-07-01 22:00:00,R202,Arterial,1200,40.725,-73.985,274,60,Clear,24.7,0.0,0,22.83,22.17
2026-07-01 23:00:00,R202,Arterial,1200,40.725,-73.985,271,60,Clear,24.7,0.0,0,22.58,22.83
2026-07-02 00:00:00,R202,Arterial,1200,40.725,-73.985,255,60,Cloudy,18.9,0.0,0,21.25,22.58
2026-07-02 01:00:00,R202,Arterial,1200,40.725,-73.985,265,60,Cloudy,18.9,0.0,0,22.08,21.25
2026-07-02 02:00:00,R202,Arterial,1200,40.725,-73.985,253,60,Cloudy,18.9,0.0,0,21.08,22.08
2026-07-02 03:00:00,R202,Arterial,1200,40.725,-73.985,260,60,Cloudy,18.9,0.0,0,21.67,21.08
2026-07-02 04:00:00,R202,Arterial,1200,40.725,-73.985,241,60,Cloudy,18.9,0.0,0,20.08,21.67
2026-07-02 05:00:00,R202,Arterial,1200,40.725,-73.985,214,60,Cloudy,18.9,0.0,0,17.83,20.08
2026-07-02 06:00:00,R202,Arterial,1200,40.725,-73.985,257,60,Cloudy,18.9,0.0,0,21.42,17.83
2026-07-02 07:00:00,R202,Arterial,1200,40.725,-73.985,1185,21,Cloudy,18.9,0.0,0,98.75,21.42
2026-07-02 08:00:00,R202,Arterial,1200,40.725,-73.985,1001,26,Cloudy,18.9,0.0,0,83.42,98.75
2026-07-02 09:00:00,R202,Arterial,1200,40.725,-73.985,954,28,Cloudy,18.9,0.0,0,79.5,83.42
2026-07-02 10:00:00,R202,Arterial,1200,40.725,-73.985,823,33,Cloudy,18.9,0.0,0,68.58,79.5
2026-07-02 11:00:00,R202,Arterial,1200,40.725,-73.985,640,42,Cloudy,18.9,0.0,0,53.33,68.58
2026-07-02 12:00:00,R202,Arterial,1200,40.725,-73.985,783,35,Cloudy,18.9,0.0,0,65.25,53.33
2026-07-02 13:00:00,R202,Arterial,1200,40.725,-73.985,664,41,Cloudy,18.9,0.0,0,55.33,65.25
2026-07-02 14:00:00,R202,Arterial,1200,40.725,-73.985,709,38,Cloudy,18.9,0.0,0,59.08,55.33
2026-07-02 15:00:00,R202,Arterial,1200,40.725,-73.985,676,40,Cloudy,18.9,0.0,0,56.33,59.08
2026-07-02 16:00:00,R202,Arterial,1200,40.725,-73.985,1244,5,Cloudy,18.9,0.0,1,103.67,56.33
2026-07-02 17:00:00,R202,Arterial,1200,40.725,-73.985,1100,23,Cloudy,18.9,0.0,0,91.67,103.67
2026-07-02 18:00:00,R202,Arterial,1200,40.725,-73.985,1035,25,Cloudy,18.9,0.0,0,86.25,91.67
2026-07-02 19:00:00,R202,Arterial,1200,40.725,-73.985,1380,5,Cloudy,18.9,0.0,1,115.0,86.25
2026-07-02 20:00:00,R202,Arterial,1200,40.725,-73.985,206,60,Cloudy,18.9,0.0,0,17.17,115.0
2026-07-02 21:00:00,R202,Arterial,1200,40.725,-73.985,240,60,Cloudy,18.9,0.0,0,20.0,17.17
2026-07-02 22:00:00,R202,Arterial,1200,40.725,-73.985,260,60,Cloudy,18.9,0.0,0,21.67,20.0
2026-07-02 23:00:00,R202,Arterial,1200,40.725,-73.985,274,60,Cloudy,18.9,0.0,0,22.83,21.67
2026-07-03 00:00:00,R202,Arterial,1200,40.725,-73.985,214,60,Clear,34.5,0.0,0,17.83,22.83
2026-07-03 01:00:00,R202,Arterial,1200,40.725,-73.985,268,60,Clear,34.5,0.0,0,22.33,17.83
2026-07-03 02:00:00,R202,Arterial,1200,40.725,-73.985,227,60,Clear,34.5,0.0,0,18.92,22.33
2026-07-03 03:00:00,R202,Arterial,1200,40.725,-73.985,213,60,Clear,34.5,0.0,0,17.75,18.92
2026-07-03 04:00:00,R202,Arterial,1200,40.725,-73.985,216,60,Clear,34.5,0.0,0,18.0,17.75
2026-07-03 05:00:00,R202,Arterial,1200,40.725,-73.985,238,60,Clear,34.5,0.0,0,19.83,18.0
2026-07-03 06:00:00,R202,Arterial,1200,40.725,-73.985,255,60,Clear,34.5,0.0,0,21.25,19.83
2026-07-03 07:00:00,R202,Arterial,1200,40.725,-73.985,1205,20,Clear,34.5,0.0,0,100.42,21.25
2026-07-03 08:00:00,R202,Arterial,1200,40.725,-73.985,1188,21,Clear,34.5,0.0,0,99.0,100.42
2026-07-03 09:00:00,R202,Arterial,1200,40.725,-73.985,1116,23,Clear,34.5,0.0,0,93.0,99.0
2026-07-03 10:00:00,R202,Arterial,1200,40.725,-73.985,618,43,Clear,34.5,0.0,0,51.5,93.0
2026-07-03 11:00:00,R202,Arterial,1200,40.725,-73.985,728,37,Clear,34.5,0.0,0,60.67,51.5
2026-07-03 12:00:00,R202,Arterial,1200,40.725,-73.985,704,39,Clear,34.5,0.0,0,58.67,60.67
2026-07-03 13:00:00,R202,Arterial,1200,40.725,-73.985,740,37,Clear,34.5,0.0,0,61.67,58.67
2026-07-03 14:00:00,R202,Arterial,1200,40.725,-73.985,800,34,Clear,34.5,0.0,0,66.67,61.67
2026-07-03 15:00:00,R202,Arterial,1200,40.725,-73.985,794,34,Clear,34.5,0.0,0,66.17,66.67
2026-07-03 16:00:00,R202,Arterial,1200,40.725,-73.985,1079,24,Clear,34.5,0.0,0,89.92,66.17
2026-07-03 17:00:00,R202,Arterial,1200,40.725,-73.985,1173,21,Clear,34.5,0.0,0,97.75,89.92
2026-07-03 18:00:00,R202,Arterial,1200,40.725,-73.985,1290,18,Clear,34.5,0.0,0,107.5,97.75
2026-07-03 19:00:00,R202,Arterial,1200,40.725,-73.985,1097,23,Clear,34.5,0.0,0,91.42,107.5
2026-07-03 20:00:00,R202,Arterial,1200,40.725,-73.985,246,60,Clear,34.5,0.0,0,20.5,91.42
2026-07-03 21:00:00,R202,Arterial,1200,40.725,-73.985,212,60,Clear,34.5,0.0,0,17.67,20.5
2026-07-03 22:00:00,R202,Arterial,1200,40.725,-73.985,227,60,Clear,34.5,0.0,0,18.92,17.67
2026-07-03 23:00:00,R202,Arterial,1200,40.725,-73.985,259,60,Clear,34.5,0.0,0,21.58,18.92
2026-07-04 00:00:00,R202,Arterial,1200,40.725,-73.985,221,60,Cloudy,24.4,0.0,0,18.42,21.58
2026-07-04 01:00:00,R202,Arterial,1200,40.725,-73.985,253,60,Cloudy,24.4,0.0,0,21.08,18.42
2026-07-04 02:00:00,R202,Arterial,1200,40.725,-73.985,257,60,Cloudy,24.4,0.0,0,21.42,21.08
2026-07-04 03:00:00,R202,Arterial,1200,40.725,-73.985,252,60,Cloudy,24.4,0.0,0,21.0,21.42
2026-07-04 04:00:00,R202,Arterial,1200,40.725,-73.985,266,60,Cloudy,24.4,0.0,0,22.17,21.0
2026-07-04 05:00:00,R202,Arterial,1200,40.725,-73.985,211,60,Cloudy,24.4,0.0,0,17.58,22.17
2026-07-04 06:00:00,R202,Arterial,1200,40.725,-73.985,217,60,Cloudy,24.4,0.0,0,18.08,17.58
2026-07-04 07:00:00,R202,Arterial,1200,40.725,-73.985,235,60,Cloudy,24.4,0.0,0,19.58,18.08
2026-07-04 08:00:00,R202,Arterial,1200,40.725,-73.985,239,60,Cloudy,24.4,0.0,0,19.92,19.58
2026-07-04 09:00:00,R202,Arterial,1200,40.725,-73.985,265,60,Cloudy,24.4,0.0,0,22.08,19.92
2026-07-04 10:00:00,R202,Arterial,1200,40.725,-73.985,218,60,Cloudy,24.4,0.0,0,18.17,22.08
2026-07-04 11:00:00,R202,Arterial,1200,40.725,-73.985,824,33,Cloudy,24.4,0.0,0,68.67,18.17
2026-07-04 12:00:00,R202,Arterial,1200,40.725,-73.985,831,33,Cloudy,24.4,0.0,0,69.25,68.67
2026-07-04 13:00:00,R202,Arterial,1200,40.725,-73.985,789,35,Cloudy,24.4,0.0,0,65.75,69.25
2026-07-04 14:00:00,R202,Arterial,1200,40.725,-73.985,839,32,Cloudy,24.4,0.0,0,69.92,65.75
2026-07-04 15:00:00,R202,Arterial,1200,40.725,-73.985,846,32,Cloudy,24.4,0.0,0,70.5,69.92
2026-07-04 16:00:00,R202,Arterial,1200,40.725,-73.985,706,38,Cloudy,24.4,0.0,0,58.83,70.5
2026-07-04 17:00:00,R202,Arterial,1200,40.725,-73.985,613,43,Cloudy,24.4,0.0,0,51.08,58.83
2026-07-04 18:00:00,R202,Arterial,1200,40.725,-73.985,798,34,Cloudy,24.4,0.0,0,66.5,51.08
2026-07-04 19:00:00,R202,Arterial,1200,40.725,-73.985,758,36,Cloudy,24.4,0.0,0,63.17,66.5
2026-07-04 20:00:00,R202,Arterial,1200,40.725,-73.985,668,40,Cloudy,24.4,0.0,0,55.67,63.17
2026-07-04 21:00:00,R202,Arterial,1200,40.725,-73.985,270,60,Cloudy,24.4,0.0,0,22.5,55.67
2026-07-04 22:00:00,R202,Arterial,1200,40.725,-73.985,254,60,Cloudy,24.4,0.0,0,21.17,22.5
2026-07-04 23:00:00,R202,Arterial,1200,40.725,-73.985,226,60,Cloudy,24.4,0.0,0,18.83,21.17
2026-07-05 00:00:00,R202,Arterial,1200,40.725,-73.985,266,60,Clear,25.8,0.0,0,22.17,18.83
2026-07-05 01:00:00,R202,Arterial,1200,40.725,-73.985,232,60,Clear,25.8,0.0,0,19.33,22.17
2026-07-05 02:00:00,R202,Arterial,1200,40.725,-73.985,251,60,Clear,25.8,0.0,0,20.92,19.33
2026-07-05 03:00:00,R202,Arterial,1200,40.725,-73.985,255,60,Clear,25.8,0.0,0,21.25,20.92
2026-07-05 04:00:00,R202,Arterial,1200,40.725,-73.985,211,60,Clear,25.8,0.0,0,17.58,21.25
2026-07-05 05:00:00,R202,Arterial,1200,40.725,-73.985,274,60,Clear,25.8,0.0,0,22.83,17.58
2026-07-05 06:00:00,R202,Arterial,1200,40.725,-73.985,241,60,Clear,25.8,0.0,0,20.08,22.83
2026-07-05 07:00:00,R202,Arterial,1200,40.725,-73.985,231,60,Clear,25.8,0.0,0,19.25,20.08
2026-07-05 08:00:00,R202,Arterial,1200,40.725,-73.985,226,60,Clear,25.8,0.0,0,18.83,19.25
2026-07-05 09:00:00,R202,Arterial,1200,40.725,-73.985,251,60,Clear,25.8,0.0,0,20.92,18.83
2026-07-05 10:00:00,R202,Arterial,1200,40.725,-73.985,225,60,Clear,25.8,0.0,0,18.75,20.92
2026-07-05 11:00:00,R202,Arterial,1200,40.725,-73.985,932,29,Clear,25.8,0.0,0,77.67,18.75
2026-07-05 12:00:00,R202,Arterial,1200,40.725,-73.985,882,31,Clear,25.8,0.0,0,73.5,77.67
2026-07-05 13:00:00,R202,Arterial,1200,40.725,-73.985,762,36,Clear,25.8,0.0,0,63.5,73.5
2026-07-05 14:00:00,R202,Arterial,1200,40.725,-73.985,954,28,Clear,25.8,0.0,0,79.5,63.5
2026-07-05 15:00:00,R202,Arterial,1200,40.725,-73.985,876,31,Clear,25.8,0.0,0,73.0,79.5
2026-07-05 16:00:00,R202,Arterial,1200,40.725,-73.985,668,40,Clear,25.8,0.0,0,55.67,73.0
2026-07-05 17:00:00,R202,Arterial,1200,40.725,-73.985,816,33,Clear,25.8,0.0,0,68.0,55.67
2026-07-05 18:00:00,R202,Arterial,1200,40.725,-73.985,705,38,Clear,25.8,0.0,0,58.75,68.0
2026-07-05 19:00:00,R202,Arterial,1200,40.725,-73.985,792,34,Clear,25.8,0.0,0,66.0,58.75
2026-07-05 20:00:00,R202,Arterial,1200,40.725,-73.985,758,36,Clear,25.8,0.0,0,63.17,66.0
2026-07-05 21:00:00,R202,Arterial,1200,40.725,-73.985,217,60,Clear,25.8,0.0,0,18.08,63.17
2026-07-05 22:00:00,R202,Arterial,1200,40.725,-73.985,262,60,Clear,25.8,0.0,0,21.83,18.08
2026-07-05 23:00:00,R202,Arterial,1200,40.725,-73.985,219,60,Clear,25.8,0.0,0,18.25,21.83
2026-07-06 00:00:00,R202,Arterial,1200,40.725,-73.985,271,60,Clear,31.4,0.0,0,22.58,18.25
2026-07-06 01:00:00,R202,Arterial,1200,40.725,-73.985,215,60,Clear,31.4,0.0,0,17.92,22.58
2026-07-06 02:00:00,R202,Arterial,1200,40.725,-73.985,275,60,Clear,31.4,0.0,0,22.92,17.92
2026-07-06 03:00:00,R202,Arterial,1200,40.725,-73.985,233,60,Clear,31.4,0.0,0,19.42,22.92
2026-07-06 04:00:00,R202,Arterial,1200,40.725,-73.985,228,60,Clear,31.4,0.0,0,19.0,19.42
2026-07-06 05:00:00,R202,Arterial,1200,40.725,-73.985,259,60,Clear,31.4,0.0,0,21.58,19.0
2026-07-06 06:00:00,R202,Arterial,1200,40.725,-73.985,266,60,Clear,31.4,0.0,0,22.17,21.58
2026-07-06 07:00:00,R202,Arterial,1200,40.725,-73.985,1015,26,Clear,31.4,0.0,0,84.58,22.17
2026-07-06 08:00:00,R202,Arterial,1200,40.725,-73.985,926,29,Clear,31.4,0.0,0,77.17,84.58
2026-07-06 09:00:00,R202,Arterial,1200,40.725,-73.985,1009,26,Clear,31.4,0.0,0,84.08,77.17
2026-07-06 10:00:00,R202,Arterial,1200,40.725,-73.985,689,39,Clear,31.4,0.0,0,57.42,84.08
2026-07-06 11:00:00,R202,Arterial,1200,40.725,-73.985,752,36,Clear,31.4,0.0,0,62.67,57.42
2026-07-06 12:00:00,R202,Arterial,1200,40.725,-73.985,619,43,Clear,31.4,0.0,0,51.58,62.67
2026-07-06 13:00:00,R202,Arterial,1200,40.725,-73.985,711,38,Clear,31.4,0.0,0,59.25,51.58
2026-07-06 14:00:00,R202,Arterial,1200,40.725,-73.985,798,34,Clear,31.4,0.0,0,66.5,59.25
2026-07-06 15:00:00,R202,Arterial,1200,40.725,-73.985,804,34,Clear,31.4,0.0,0,67.0,66.5
2026-07-06 16:00:00,R202,Arterial,1200,40.725,-73.985,1306,5,Clear,31.4,0.0,1,108.83,67.0
2026-07-06 17:00:00,R202,Arterial,1200,40.725,-73.985,1041,25,Clear,31.4,0.0,0,86.75,108.83
2026-07-06 18:00:00,R202,Arterial,1200,40.725,-73.985,1063,24,Clear,31.4,0.0,0,88.58,86.75
2026-07-06 19:00:00,R202,Arterial,1200,40.725,-73.985,1063,24,Clear,31.4,0.0,0,88.58,88.58
2026-07-06 20:00:00,R202,Arterial,1200,40.725,-73.985,206,60,Clear,31.4,0.0,0,17.17,88.58
2026-07-06 21:00:00,R202,Arterial,1200,40.725,-73.985,210,60,Clear,31.4,0.0,0,17.5,17.17
2026-07-06 22:00:00,R202,Arterial,1200,40.725,-73.985,247,60,Clear,31.4,0.0,0,20.58,17.5
2026-07-06 23:00:00,R202,Arterial,1200,40.725,-73.985,231,60,Clear,31.4,0.0,0,19.25,20.58
2026-07-07 00:00:00,R202,Arterial,1200,40.725,-73.985,222,60,Clear,26.4,0.0,0,18.5,19.25
2026-07-07 01:00:00,R202,Arterial,1200,40.725,-73.985,235,60,Clear,26.4,0.0,0,19.58,18.5
2026-07-07 02:00:00,R202,Arterial,1200,40.725,-73.985,269,60,Clear,26.4,0.0,0,22.42,19.58
2026-07-07 03:00:00,R202,Arterial,1200,40.725,-73.985,241,60,Clear,26.4,0.0,0,20.08,22.42
2026-07-07 04:00:00,R202,Arterial,1200,40.725,-73.985,225,60,Clear,26.4,0.0,0,18.75,20.08
2026-07-07 05:00:00,R202,Arterial,1200,40.725,-73.985,249,60,Clear,26.4,0.0,0,20.75,18.75
2026-07-07 06:00:00,R202,Arterial,1200,40.725,-73.985,258,60,Clear,26.4,0.0,0,21.5,20.75
2026-07-07 07:00:00,R202,Arterial,1200,40.725,-73.985,1015,26,Clear,26.4,0.0,0,84.58,21.5
2026-07-07 08:00:00,R202,Arterial,1200,40.725,-73.985,1093,24,Clear,26.4,0.0,0,91.08,84.58
2026-07-07 09:00:00,R202,Arterial,1200,40.725,-73.985,1097,23,Clear,26.4,0.0,0,91.42,91.08
2026-07-07 10:00:00,R202,Arterial,1200,40.725,-73.985,646,41,Clear,26.4,0.0,0,53.83,91.42
2026-07-07 11:00:00,R202,Arterial,1200,40.725,-73.985,766,36,Clear,26.4,0.0,0,63.83,53.83
2026-07-07 12:00:00,R202,Arterial,1200,40.725,-73.985,724,38,Clear,26.4,0.0,0,60.33,63.83
2026-07-07 13:00:00,R202,Arterial,1200,40.725,-73.985,703,39,Clear,26.4,0.0,0,58.58,60.33
2026-07-07 14:00:00,R202,Arterial,1200,40.725,-73.985,818,33,Clear,26.4,0.0,0,68.17,58.58
2026-07-07 15:00:00,R202,Arterial,1200,40.725,-73.985,723,38,Clear,26.4,0.0,0,60.25,68.17
2026-07-07 16:00:00,R202,Arterial,1200,40.725,-73.985,1194,21,Clear,26.4,0.0,0,99.5,60.25
2026-07-07 17:00:00,R202,Arterial,1200,40.725,-73.985,1307,18,Clear,26.4,0.0,0,108.92,99.5
2026-07-07 18:00:00,R202,Arterial,1200,40.725,-73.985,1145,22,Clear,26.4,0.0,0,95.42,108.92
2026-07-07 19:00:00,R202,Arterial,1200,40.725,-73.985,1187,21,Clear,26.4,0.0,0,98.92,95.42
2026-07-07 20:00:00,R202,Arterial,1200,40.725,-73.985,246,60,Clear,26.4,0.0,0,20.5,98.92
2026-07-07 21:00:00,R202,Arterial,1200,40.725,-73.985,266,60,Clear,26.4,0.0,0,22.17,20.5
2026-07-07 22:00:00,R202,Arterial,1200,40.725,-73.985,273,60,Clear,26.4,0.0,0,22.75,22.17
2026-07-07 23:00:00,R202,Arterial,1200,40.725,-73.985,258,60,Clear,26.4,0.0,0,21.5,22.75
2026-07-08 00:00:00,R202,Arterial,1200,40.725,-73.985,204,60,Cloudy,24.7,0.0,0,17.0,21.5
2026-07-08 01:00:00,R202,Arterial,1200,40.725,-73.985,230,60,Cloudy,24.7,0.0,0,19.17,17.0
2026-07-08 02:00:00,R202,Arterial,1200,40.725,-73.985,217,60,Cloudy,24.7,0.0,0,18.08,19.17
2026-07-08 03:00:00,R202,Arterial,1200,40.725,-73.985,243,60,Cloudy,24.7,0.0,0,20.25,18.08
2026-07-08 04:00:00,R202,Arterial,1200,40.725,-73.985,219,60,Cloudy,24.7,0.0,0,18.25,20.25
2026-07-08 05:00:00,R202,Arterial,1200,40.725,-73.985,245,60,Cloudy,24.7,0.0,0,20.42,18.25
2026-07-08 06:00:00,R202,Arterial,1200,40.725,-73.985,244,60,Cloudy,24.7,0.0,0,20.33,20.42
2026-07-08 07:00:00,R202,Arterial,1200,40.725,-73.985,1153,22,Cloudy,24.7,0.0,0,96.08,20.33
2026-07-08 08:00:00,R202,Arterial,1200,40.725,-73.985,1035,25,Cloudy,24.7,0.0,0,86.25,96.08
2026-07-08 09:00:00,R202,Arterial,1200,40.725,-73.985,1038,25,Cloudy,24.7,0.0,0,86.5,86.25
2026-07-08 10:00:00,R202,Arterial,1200,40.725,-73.985,642,42,Cloudy,24.7,0.0,0,53.5,86.5
2026-07-08 11:00:00,R202,Arterial,1200,40.725,-73.985,792,34,Cloudy,24.7,0.0,0,66.0,53.5
2026-07-08 12:00:00,R202,Arterial,1200,40.725,-73.985,738,37,Cloudy,24.7,0.0,0,61.5,66.0
2026-07-08 13:00:00,R202,Arterial,1200,40.725,-73.985,757,36,Cloudy,24.7,0.0,0,63.08,61.5
2026-07-08 14:00:00,R202,Arterial,1200,40.725,-73.985,622,43,Cloudy,24.7,0.0,0,51.83,63.08
2026-07-08 15:00:00,R202,Arterial,1200,40.725,-73.985,680,40,Cloudy,24.7,0.0,0,56.67,51.83
2026-07-08 16:00:00,R202,Arterial,1200,40.725,-73.985,1282,18,Cloudy,24.7,0.0,0,106.83,56.67
2026-07-08 17:00:00,R202,Arterial,1200,40.725,-73.985,1071,24,Cloudy,24.7,0.0,0,89.25,106.83
2026-07-08 18:00:00,R202,Arterial,1200,40.725,-73.985,1190,21,Cloudy,24.7,0.0,0,99.17,89.25
2026-07-08 19:00:00,R202,Arterial,1200,40.725,-73.985,1057,25,Cloudy,24.7,0.0,0,88.08,99.17
2026-07-08 20:00:00,R202,Arterial,1200,40.725,-73.985,282,18,Cloudy,24.7,0.0,1,23.5,88.08
2026-07-08 21:00:00,R202,Arterial,1200,40.725,-73.985,256,60,Cloudy,24.7,0.0,0,21.33,23.5
2026-07-08 22:00:00,R202,Arterial,1200,40.725,-73.985,268,60,Cloudy,24.7,0.0,0,22.33,21.33
2026-07-08 23:00:00,R202,Arterial,1200,40.725,-73.985,265,60,Cloudy,24.7,0.0,0,22.08,22.33
2026-07-09 00:00:00,R202,Arterial,1200,40.725,-73.985,239,60,Cloudy,15.5,0.0,0,19.92,22.08
2026-07-09 01:00:00,R202,Arterial,1200,40.725,-73.985,229,60,Cloudy,15.5,0.0,0,19.08,19.92
2026-07-09 02:00:00,R202,Arterial,1200,40.725,-73.985,245,60,Cloudy,15.5,0.0,0,20.42,19.08
2026-07-09 03:00:00,R202,Arterial,1200,40.725,-73.985,239,60,Cloudy,15.5,0.0,0,19.92,20.42
2026-07-09 04:00:00,R202,Arterial,1200,40.725,-73.985,209,60,Cloudy,15.5,0.0,0,17.42,19.92
2026-07-09 05:00:00,R202,Arterial,1200,40.725,-73.985,227,60,Cloudy,15.5,0.0,0,18.92,17.42
2026-07-09 06:00:00,R202,Arterial,1200,40.725,-73.985,251,60,Cloudy,15.5,0.0,0,20.92,18.92
2026-07-09 07:00:00,R202,Arterial,1200,40.725,-73.985,1153,22,Cloudy,15.5,0.0,0,96.08,20.92
2026-07-09 08:00:00,R202,Arterial,1200,40.725,-73.985,1243,5,Cloudy,15.5,0.0,1,103.58,96.08
2026-07-09 09:00:00,R202,Arterial,1200,40.725,-73.985,1417,5,Cloudy,15.5,0.0,1,118.08,103.58
2026-07-09 10:00:00,R202,Arterial,1200,40.725,-73.985,814,34,Cloudy,15.5,0.0,0,67.83,118.08
2026-07-09 11:00:00,R202,Arterial,1200,40.725,-73.985,706,38,Cloudy,15.5,0.0,0,58.83,67.83
2026-07-09 12:00:00,R202,Arterial,1200,40.725,-73.985,669,40,Cloudy,15.5,0.0,0,55.75,58.83
2026-07-09 13:00:00,R202,Arterial,1200,40.725,-73.985,822,33,Cloudy,15.5,0.0,0,68.5,55.75
2026-07-09 14:00:00,R202,Arterial,1200,40.725,-73.985,652,41,Cloudy,15.5,0.0,0,54.33,68.5
2026-07-09 15:00:00,R202,Arterial,1200,40.725,-73.985,718,38,Cloudy,15.5,0.0,0,59.83,54.33
2026-07-09 16:00:00,R202,Arterial,1200,40.725,-73.985,1025,26,Cloudy,15.5,0.0,0,85.42,59.83
2026-07-09 17:00:00,R202,Arterial,1200,40.725,-73.985,1271,19,Cloudy,15.5,0.0,0,105.92,85.42
2026-07-09 18:00:00,R202,Arterial,1200,40.725,-73.985,1105,23,Cloudy,15.5,0.0,0,92.08,105.92
2026-07-09 19:00:00,R202,Arterial,1200,40.725,-73.985,1117,23,Cloudy,15.5,0.0,0,93.08,92.08
2026-07-09 20:00:00,R202,Arterial,1200,40.725,-73.985,264,60,Cloudy,15.5,0.0,0,22.0,93.08
2026-07-09 21:00:00,R202,Arterial,1200,40.725,-73.985,271,60,Cloudy,15.5,0.0,0,22.58,22.0
2026-07-09 22:00:00,R202,Arterial,1200,40.725,-73.985,242,60,Cloudy,15.5,0.0,0,20.17,22.58
2026-07-09 23:00:00,R202,Arterial,1200,40.725,-73.985,213,60,Cloudy,15.5,0.0,0,17.75,20.17
2026-07-10 00:00:00,R202,Arterial,1200,40.725,-73.985,246,60,Cloudy,21.6,0.0,0,20.5,17.75
2026-07-10 01:00:00,R202,Arterial,1200,40.725,-73.985,207,60,Cloudy,21.6,0.0,0,17.25,20.5
2026-07-10 02:00:00,R202,Arterial,1200,40.725,-73.985,255,60,Cloudy,21.6,0.0,0,21.25,17.25
2026-07-10 03:00:00,R202,Arterial,1200,40.725,-73.985,269,60,Cloudy,21.6,0.0,0,22.42,21.25
2026-07-10 04:00:00,R202,Arterial,1200,40.725,-73.985,238,60,Cloudy,21.6,0.0,0,19.83,22.42
2026-07-10 05:00:00,R202,Arterial,1200,40.725,-73.985,275,60,Cloudy,21.6,0.0,0,22.92,19.83
2026-07-10 06:00:00,R202,Arterial,1200,40.725,-73.985,205,60,Cloudy,21.6,0.0,0,17.08,22.92
2026-07-10 07:00:00,R202,Arterial,1200,40.725,-73.985,953,28,Cloudy,21.6,0.0,0,79.42,17.08
2026-07-10 08:00:00,R202,Arterial,1200,40.725,-73.985,1147,22,Cloudy,21.6,0.0,0,95.58,79.42
2026-07-10 09:00:00,R202,Arterial,1200,40.725,-73.985,1182,21,Cloudy,21.6,0.0,0,98.5,95.58
2026-07-10 10:00:00,R202,Arterial,1200,40.725,-73.985,827,33,Cloudy,21.6,0.0,0,68.92,98.5
2026-07-10 11:00:00,R202,Arterial,1200,40.725,-73.985,635,42,Cloudy,21.6,0.0,0,52.92,68.92
2026-07-10 12:00:00,R202,Arterial,1200,40.725,-73.985,792,34,Cloudy,21.6,0.0,0,66.0,52.92
2026-07-10 13:00:00,R202,Arterial,1200,40.725,-73.985,632,42,Cloudy,21.6,0.0,0,52.67,66.0
2026-07-10 14:00:00,R202,Arterial,1200,40.725,-73.985,655,41,Cloudy,21.6,0.0,0,54.58,52.67
2026-07-10 15:00:00,R202,Arterial,1200,40.725,-73.985,683,40,Cloudy,21.6,0.0,0,56.92,54.58
2026-07-10 16:00:00,R202,Arterial,1200,40.725,-73.985,1057,25,Cloudy,21.6,0.0,0,88.08,56.92
2026-07-10 17:00:00,R202,Arterial,1200,40.725,-73.985,1153,22,Cloudy,21.6,0.0,0,96.08,88.08
2026-07-10 18:00:00,R202,Arterial,1200,40.725,-73.985,1237,20,Cloudy,21.6,0.0,0,103.08,96.08
2026-07-10 19:00:00,R202,Arterial,1200,40.725,-73.985,1068,24,Cloudy,21.6,0.0,0,89.0,103.08
2026-07-10 20:00:00,R202,Arterial,1200,40.725,-73.985,224,60,Cloudy,21.6,0.0,0,18.67,89.0
2026-07-10 21:00:00,R202,Arterial,1200,40.725,-73.985,221,60,Cloudy,21.6,0.0,0,18.42,18.67
2026-07-10 22:00:00,R202,Arterial,1200,40.725,-73.985,266,60,Cloudy,21.6,0.0,0,22.17,18.42
2026-07-10 23:00:00,R202,Arterial,1200,40.725,-73.985,222,60,Cloudy,21.6,0.0,0,18.5,22.17
2026-07-11 00:00:00,R202,Arterial,1200,40.725,-73.985,244,60,Cloudy,16.4,0.0,0,20.33,18.5
2026-07-11 01:00:00,R202,Arterial,1200,40.725,-73.985,261,60,Cloudy,16.4,0.0,0,21.75,20.33
2026-07-11 02:00:00,R202,Arterial,1200,40.725,-73.985,221,60,Cloudy,16.4,0.0,0,18.42,21.75
2026-07-11 03:00:00,R202,Arterial,1200,40.725,-73.985,267,60,Cloudy,16.4,0.0,0,22.25,18.42
2026-07-11 04:00:00,R202,Arterial,1200,40.725,-73.985,263,60,Cloudy,16.4,0.0,0,21.92,22.25
2026-07-11 05:00:00,R202,Arterial,1200,40.725,-73.985,227,60,Cloudy,16.4,0.0,0,18.92,21.92
2026-07-11 06:00:00,R202,Arterial,1200,40.725,-73.985,211,60,Cloudy,16.4,0.0,0,17.58,18.92
2026-07-11 07:00:00,R202,Arterial,1200,40.725,-73.985,254,60,Cloudy,16.4,0.0,0,21.17,17.58
2026-07-11 08:00:00,R202,Arterial,1200,40.725,-73.985,210,60,Cloudy,16.4,0.0,0,17.5,21.17
2026-07-11 09:00:00,R202,Arterial,1200,40.725,-73.985,233,60,Cloudy,16.4,0.0,0,19.42,17.5
2026-07-11 10:00:00,R202,Arterial,1200,40.725,-73.985,230,60,Cloudy,16.4,0.0,0,19.17,19.42
2026-07-11 11:00:00,R202,Arterial,1200,40.725,-73.985,799,34,Cloudy,16.4,0.0,0,66.58,19.17
2026-07-11 12:00:00,R202,Arterial,1200,40.725,-73.985,760,36,Cloudy,16.4,0.0,0,63.33,66.58
2026-07-11 13:00:00,R202,Arterial,1200,40.725,-73.985,932,29,Cloudy,16.4,0.0,0,77.67,63.33
2026-07-11 14:00:00,R202,Arterial,1200,40.725,-73.985,944,28,Cloudy,16.4,0.0,0,78.67,77.67
2026-07-11 15:00:00,R202,Arterial,1200,40.725,-73.985,961,28,Cloudy,16.4,0.0,0,80.08,78.67
2026-07-11 16:00:00,R202,Arterial,1200,40.725,-73.985,613,43,Cloudy,16.4,0.0,0,51.08,80.08
2026-07-11 17:00:00,R202,Arterial,1200,40.725,-73.985,742,37,Cloudy,16.4,0.0,0,61.83,51.08
2026-07-11 18:00:00,R202,Arterial,1200,40.725,-73.985,715,38,Cloudy,16.4,0.0,0,59.58,61.83
2026-07-11 19:00:00,R202,Arterial,1200,40.725,-73.985,640,42,Cloudy,16.4,0.0,0,53.33,59.58
2026-07-11 20:00:00,R202,Arterial,1200,40.725,-73.985,660,41,Cloudy,16.4,0.0,0,55.0,53.33
2026-07-11 21:00:00,R202,Arterial,1200,40.725,-73.985,239,60,Cloudy,16.4,0.0,0,19.92,55.0
2026-07-11 22:00:00,R202,Arterial,1200,40.725,-73.985,221,60,Cloudy,16.4,0.0,0,18.42,19.92
2026-07-11 23:00:00,R202,Arterial,1200,40.725,-73.985,244,60,Cloudy,16.4,0.0,0,20.33,18.42
2026-07-12 00:00:00,R202,Arterial,1200,40.725,-73.985,236,60,Clear,32.1,0.0,0,19.67,20.33
2026-07-12 01:00:00,R202,Arterial,1200,40.725,-73.985,229,60,Clear,32.1,0.0,0,19.08,19.67
2026-07-12 02:00:00,R202,Arterial,1200,40.725,-73.985,275,60,Clear,32.1,0.0,0,22.92,19.08
2026-07-12 03:00:00,R202,Arterial,1200,40.725,-73.985,254,60,Clear,32.1,0.0,0,21.17,22.92
2026-07-12 04:00:00,R202,Arterial,1200,40.725,-73.985,257,60,Clear,32.1,0.0,0,21.42,21.17
2026-07-12 05:00:00,R202,Arterial,1200,40.725,-73.985,213,60,Clear,32.1,0.0,0,17.75,21.42
2026-07-12 06:00:00,R202,Arterial,1200,40.725,-73.985,231,60,Clear,32.1,0.0,0,19.25,17.75
2026-07-12 07:00:00,R202,Arterial,1200,40.725,-73.985,250,60,Clear,32.1,0.0,0,20.83,19.25
2026-07-12 08:00:00,R202,Arterial,1200,40.725,-73.985,247,60,Clear,32.1,0.0,0,20.58,20.83
2026-07-12 09:00:00,R202,Arterial,1200,40.725,-73.985,247,60,Clear,32.1,0.0,0,20.58,20.58
2026-07-12 10:00:00,R202,Arterial,1200,40.725,-73.985,265,60,Clear,32.1,0.0,0,22.08,20.58
2026-07-12 11:00:00,R202,Arterial,1200,40.725,-73.985,828,33,Clear,32.1,0.0,0,69.0,22.08
2026-07-12 12:00:00,R202,Arterial,1200,40.725,-73.985,742,37,Clear,32.1,0.0,0,61.83,69.0
2026-07-12 13:00:00,R202,Arterial,1200,40.725,-73.985,791,35,Clear,32.1,0.0,0,65.92,61.83
2026-07-12 14:00:00,R202,Arterial,1200,40.725,-73.985,741,37,Clear,32.1,0.0,0,61.75,65.92
2026-07-12 15:00:00,R202,Arterial,1200,40.725,-73.985,724,38,Clear,32.1,0.0,0,60.33,61.75
2026-07-12 16:00:00,R202,Arterial,1200,40.725,-73.985,749,36,Clear,32.1,0.0,0,62.42,60.33
2026-07-12 17:00:00,R202,Arterial,1200,40.725,-73.985,770,35,Clear,32.1,0.0,0,64.17,62.42
2026-07-12 18:00:00,R202,Arterial,1200,40.725,-73.985,613,43,Clear,32.1,0.0,0,51.08,64.17
2026-07-12 19:00:00,R202,Arterial,1200,40.725,-73.985,699,39,Clear,32.1,0.0,0,58.25,51.08
2026-07-12 20:00:00,R202,Arterial,1200,40.725,-73.985,763,36,Clear,32.1,0.0,0,63.58,58.25
2026-07-12 21:00:00,R202,Arterial,1200,40.725,-73.985,217,60,Clear,32.1,0.0,0,18.08,63.58
2026-07-12 22:00:00,R202,Arterial,1200,40.725,-73.985,251,60,Clear,32.1,0.0,0,20.92,18.08
2026-07-12 23:00:00,R202,Arterial,1200,40.725,-73.985,225,60,Clear,32.1,0.0,0,18.75,20.92
2026-07-13 00:00:00,R202,Arterial,1200,40.725,-73.985,247,60,Clear,24.9,0.0,0,20.58,18.75
2026-07-13 01:00:00,R202,Arterial,1200,40.725,-73.985,260,60,Clear,24.9,0.0,0,21.67,20.58
2026-07-13 02:00:00,R202,Arterial,1200,40.725,-73.985,211,60,Clear,24.9,0.0,0,17.58,21.67
2026-07-13 03:00:00,R202,Arterial,1200,40.725,-73.985,248,60,Clear,24.9,0.0,0,20.67,17.58
2026-07-13 04:00:00,R202,Arterial,1200,40.725,-73.985,231,60,Clear,24.9,0.0,0,19.25,20.67
2026-07-13 05:00:00,R202,Arterial,1200,40.725,-73.985,273,60,Clear,24.9,0.0,0,22.75,19.25
2026-07-13 06:00:00,R202,Arterial,1200,40.725,-73.985,219,60,Clear,24.9,0.0,0,18.25,22.75
2026-07-13 07:00:00,R202,Arterial,1200,40.725,-73.985,1233,6,Clear,24.9,0.0,1,102.75,18.25
2026-07-13 08:00:00,R202,Arterial,1200,40.725,-73.985,1203,20,Clear,24.9,0.0,0,100.25,102.75
2026-07-13 09:00:00,R202,Arterial,1200,40.725,-73.985,1153,22,Clear,24.9,0.0,0,96.08,100.25
2026-07-13 10:00:00,R202,Arterial,1200,40.725,-73.985,644,42,Clear,24.9,0.0,0,53.67,96.08
2026-07-13 11:00:00,R202,Arterial,1200,40.725,-73.985,652,41,Clear,24.9,0.0,0,54.33,53.67
2026-07-13 12:00:00,R202,Arterial,1200,40.725,-73.985,716,38,Clear,24.9,0.0,0,59.67,54.33
2026-07-13 13:00:00,R202,Arterial,1200,40.725,-73.985,713,38,Clear,24.9,0.0,0,59.42,59.67
2026-07-13 14:00:00,R202,Arterial,1200,40.725,-73.985,686,39,Clear,24.9,0.0,0,57.17,59.42
2026-07-13 15:00:00,R202,Arterial,1200,40.725,-73.985,652,41,Clear,24.9,0.0,0,54.33,57.17
2026-07-13 16:00:00,R202,Arterial,1200,40.725,-73.985,1005,26,Clear,24.9,0.0,0,83.75,54.33
2026-07-13 17:00:00,R202,Arterial,1200,40.725,-73.985,1079,24,Clear,24.9,0.0,0,89.92,83.75
2026-07-13 18:00:00,R202,Arterial,1200,40.725,-73.985,999,26,Clear,24.9,0.0,0,83.25,89.92
2026-07-13 19:00:00,R202,Arterial,1200,40.725,-73.985,1284,18,Clear,24.9,0.0,0,107.0,83.25
2026-07-13 20:00:00,R202,Arterial,1200,40.725,-73.985,265,60,Clear,24.9,0.0,0,22.08,107.0
2026-07-13 21:00:00,R202,Arterial,1200,40.725,-73.985,272,60,Clear,24.9,0.0,0,22.67,22.08
2026-07-13 22:00:00,R202,Arterial,1200,40.725,-73.985,226,60,Clear,24.9,0.0,0,18.83,22.67
2026-07-13 23:00:00,R202,Arterial,1200,40.725,-73.985,232,60,Clear,24.9,0.0,0,19.33,18.83
2026-07-14 00:00:00,R202,Arterial,1200,40.725,-73.985,244,60,Clear,22.5,0.0,0,20.33,19.33
2026-07-14 01:00:00,R202,Arterial,1200,40.725,-73.985,231,60,Clear,22.5,0.0,0,19.25,20.33
2026-07-14 02:00:00,R202,Arterial,1200,40.725,-73.985,204,60,Clear,22.5,0.0,0,17.0,19.25
2026-07-14 03:00:00,R202,Arterial,1200,40.725,-73.985,294,18,Clear,22.5,0.0,1,24.5,17.0
2026-07-14 04:00:00,R202,Arterial,1200,40.725,-73.985,241,60,Clear,22.5,0.0,0,20.08,24.5
2026-07-14 05:00:00,R202,Arterial,1200,40.725,-73.985,236,60,Clear,22.5,0.0,0,19.67,20.08
2026-07-14 06:00:00,R202,Arterial,1200,40.725,-73.985,208,60,Clear,22.5,0.0,0,17.33,19.67
2026-07-14 07:00:00,R202,Arterial,1200,40.725,-73.985,1329,5,Clear,22.5,0.0,1,110.75,17.33
2026-07-14 08:00:00,R202,Arterial,1200,40.725,-73.985,1203,20,Clear,22.5,0.0,0,100.25,110.75
2026-07-14 09:00:00,R202,Arterial,1200,40.725,-73.985,1086,24,Clear,22.5,0.0,0,90.5,100.25
2026-07-14 10:00:00,R202,Arterial,1200,40.725,-73.985,712,38,Clear,22.5,0.0,0,59.33,90.5
2026-07-14 11:00:00,R202,Arterial,1200,40.725,-73.985,763,36,Clear,22.5,0.0,0,63.58,59.33
2026-07-14 12:00:00,R202,Arterial,1200,40.725,-73.985,689,39,Clear,22.5,0.0,0,57.42,63.58
2026-07-14 13:00:00,R202,Arterial,1200,40.725,-73.985,633,42,Clear,22.5,0.0,0,52.75,57.42
2026-07-14 14:00:00,R202,Arterial,1200,40.725,-73.985,807,34,Clear,22.5,0.0,0,67.25,52.75
2026-07-14 15:00:00,R202,Arterial,1200,40.725,-73.985,618,43,Clear,22.5,0.0,0,51.5,67.25
2026-07-14 16:00:00,R202,Arterial,1200,40.725,-73.985,986,27,Clear,22.5,0.0,0,82.17,51.5
2026-07-14 17:00:00,R202,Arterial,1200,40.725,-73.985,1134,22,Clear,22.5,0.0,0,94.5,82.17
2026-07-14 18:00:00,R202,Arterial,1200,40.725,-73.985,1188,21,Clear,22.5,0.0,0,99.0,94.5
2026-07-14 19:00:00,R202,Arterial,1200,40.725,-73.985,1246,19,Clear,22.5,0.0,0,103.83,99.0
2026-07-14 20:00:00,R202,Arterial,1200,40.725,-73.985,236,60,Clear,22.5,0.0,0,19.67,103.83
2026-07-14 21:00:00,R202,Arterial,1200,40.725,-73.985,253,60,Clear,22.5,0.0,0,21.08,19.67
2026-07-14 22:00:00,R202,Arterial,1200,40.725,-73.985,218,60,Clear,22.5,0.0,0,18.17,21.08
2026-07-14 23:00:00,R202,Arterial,1200,40.725,-73.985,254,18,Clear,22.5,0.0,1,21.17,18.17
2026-07-15 00:00:00,R202,Arterial,1200,40.725,-73.985,195,48,Heavy Rain,12.5,10.1,0,16.25,21.17
2026-07-15 01:00:00,R202,Arterial,1200,40.725,-73.985,228,48,Heavy Rain,12.5,10.1,0,19.0,16.25
2026-07-15 02:00:00,R202,Arterial,1200,40.725,-73.985,240,48,Heavy Rain,12.5,10.1,0,20.0,19.0
2026-07-15 03:00:00,R202,Arterial,1200,40.725,-73.985,238,48,Heavy Rain,12.5,10.1,0,19.83,20.0
2026-07-15 04:00:00,R202,Arterial,1200,40.725,-73.985,267,14,Heavy Rain,12.5,10.1,1,22.25,19.83
2026-07-15 05:00:00,R202,Arterial,1200,40.725,-73.985,195,48,Heavy Rain,12.5,10.1,0,16.25,22.25
2026-07-15 06:00:00,R202,Arterial,1200,40.725,-73.985,198,48,Heavy Rain,12.5,10.1,0,16.5,16.25
2026-07-15 07:00:00,R202,Arterial,1200,40.725,-73.985,996,21,Heavy Rain,12.5,10.1,0,83.0,16.5
2026-07-15 08:00:00,R202,Arterial,1200,40.725,-73.985,963,22,Heavy Rain,12.5,10.1,0,80.25,83.0
2026-07-15 09:00:00,R202,Arterial,1200,40.725,-73.985,1052,20,Heavy Rain,12.5,10.1,0,87.67,80.25
2026-07-15 10:00:00,R202,Arterial,1200,40.725,-73.985,860,7,Heavy Rain,12.5,10.1,1,71.67,87.67
2026-07-15 11:00:00,R202,Arterial,1200,40.725,-73.985,690,31,Heavy Rain,12.5,10.1,0,57.5,71.67
2026-07-15 12:00:00,R202,Arterial,1200,40.725,-73.985,578,36,Heavy Rain,12.5,10.1,0,48.17,57.5
2026-07-15 13:00:00,R202,Arterial,1200,40.725,-73.985,651,33,Heavy Rain,12.5,10.1,0,54.25,48.17
2026-07-15 14:00:00,R202,Arterial,1200,40.725,-73.985,657,33,Heavy Rain,12.5,10.1,0,54.75,54.25
2026-07-15 15:00:00,R202,Arterial,1200,40.725,-73.985,635,34,Heavy Rain,12.5,10.1,0,52.92,54.75
2026-07-15 16:00:00,R202,Arterial,1200,40.725,-73.985,887,24,Heavy Rain,12.5,10.1,0,73.92,52.92
2026-07-15 17:00:00,R202,Arterial,1200,40.725,-73.985,897,24,Heavy Rain,12.5,10.1,0,74.75,73.92
2026-07-15 18:00:00,R202,Arterial,1200,40.725,-73.985,1053,20,Heavy Rain,12.5,10.1,0,87.75,74.75
2026-07-15 19:00:00,R202,Arterial,1200,40.725,-73.985,997,21,Heavy Rain,12.5,10.1,0,83.08,87.75
2026-07-15 20:00:00,R202,Arterial,1200,40.725,-73.985,240,48,Heavy Rain,12.5,10.1,0,20.0,83.08
2026-07-15 21:00:00,R202,Arterial,1200,40.725,-73.985,204,48,Heavy Rain,12.5,10.1,0,17.0,20.0
2026-07-15 22:00:00,R202,Arterial,1200,40.725,-73.985,229,14,Heavy Rain,12.5,10.1,1,19.08,17.0
2026-07-15 23:00:00,R202,Arterial,1200,40.725,-73.985,189,48,Heavy Rain,12.5,10.1,0,15.75,19.08
2026-07-16 00:00:00,R202,Arterial,1200,40.725,-73.985,249,60,Clear,31.0,0.0,0,20.75,15.75
2026-07-16 01:00:00,R202,Arterial,1200,40.725,-73.985,228,60,Clear,31.0,0.0,0,19.0,20.75
2026-07-16 02:00:00,R202,Arterial,1200,40.725,-73.985,206,60,Clear,31.0,0.0,0,17.17,19.0
2026-07-16 03:00:00,R202,Arterial,1200,40.725,-73.985,232,60,Clear,31.0,0.0,0,19.33,17.17
2026-07-16 04:00:00,R202,Arterial,1200,40.725,-73.985,264,60,Clear,31.0,0.0,0,22.0,19.33
2026-07-16 05:00:00,R202,Arterial,1200,40.725,-73.985,229,60,Clear,31.0,0.0,0,19.08,22.0
2026-07-16 06:00:00,R202,Arterial,1200,40.725,-73.985,223,60,Clear,31.0,0.0,0,18.58,19.08
2026-07-16 07:00:00,R202,Arterial,1200,40.725,-73.985,941,29,Clear,31.0,0.0,0,78.42,18.58
2026-07-16 08:00:00,R202,Arterial,1200,40.725,-73.985,1048,25,Clear,31.0,0.0,0,87.33,78.42
2026-07-16 09:00:00,R202,Arterial,1200,40.725,-73.985,928,29,Clear,31.0,0.0,0,77.33,87.33
2026-07-16 10:00:00,R202,Arterial,1200,40.725,-73.985,766,36,Clear,31.0,0.0,0,63.83,77.33
2026-07-16 11:00:00,R202,Arterial,1200,40.725,-73.985,822,33,Clear,31.0,0.0,0,68.5,63.83
2026-07-16 12:00:00,R202,Arterial,1200,40.725,-73.985,740,37,Clear,31.0,0.0,0,61.67,68.5
2026-07-16 13:00:00,R202,Arterial,1200,40.725,-73.985,815,33,Clear,31.0,0.0,0,67.92,61.67
2026-07-16 14:00:00,R202,Arterial,1200,40.725,-73.985,632,42,Clear,31.0,0.0,0,52.67,67.92
2026-07-16 15:00:00,R202,Arterial,1200,40.725,-73.985,621,43,Clear,31.0,0.0,0,51.75,52.67
2026-07-16 16:00:00,R202,Arterial,1200,40.725,-73.985,1226,20,Clear,31.0,0.0,0,102.17,51.75
2026-07-16 17:00:00,R202,Arterial,1200,40.725,-73.985,1435,5,Clear,31.0,0.0,1,119.58,102.17
2026-07-16 18:00:00,R202,Arterial,1200,40.725,-73.985,1060,25,Clear,31.0,0.0,0,88.33,119.58
2026-07-16 19:00:00,R202,Arterial,1200,40.725,-73.985,1131,22,Clear,31.0,0.0,0,94.25,88.33
2026-07-16 20:00:00,R202,Arterial,1200,40.725,-73.985,255,60,Clear,31.0,0.0,0,21.25,94.25
2026-07-16 21:00:00,R202,Arterial,1200,40.725,-73.985,262,60,Clear,31.0,0.0,0,21.83,21.25
2026-07-16 22:00:00,R202,Arterial,1200,40.725,-73.985,215,60,Clear,31.0,0.0,0,17.92,21.83
2026-07-16 23:00:00,R202,Arterial,1200,40.725,-73.985,221,60,Clear,31.0,0.0,0,18.42,17.92
2026-07-17 00:00:00,R202,Arterial,1200,40.725,-73.985,216,60,Clear,32.2,0.0,0,18.0,18.42
2026-07-17 01:00:00,R202,Arterial,1200,40.725,-73.985,253,60,Clear,32.2,0.0,0,21.08,18.0
2026-07-17 02:00:00,R202,Arterial,1200,40.725,-73.985,231,60,Clear,32.2,0.0,0,19.25,21.08
2026-07-17 03:00:00,R202,Arterial,1200,40.725,-73.985,212,60,Clear,32.2,0.0,0,17.67,19.25
2026-07-17 04:00:00,R202,Arterial,1200,40.725,-73.985,223,60,Clear,32.2,0.0,0,18.58,17.67
2026-07-17 05:00:00,R202,Arterial,1200,40.725,-73.985,204,60,Clear,32.2,0.0,0,17.0,18.58
2026-07-17 06:00:00,R202,Arterial,1200,40.725,-73.985,269,60,Clear,32.2,0.0,0,22.42,17.0
2026-07-17 07:00:00,R202,Arterial,1200,40.725,-73.985,930,29,Clear,32.2,0.0,0,77.5,22.42
2026-07-17 08:00:00,R202,Arterial,1200,40.725,-73.985,1168,21,Clear,32.2,0.0,0,97.33,77.5
2026-07-17 09:00:00,R202,Arterial,1200,40.725,-73.985,1274,5,Clear,32.2,0.0,1,106.17,97.33
2026-07-17 10:00:00,R202,Arterial,1200,40.725,-73.985,665,40,Clear,32.2,0.0,0,55.42,106.17
2026-07-17 11:00:00,R202,Arterial,1200,40.725,-73.985,771,10,Clear,32.2,0.0,1,64.25,55.42
2026-07-17 12:00:00,R202,Arterial,1200,40.725,-73.985,778,35,Clear,32.2,0.0,0,64.83,64.25
2026-07-17 13:00:00,R202,Arterial,1200,40.725,-73.985,805,34,Clear,32.2,0.0,0,67.08,64.83
2026-07-17 14:00:00,R202,Arterial,1200,40.725,-73.985,743,37,Clear,32.2,0.0,0,61.92,67.08
2026-07-17 15:00:00,R202,Arterial,1200,40.725,-73.985,648,41,Clear,32.2,0.0,0,54.0,61.92
2026-07-17 16:00:00,R202,Arterial,1200,40.725,-73.985,1143,22,Clear,32.2,0.0,0,95.25,54.0
2026-07-17 17:00:00,R202,Arterial,1200,40.725,-73.985,1209,20,Clear,32.2,0.0,0,100.75,95.25
2026-07-17 18:00:00,R202,Arterial,1200,40.725,-73.985,1275,19,Clear,32.2,0.0,0,106.25,100.75
2026-07-17 19:00:00,R202,Arterial,1200,40.725,-73.985,1056,25,Clear,32.2,0.0,0,88.0,106.25
2026-07-17 20:00:00,R202,Arterial,1200,40.725,-73.985,208,60,Clear,32.2,0.0,0,17.33,88.0
2026-07-17 21:00:00,R202,Arterial,1200,40.725,-73.985,264,60,Clear,32.2,0.0,0,22.0,17.33
2026-07-17 22:00:00,R202,Arterial,1200,40.725,-73.985,228,60,Clear,32.2,0.0,0,19.0,22.0
2026-07-17 23:00:00,R202,Arterial,1200,40.725,-73.985,249,60,Clear,32.2,0.0,0,20.75,19.0
2026-07-18 00:00:00,R202,Arterial,1200,40.725,-73.985,213,48,Rainy,16.5,12.3,0,17.75,20.75
2026-07-18 01:00:00,R202,Arterial,1200,40.725,-73.985,313,14,Rainy,16.5,12.3,1,26.08,17.75
2026-07-18 02:00:00,R202,Arterial,1200,40.725,-73.985,268,48,Rainy,16.5,12.3,0,22.33,26.08
2026-07-18 03:00:00,R202,Arterial,1200,40.725,-73.985,263,48,Rainy,16.5,12.3,0,21.92,22.33
2026-07-18 04:00:00,R202,Arterial,1200,40.725,-73.985,223,48,Rainy,16.5,12.3,0,18.58,21.92
2026-07-18 05:00:00,R202,Arterial,1200,40.725,-73.985,231,48,Rainy,16.5,12.3,0,19.25,18.58
2026-07-18 06:00:00,R202,Arterial,1200,40.725,-73.985,223,48,Rainy,16.5,12.3,0,18.58,19.25
2026-07-18 07:00:00,R202,Arterial,1200,40.725,-73.985,269,48,Rainy,16.5,12.3,0,22.42,18.58
2026-07-18 08:00:00,R202,Arterial,1200,40.725,-73.985,216,48,Rainy,16.5,12.3,0,18.0,22.42
2026-07-18 09:00:00,R202,Arterial,1200,40.725,-73.985,223,48,Rainy,16.5,12.3,0,18.58,18.0
2026-07-18 10:00:00,R202,Arterial,1200,40.725,-73.985,217,48,Rainy,16.5,12.3,0,18.08,18.58
2026-07-18 11:00:00,R202,Arterial,1200,40.725,-73.985,885,24,Rainy,16.5,12.3,0,73.75,18.08
2026-07-18 12:00:00,R202,Arterial,1200,40.725,-73.985,767,28,Rainy,16.5,12.3,0,63.92,73.75
2026-07-18 13:00:00,R202,Arterial,1200,40.725,-73.985,785,28,Rainy,16.5,12.3,0,65.42,63.92
2026-07-18 14:00:00,R202,Arterial,1200,40.725,-73.985,862,25,Rainy,16.5,12.3,0,71.83,65.42
2026-07-18 15:00:00,R202,Arterial,1200,40.725,-73.985,719,30,Rainy,16.5,12.3,0,59.92,71.83
2026-07-18 16:00:00,R202,Arterial,1200,40.725,-73.985,631,34,Rainy,16.5,12.3,0,52.58,59.92
2026-07-18 17:00:00,R202,Arterial,1200,40.725,-73.985,808,27,Rainy,16.5,12.3,0,67.33,52.58
2026-07-18 18:00:00,R202,Arterial,1200,40.725,-73.985,727,30,Rainy,16.5,12.3,0,60.58,67.33
2026-07-18 19:00:00,R202,Arterial,1200,40.725,-73.985,711,30,Rainy,16.5,12.3,0,59.25,60.58
2026-07-18 20:00:00,R202,Arterial,1200,40.725,-73.985,658,33,Rainy,16.5,12.3,0,54.83,59.25
2026-07-18 21:00:00,R202,Arterial,1200,40.725,-73.985,258,48,Rainy,16.5,12.3,0,21.5,54.83
2026-07-18 22:00:00,R202,Arterial,1200,40.725,-73.985,217,48,Rainy,16.5,12.3,0,18.08,21.5
2026-07-18 23:00:00,R202,Arterial,1200,40.725,-73.985,273,48,Rainy,16.5,12.3,0,22.75,18.08
2026-07-19 00:00:00,R202,Arterial,1200,40.725,-73.985,207,48,Heavy Rain,11.0,2.9,0,17.25,22.75
2026-07-19 01:00:00,R202,Arterial,1200,40.725,-73.985,241,48,Heavy Rain,11.0,2.9,0,20.08,17.25
2026-07-19 02:00:00,R202,Arterial,1200,40.725,-73.985,237,48,Heavy Rain,11.0,2.9,0,19.75,20.08
2026-07-19 03:00:00,R202,Arterial,1200,40.725,-73.985,213,48,Heavy Rain,11.0,2.9,0,17.75,19.75
2026-07-19 04:00:00,R202,Arterial,1200,40.725,-73.985,226,48,Heavy Rain,11.0,2.9,0,18.83,17.75
2026-07-19 05:00:00,R202,Arterial,1200,40.725,-73.985,234,48,Heavy Rain,11.0,2.9,0,19.5,18.83
2026-07-19 06:00:00,R202,Arterial,1200,40.725,-73.985,216,48,Heavy Rain,11.0,2.9,0,18.0,19.5
2026-07-19 07:00:00,R202,Arterial,1200,40.725,-73.985,226,48,Heavy Rain,11.0,2.9,0,18.83,18.0
2026-07-19 08:00:00,R202,Arterial,1200,40.725,-73.985,195,48,Heavy Rain,11.0,2.9,0,16.25,18.83
2026-07-19 09:00:00,R202,Arterial,1200,40.725,-73.985,207,48,Heavy Rain,11.0,2.9,0,17.25,16.25
2026-07-19 10:00:00,R202,Arterial,1200,40.725,-73.985,226,48,Heavy Rain,11.0,2.9,0,18.83,17.25
2026-07-19 11:00:00,R202,Arterial,1200,40.725,-73.985,782,28,Heavy Rain,11.0,2.9,0,65.17,18.83
2026-07-19 12:00:00,R202,Arterial,1200,40.725,-73.985,830,26,Heavy Rain,11.0,2.9,0,69.17,65.17
2026-07-19 13:00:00,R202,Arterial,1200,40.725,-73.985,675,32,Heavy Rain,11.0,2.9,0,56.25,69.17
2026-07-19 14:00:00,R202,Arterial,1200,40.725,-73.985,711,30,Heavy Rain,11.0,2.9,0,59.25,56.25
2026-07-19 15:00:00,R202,Arterial,1200,40.725,-73.985,782,28,Heavy Rain,11.0,2.9,0,65.17,59.25
2026-07-19 16:00:00,R202,Arterial,1200,40.725,-73.985,628,34,Heavy Rain,11.0,2.9,0,52.33,65.17
2026-07-19 17:00:00,R202,Arterial,1200,40.725,-73.985,614,34,Heavy Rain,11.0,2.9,0,51.17,52.33
2026-07-19 18:00:00,R202,Arterial,1200,40.725,-73.985,615,34,Heavy Rain,11.0,2.9,0,51.25,51.17
2026-07-19 19:00:00,R202,Arterial,1200,40.725,-73.985,568,37,Heavy Rain,11.0,2.9,0,47.33,51.25
2026-07-19 20:00:00,R202,Arterial,1200,40.725,-73.985,618,34,Heavy Rain,11.0,2.9,0,51.5,47.33
2026-07-19 21:00:00,R202,Arterial,1200,40.725,-73.985,215,48,Heavy Rain,11.0,2.9,0,17.92,51.5
2026-07-19 22:00:00,R202,Arterial,1200,40.725,-73.985,226,48,Heavy Rain,11.0,2.9,0,18.83,17.92
2026-07-19 23:00:00,R202,Arterial,1200,40.725,-73.985,224,48,Heavy Rain,11.0,2.9,0,18.67,18.83
2026-07-20 00:00:00,R202,Arterial,1200,40.725,-73.985,206,48,Rainy,10.5,13.6,0,17.17,18.67
2026-07-20 01:00:00,R202,Arterial,1200,40.725,-73.985,271,48,Rainy,10.5,13.6,0,22.58,17.17
2026-07-20 02:00:00,R202,Arterial,1200,40.725,-73.985,254,48,Rainy,10.5,13.6,0,21.17,22.58
2026-07-20 03:00:00,R202,Arterial,1200,40.725,-73.985,271,48,Rainy,10.5,13.6,0,22.58,21.17
2026-07-20 04:00:00,R202,Arterial,1200,40.725,-73.985,231,48,Rainy,10.5,13.6,0,19.25,22.58
2026-07-20 05:00:00,R202,Arterial,1200,40.725,-73.985,272,48,Rainy,10.5,13.6,0,22.67,19.25
2026-07-20 06:00:00,R202,Arterial,1200,40.725,-73.985,210,48,Rainy,10.5,13.6,0,17.5,22.67
2026-07-20 07:00:00,R202,Arterial,1200,40.725,-73.985,1201,16,Rainy,10.5,13.6,0,100.08,17.5
2026-07-20 08:00:00,R202,Arterial,1200,40.725,-73.985,966,22,Rainy,10.5,13.6,0,80.5,100.08
2026-07-20 09:00:00,R202,Arterial,1200,40.725,-73.985,1222,16,Rainy,10.5,13.6,0,101.83,80.5
2026-07-20 10:00:00,R202,Arterial,1200,40.725,-73.985,688,31,Rainy,10.5,13.6,0,57.33,101.83
2026-07-20 11:00:00,R202,Arterial,1200,40.725,-73.985,777,28,Rainy,10.5,13.6,0,64.75,57.33
2026-07-20 12:00:00,R202,Arterial,1200,40.725,-73.985,763,29,Rainy,10.5,13.6,0,63.58,64.75
2026-07-20 13:00:00,R202,Arterial,1200,40.725,-73.985,712,30,Rainy,10.5,13.6,0,59.33,63.58
2026-07-20 14:00:00,R202,Arterial,1200,40.725,-73.985,699,31,Rainy,10.5,13.6,0,58.25,59.33
2026-07-20 15:00:00,R202,Arterial,1200,40.725,-73.985,781,28,Rainy,10.5,13.6,0,65.08,58.25
2026-07-20 16:00:00,R202,Arterial,1200,40.725,-73.985,1150,17,Rainy,10.5,13.6,0,95.83,65.08
2026-07-20 17:00:00,R202,Arterial,1200,40.725,-73.985,1025,20,Rainy,10.5,13.6,0,85.42,95.83
2026-07-20 18:00:00,R202,Arterial,1200,40.725,-73.985,1236,16,Rainy,10.5,13.6,0,103.0,85.42
2026-07-20 19:00:00,R202,Arterial,1200,40.725,-73.985,982,22,Rainy,10.5,13.6,0,81.83,103.0
2026-07-20 20:00:00,R202,Arterial,1200,40.725,-73.985,220,48,Rainy,10.5,13.6,0,18.33,81.83
2026-07-20 21:00:00,R202,Arterial,1200,40.725,-73.985,208,48,Rainy,10.5,13.6,0,17.33,18.33
2026-07-20 22:00:00,R202,Arterial,1200,40.725,-73.985,264,48,Rainy,10.5,13.6,0,22.0,17.33
2026-07-20 23:00:00,R202,Arterial,1200,40.725,-73.985,227,48,Rainy,10.5,13.6,0,18.92,22.0
2026-07-21 00:00:00,R202,Arterial,1200,40.725,-73.985,230,60,Clear,29.5,0.0,0,19.17,18.92
2026-07-21 01:00:00,R202,Arterial,1200,40.725,-73.985,248,60,Clear,29.5,0.0,0,20.67,19.17
2026-07-21 02:00:00,R202,Arterial,1200,40.725,-73.985,236,60,Clear,29.5,0.0,0,19.67,20.67
2026-07-21 03:00:00,R202,Arterial,1200,40.725,-73.985,264,60,Clear,29.5,0.0,0,22.0,19.67
2026-07-21 04:00:00,R202,Arterial,1200,40.725,-73.985,216,60,Clear,29.5,0.0,0,18.0,22.0
2026-07-21 05:00:00,R202,Arterial,1200,40.725,-73.985,225,60,Clear,29.5,0.0,0,18.75,18.0
2026-07-21 06:00:00,R202,Arterial,1200,40.725,-73.985,231,60,Clear,29.5,0.0,0,19.25,18.75
2026-07-21 07:00:00,R202,Arterial,1200,40.725,-73.985,1100,23,Clear,29.5,0.0,0,91.67,19.25
2026-07-21 08:00:00,R202,Arterial,1200,40.725,-73.985,1106,23,Clear,29.5,0.0,0,92.17,91.67
2026-07-21 09:00:00,R202,Arterial,1200,40.725,-73.985,958,28,Clear,29.5,0.0,0,79.83,92.17
2026-07-21 10:00:00,R202,Arterial,1200,40.725,-73.985,798,34,Clear,29.5,0.0,0,66.5,79.83
2026-07-21 11:00:00,R202,Arterial,1200,40.725,-73.985,811,34,Clear,29.5,0.0,0,67.58,66.5
2026-07-21 12:00:00,R202,Arterial,1200,40.725,-73.985,659,41,Clear,29.5,0.0,0,54.92,67.58
2026-07-21 13:00:00,R202,Arterial,1200,40.725,-73.985,731,37,Clear,29.5,0.0,0,60.92,54.92
2026-07-21 14:00:00,R202,Arterial,1200,40.725,-73.985,617,43,Clear,29.5,0.0,0,51.42,60.92
2026-07-21 15:00:00,R202,Arterial,1200,40.725,-73.985,631,42,Clear,29.5,0.0,0,52.58,51.42
2026-07-21 16:00:00,R202,Arterial,1200,40.725,-73.985,1248,19,Clear,29.5,0.0,0,104.0,52.58
2026-07-21 17:00:00,R202,Arterial,1200,40.725,-73.985,1186,21,Clear,29.5,0.0,0,98.83,104.0
2026-07-21 18:00:00,R202,Arterial,1200,40.725,-73.985,1188,21,Clear,29.5,0.0,0,99.0,98.83
2026-07-21 19:00:00,R202,Arterial,1200,40.725,-73.985,1086,24,Clear,29.5,0.0,0,90.5,99.0
2026-07-21 20:00:00,R202,Arterial,1200,40.725,-73.985,257,60,Clear,29.5,0.0,0,21.42,90.5
2026-07-21 21:00:00,R202,Arterial,1200,40.725,-73.985,222,60,Clear,29.5,0.0,0,18.5,21.42
2026-07-21 22:00:00,R202,Arterial,1200,40.725,-73.985,210,60,Clear,29.5,0.0,0,17.5,18.5
2026-07-21 23:00:00,R202,Arterial,1200,40.725,-73.985,248,60,Clear,29.5,0.0,0,20.67,17.5
2026-07-22 00:00:00,R202,Arterial,1200,40.725,-73.985,248,48,Rainy,17.2,4.6,0,20.67,20.67
2026-07-22 01:00:00,R202,Arterial,1200,40.725,-73.985,224,48,Rainy,17.2,4.6,0,18.67,20.67
2026-07-22 02:00:00,R202,Arterial,1200,40.725,-73.985,233,48,Rainy,17.2,4.6,0,19.42,18.67
2026-07-22 03:00:00,R202,Arterial,1200,40.725,-73.985,272,48,Rainy,17.2,4.6,0,22.67,19.42
2026-07-22 04:00:00,R202,Arterial,1200,40.725,-73.985,214,48,Rainy,17.2,4.6,0,17.83,22.67
2026-07-22 05:00:00,R202,Arterial,1200,40.725,-73.985,207,48,Rainy,17.2,4.6,0,17.25,17.83
2026-07-22 06:00:00,R202,Arterial,1200,40.725,-73.985,204,48,Rainy,17.2,4.6,0,17.0,17.25
2026-07-22 07:00:00,R202,Arterial,1200,40.725,-73.985,1082,19,Rainy,17.2,4.6,0,90.17,17.0
2026-07-22 08:00:00,R202,Arterial,1200,40.725,-73.985,1440,5,Rainy,17.2,4.6,1,120.0,90.17
2026-07-22 09:00:00,R202,Arterial,1200,40.725,-73.985,1240,15,Rainy,17.2,4.6,0,103.33,120.0
2026-07-22 10:00:00,R202,Arterial,1200,40.725,-73.985,758,29,Rainy,17.2,4.6,0,63.17,103.33
2026-07-22 11:00:00,R202,Arterial,1200,40.725,-73.985,762,29,Rainy,17.2,4.6,0,63.5,63.17
2026-07-22 12:00:00,R202,Arterial,1200,40.725,-73.985,690,31,Rainy,17.2,4.6,0,57.5,63.5
2026-07-22 13:00:00,R202,Arterial,1200,40.725,-73.985,644,33,Rainy,17.2,4.6,0,53.67,57.5
2026-07-22 14:00:00,R202,Arterial,1200,40.725,-73.985,757,29,Rainy,17.2,4.6,0,63.08,53.67
2026-07-22 15:00:00,R202,Arterial,1200,40.725,-73.985,685,31,Rainy,17.2,4.6,0,57.08,63.08
2026-07-22 16:00:00,R202,Arterial,1200,40.725,-73.985,1278,15,Rainy,17.2,4.6,0,106.5,57.08
2026-07-22 17:00:00,R202,Arterial,1200,40.725,-73.985,1144,18,Rainy,17.2,4.6,0,95.33,106.5
2026-07-22 18:00:00,R202,Arterial,1200,40.725,-73.985,1256,15,Rainy,17.2,4.6,0,104.67,95.33
2026-07-22 19:00:00,R202,Arterial,1200,40.725,-73.985,1203,16,Rainy,17.2,4.6,0,100.25,104.67
2026-07-22 20:00:00,R202,Arterial,1200,40.725,-73.985,268,48,Rainy,17.2,4.6,0,22.33,100.25
2026-07-22 21:00:00,R202,Arterial,1200,40.725,-73.985,267,48,Rainy,17.2,4.6,0,22.25,22.33
2026-07-22 22:00:00,R202,Arterial,1200,40.725,-73.985,242,48,Rainy,17.2,4.6,0,20.17,22.25
2026-07-22 23:00:00,R202,Arterial,1200,40.725,-73.985,229,48,Rainy,17.2,4.6,0,19.08,20.17
2026-07-23 00:00:00,R202,Arterial,1200,40.725,-73.985,237,60,Cloudy,17.2,13.4,0,19.75,19.08
2026-07-23 01:00:00,R202,Arterial,1200,40.725,-73.985,220,60,Cloudy,17.2,13.4,0,18.33,19.75
2026-07-23 02:00:00,R202,Arterial,1200,40.725,-73.985,275,60,Cloudy,17.2,13.4,0,22.92,18.33
2026-07-23 03:00:00,R202,Arterial,1200,40.725,-73.985,243,60,Cloudy,17.2,13.4,0,20.25,22.92
2026-07-23 04:00:00,R202,Arterial,1200,40.725,-73.985,256,60,Cloudy,17.2,13.4,0,21.33,20.25
2026-07-23 05:00:00,R202,Arterial,1200,40.725,-73.985,228,60,Cloudy,17.2,13.4,0,19.0,21.33
2026-07-23 06:00:00,R202,Arterial,1200,40.725,-73.985,204,60,Cloudy,17.2,13.4,0,17.0,19.0
2026-07-23 07:00:00,R202,Arterial,1200,40.725,-73.985,1038,25,Cloudy,17.2,13.4,0,86.5,17.0
2026-07-23 08:00:00,R202,Arterial,1200,40.725,-73.985,1165,21,Cloudy,17.2,13.4,0,97.08,86.5
2026-07-23 09:00:00,R202,Arterial,1200,40.725,-73.985,1124,23,Cloudy,17.2,13.4,0,93.67,97.08
2026-07-23 10:00:00,R202,Arterial,1200,40.725,-73.985,779,35,Cloudy,17.2,13.4,0,64.92,93.67
2026-07-23 11:00:00,R202,Arterial,1200,40.725,-73.985,795,34,Cloudy,17.2,13.4,0,66.25,64.92
2026-07-23 12:00:00,R202,Arterial,1200,40.725,-73.985,812,34,Cloudy,17.2,13.4,0,67.67,66.25
2026-07-23 13:00:00,R202,Arterial,1200,40.725,-73.985,726,37,Cloudy,17.2,13.4,0,60.5,67.67
2026-07-23 14:00:00,R202,Arterial,1200,40.725,-73.985,688,39,Cloudy,17.2,13.4,0,57.33,60.5
2026-07-23 15:00:00,R202,Arterial,1200,40.725,-73.985,782,35,Cloudy,17.2,13.4,0,65.17,57.33
2026-07-23 16:00:00,R202,Arterial,1200,40.725,-73.985,1171,21,Cloudy,17.2,13.4,0,97.58,65.17
2026-07-23 17:00:00,R202,Arterial,1200,40.725,-73.985,1021,26,Cloudy,17.2,13.4,0,85.08,97.58
2026-07-23 18:00:00,R202,Arterial,1200,40.725,-73.985,1060,25,Cloudy,17.2,13.4,0,88.33,85.08
2026-07-23 19:00:00,R202,Arterial,1200,40.725,-73.985,993,27,Cloudy,17.2,13.4,0,82.75,88.33
2026-07-23 20:00:00,R202,Arterial,1200,40.725,-73.985,222,60,Cloudy,17.2,13.4,0,18.5,82.75
2026-07-23 21:00:00,R202,Arterial,1200,40.725,-73.985,251,60,Cloudy,17.2,13.4,0,20.92,18.5
2026-07-23 22:00:00,R202,Arterial,1200,40.725,-73.985,263,60,Cloudy,17.2,13.4,0,21.92,20.92
2026-07-23 23:00:00,R202,Arterial,1200,40.725,-73.985,225,60,Cloudy,17.2,13.4,0,18.75,21.92
2026-07-24 00:00:00,R202,Arterial,1200,40.725,-73.985,217,60,Clear,22.9,0.0,0,18.08,18.75
2026-07-24 01:00:00,R202,Arterial,1200,40.725,-73.985,205,60,Clear,22.9,0.0,0,17.08,18.08
2026-07-24 02:00:00,R202,Arterial,1200,40.725,-73.985,242,60,Clear,22.9,0.0,0,20.17,17.08
2026-07-24 03:00:00,R202,Arterial,1200,40.725,-73.985,227,60,Clear,22.9,0.0,0,18.92,20.17
2026-07-24 04:00:00,R202,Arterial,1200,40.725,-73.985,246,60,Clear,22.9,0.0,0,20.5,18.92
2026-07-24 05:00:00,R202,Arterial,1200,40.725,-73.985,250,60,Clear,22.9,0.0,0,20.83,20.5
2026-07-24 06:00:00,R202,Arterial,1200,40.725,-73.985,239,60,Clear,22.9,0.0,0,19.92,20.83
2026-07-24 07:00:00,R202,Arterial,1200,40.725,-73.985,1024,26,Clear,22.9,0.0,0,85.33,19.92
2026-07-24 08:00:00,R202,Arterial,1200,40.725,-73.985,1218,20,Clear,22.9,0.0,0,101.5,85.33
2026-07-24 09:00:00,R202,Arterial,1200,40.725,-73.985,1065,24,Clear,22.9,0.0,0,88.75,101.5
2026-07-24 10:00:00,R202,Arterial,1200,40.725,-73.985,684,40,Clear,22.9,0.0,0,57.0,88.75
2026-07-24 11:00:00,R202,Arterial,1200,40.725,-73.985,649,41,Clear,22.9,0.0,0,54.08,57.0
2026-07-24 12:00:00,R202,Arterial,1200,40.725,-73.985,687,39,Clear,22.9,0.0,0,57.25,54.08
2026-07-24 13:00:00,R202,Arterial,1200,40.725,-73.985,650,41,Clear,22.9,0.0,0,54.17,57.25
2026-07-24 14:00:00,R202,Arterial,1200,40.725,-73.985,688,39,Clear,22.9,0.0,0,57.33,54.17
2026-07-24 15:00:00,R202,Arterial,1200,40.725,-73.985,685,39,Clear,22.9,0.0,0,57.08,57.33
2026-07-24 16:00:00,R202,Arterial,1200,40.725,-73.985,1249,19,Clear,22.9,0.0,0,104.08,57.08
2026-07-24 17:00:00,R202,Arterial,1200,40.725,-73.985,1126,23,Clear,22.9,0.0,0,93.83,104.08
2026-07-24 18:00:00,R202,Arterial,1200,40.725,-73.985,1066,24,Clear,22.9,0.0,0,88.83,93.83
2026-07-24 19:00:00,R202,Arterial,1200,40.725,-73.985,1267,19,Clear,22.9,0.0,0,105.58,88.83
2026-07-24 20:00:00,R202,Arterial,1200,40.725,-73.985,313,18,Clear,22.9,0.0,1,26.08,105.58
2026-07-24 21:00:00,R202,Arterial,1200,40.725,-73.985,232,60,Clear,22.9,0.0,0,19.33,26.08
2026-07-24 22:00:00,R202,Arterial,1200,40.725,-73.985,268,60,Clear,22.9,0.0,0,22.33,19.33
2026-07-24 23:00:00,R202,Arterial,1200,40.725,-73.985,205,60,Clear,22.9,0.0,0,17.08,22.33
2026-07-25 00:00:00,R202,Arterial,1200,40.725,-73.985,252,60,Clear,25.7,0.0,0,21.0,17.08
2026-07-25 01:00:00,R202,Arterial,1200,40.725,-73.985,240,60,Clear,25.7,0.0,0,20.0,21.0
2026-07-25 02:00:00,R202,Arterial,1200,40.725,-73.985,272,60,Clear,25.7,0.0,0,22.67,20.0
2026-07-25 03:00:00,R202,Arterial,1200,40.725,-73.985,273,60,Clear,25.7,0.0,0,22.75,22.67
2026-07-25 04:00:00,R202,Arterial,1200,40.725,-73.985,258,60,Clear,25.7,0.0,0,21.5,22.75
2026-07-25 05:00:00,R202,Arterial,1200,40.725,-73.985,256,60,Clear,25.7,0.0,0,21.33,21.5
2026-07-25 06:00:00,R202,Arterial,1200,40.725,-73.985,236,60,Clear,25.7,0.0,0,19.67,21.33
2026-07-25 07:00:00,R202,Arterial,1200,40.725,-73.985,207,60,Clear,25.7,0.0,0,17.25,19.67
2026-07-25 08:00:00,R202,Arterial,1200,40.725,-73.985,249,60,Clear,25.7,0.0,0,20.75,17.25
2026-07-25 09:00:00,R202,Arterial,1200,40.725,-73.985,239,60,Clear,25.7,0.0,0,19.92,20.75
2026-07-25 10:00:00,R202,Arterial,1200,40.725,-73.985,241,60,Clear,25.7,0.0,0,20.08,19.92
2026-07-25 11:00:00,R202,Arterial,1200,40.725,-73.985,808,34,Clear,25.7,0.0,0,67.33,20.08
2026-07-25 12:00:00,R202,Arterial,1200,40.725,-73.985,817,33,Clear,25.7,0.0,0,68.08,67.33
2026-07-25 13:00:00,R202,Arterial,1200,40.725,-73.985,824,33,Clear,25.7,0.0,0,68.67,68.08
2026-07-25 14:00:00,R202,Arterial,1200,40.725,-73.985,945,28,Clear,25.7,0.0,0,78.75,68.67
2026-07-25 15:00:00,R202,Arterial,1200,40.725,-73.985,744,37,Clear,25.7,0.0,0,62.0,78.75
2026-07-25 16:00:00,R202,Arterial,1200,40.725,-73.985,713,38,Clear,25.7,0.0,0,59.42,62.0
2026-07-25 17:00:00,R202,Arterial,1200,40.725,-73.985,784,35,Clear,25.7,0.0,0,65.33,59.42
2026-07-25 18:00:00,R202,Arterial,1200,40.725,-73.985,738,37,Clear,25.7,0.0,0,61.5,65.33
2026-07-25 19:00:00,R202,Arterial,1200,40.725,-73.985,616,43,Clear,25.7,0.0,0,51.33,61.5
2026-07-25 20:00:00,R202,Arterial,1200,40.725,-73.985,665,40,Clear,25.7,0.0,0,55.42,51.33
2026-07-25 21:00:00,R202,Arterial,1200,40.725,-73.985,260,60,Clear,25.7,0.0,0,21.67,55.42
2026-07-25 22:00:00,R202,Arterial,1200,40.725,-73.985,222,60,Clear,25.7,0.0,0,18.5,21.67
2026-07-25 23:00:00,R202,Arterial,1200,40.725,-73.985,214,60,Clear,25.7,0.0,0,17.83,18.5
2026-07-26 00:00:00,R202,Arterial,1200,40.725,-73.985,227,60,Clear,24.4,0.0,0,18.92,17.83
2026-07-26 01:00:00,R202,Arterial,1200,40.725,-73.985,237,60,Clear,24.4,0.0,0,19.75,18.92
2026-07-26 02:00:00,R202,Arterial,1200,40.725,-73.985,234,60,Clear,24.4,0.0,0,19.5,19.75
2026-07-26 03:00:00,R202,Arterial,1200,40.725,-73.985,273,60,Clear,24.4,0.0,0,22.75,19.5
2026-07-26 04:00:00,R202,Arterial,1200,40.725,-73.985,220,60,Clear,24.4,0.0,0,18.33,22.75
2026-07-26 05:00:00,R202,Arterial,1200,40.725,-73.985,206,60,Clear,24.4,0.0,0,17.17,18.33
2026-07-26 06:00:00,R202,Arterial,1200,40.725,-73.985,250,60,Clear,24.4,0.0,0,20.83,17.17
2026-07-26 07:00:00,R202,Arterial,1200,40.725,-73.985,215,60,Clear,24.4,0.0,0,17.92,20.83
2026-07-26 08:00:00,R202,Arterial,1200,40.725,-73.985,253,60,Clear,24.4,0.0,0,21.08,17.92
2026-07-26 09:00:00,R202,Arterial,1200,40.725,-73.985,266,60,Clear,24.4,0.0,0,22.17,21.08
2026-07-26 10:00:00,R202,Arterial,1200,40.725,-73.985,298,18,Clear,24.4,0.0,1,24.83,22.17
2026-07-26 11:00:00,R202,Arterial,1200,40.725,-73.985,902,30,Clear,24.4,0.0,0,75.17,24.83
2026-07-26 12:00:00,R202,Arterial,1200,40.725,-73.985,882,31,Clear,24.4,0.0,0,73.5,75.17
2026-07-26 13:00:00,R202,Arterial,1200,40.725,-73.985,908,30,Clear,24.4,0.0,0,75.67,73.5
2026-07-26 14:00:00,R202,Arterial,1200,40.725,-73.985,747,36,Clear,24.4,0.0,0,62.25,75.67
2026-07-26 15:00:00,R202,Arterial,1200,40.725,-73.985,892,30,Clear,24.4,0.0,0,74.33,62.25
2026-07-26 16:00:00,R202,Arterial,1200,40.725,-73.985,675,40,Clear,24.4,0.0,0,56.25,74.33
2026-07-26 17:00:00,R202,Arterial,1200,40.725,-73.985,806,34,Clear,24.4,0.0,0,67.17,56.25
2026-07-26 18:00:00,R202,Arterial,1200,40.725,-73.985,620,43,Clear,24.4,0.0,0,51.67,67.17
2026-07-26 19:00:00,R202,Arterial,1200,40.725,-73.985,669,40,Clear,24.4,0.0,0,55.75,51.67
2026-07-26 20:00:00,R202,Arterial,1200,40.725,-73.985,730,37,Clear,24.4,0.0,0,60.83,55.75
2026-07-26 21:00:00,R202,Arterial,1200,40.725,-73.985,226,60,Clear,24.4,0.0,0,18.83,60.83
2026-07-26 22:00:00,R202,Arterial,1200,40.725,-73.985,218,60,Clear,24.4,0.0,0,18.17,18.83
2026-07-26 23:00:00,R202,Arterial,1200,40.725,-73.985,234,60,Clear,24.4,0.0,0,19.5,18.17
2026-07-27 00:00:00,R202,Arterial,1200,40.725,-73.985,269,60,Cloudy,15.8,0.0,0,22.42,19.5
2026-07-27 01:00:00,R202,Arterial,1200,40.725,-73.985,223,60,Cloudy,15.8,0.0,0,18.58,22.42
2026-07-27 02:00:00,R202,Arterial,1200,40.725,-73.985,273,60,Cloudy,15.8,0.0,0,22.75,18.58
2026-07-27 03:00:00,R202,Arterial,1200,40.725,-73.985,272,60,Cloudy,15.8,0.0,0,22.67,22.75
2026-07-27 04:00:00,R202,Arterial,1200,40.725,-73.985,223,60,Cloudy,15.8,0.0,0,18.58,22.67
2026-07-27 05:00:00,R202,Arterial,1200,40.725,-73.985,241,60,Cloudy,15.8,0.0,0,20.08,18.58
2026-07-27 06:00:00,R202,Arterial,1200,40.725,-73.985,223,60,Cloudy,15.8,0.0,0,18.58,20.08
2026-07-27 07:00:00,R202,Arterial,1200,40.725,-73.985,928,29,Cloudy,15.8,0.0,0,77.33,18.58
2026-07-27 08:00:00,R202,Arterial,1200,40.725,-73.985,990,27,Cloudy,15.8,0.0,0,82.5,77.33
2026-07-27 09:00:00,R202,Arterial,1200,40.725,-73.985,1127,23,Cloudy,15.8,0.0,0,93.92,82.5
2026-07-27 10:00:00,R202,Arterial,1200,40.725,-73.985,792,34,Cloudy,15.8,0.0,0,66.0,93.92
2026-07-27 11:00:00,R202,Arterial,1200,40.725,-73.985,645,42,Cloudy,15.8,0.0,0,53.75,66.0
2026-07-27 12:00:00,R202,Arterial,1200,40.725,-73.985,642,42,Cloudy,15.8,0.0,0,53.5,53.75
2026-07-27 13:00:00,R202,Arterial,1200,40.725,-73.985,716,38,Cloudy,15.8,0.0,0,59.67,53.5
2026-07-27 14:00:00,R202,Arterial,1200,40.725,-73.985,628,42,Cloudy,15.8,0.0,0,52.33,59.67
2026-07-27 15:00:00,R202,Arterial,1200,40.725,-73.985,814,34,Cloudy,15.8,0.0,0,67.83,52.33
2026-07-27 16:00:00,R202,Arterial,1200,40.725,-73.985,1256,19,Cloudy,15.8,0.0,0,104.67,67.83
2026-07-27 17:00:00,R202,Arterial,1200,40.725,-73.985,1108,23,Cloudy,15.8,0.0,0,92.33,104.67
2026-07-27 18:00:00,R202,Arterial,1200,40.725,-73.985,1168,21,Cloudy,15.8,0.0,0,97.33,92.33
2026-07-27 19:00:00,R202,Arterial,1200,40.725,-73.985,1066,24,Cloudy,15.8,0.0,0,88.83,97.33
2026-07-27 20:00:00,R202,Arterial,1200,40.725,-73.985,220,60,Cloudy,15.8,0.0,0,18.33,88.83
2026-07-27 21:00:00,R202,Arterial,1200,40.725,-73.985,208,60,Cloudy,15.8,0.0,0,17.33,18.33
2026-07-27 22:00:00,R202,Arterial,1200,40.725,-73.985,250,60,Cloudy,15.8,0.0,0,20.83,17.33
2026-07-27 23:00:00,R202,Arterial,1200,40.725,-73.985,218,60,Cloudy,15.8,0.0,0,18.17,20.83
2026-07-28 00:00:00,R202,Arterial,1200,40.725,-73.985,274,60,Clear,30.4,0.0,0,22.83,18.17
2026-07-28 01:00:00,R202,Arterial,1200,40.725,-73.985,208,60,Clear,30.4,0.0,0,17.33,22.83
2026-07-28 02:00:00,R202,Arterial,1200,40.725,-73.985,241,60,Clear,30.4,0.0,0,20.08,17.33
2026-07-28 03:00:00,R202,Arterial,1200,40.725,-73.985,289,18,Clear,30.4,0.0,1,24.08,20.08
2026-07-28 04:00:00,R202,Arterial,1200,40.725,-73.985,227,60,Clear,30.4,0.0,0,18.92,24.08
2026-07-28 05:00:00,R202,Arterial,1200,40.725,-73.985,224,60,Clear,30.4,0.0,0,18.67,18.92
2026-07-28 06:00:00,R202,Arterial,1200,40.725,-73.985,269,60,Clear,30.4,0.0,0,22.42,18.67
2026-07-28 07:00:00,R202,Arterial,1200,40.725,-73.985,1205,20,Clear,30.4,0.0,0,100.42,22.42
2026-07-28 08:00:00,R202,Arterial,1200,40.725,-73.985,1049,25,Clear,30.4,0.0,0,87.42,100.42
2026-07-28 09:00:00,R202,Arterial,1200,40.725,-73.985,1198,21,Clear,30.4,0.0,0,99.83,87.42
2026-07-28 10:00:00,R202,Arterial,1200,40.725,-73.985,711,38,Clear,30.4,0.0,0,59.25,99.83
2026-07-28 11:00:00,R202,Arterial,1200,40.725,-73.985,667,40,Clear,30.4,0.0,0,55.58,59.25
2026-07-28 12:00:00,R202,Arterial,1200,40.725,-73.985,658,41,Clear,30.4,0.0,0,54.83,55.58
2026-07-28 13:00:00,R202,Arterial,1200,40.725,-73.985,801,34,Clear,30.4,0.0,0,66.75,54.83
2026-07-28 14:00:00,R202,Arterial,1200,40.725,-73.985,810,34,Clear,30.4,0.0,0,67.5,66.75
2026-07-28 15:00:00,R202,Arterial,1200,40.725,-73.985,623,43,Clear,30.4,0.0,0,51.92,67.5
2026-07-28 16:00:00,R202,Arterial,1200,40.725,-73.985,1300,18,Clear,30.4,0.0,0,108.33,51.92
2026-07-28 17:00:00,R202,Arterial,1200,40.725,-73.985,1037,25,Clear,30.4,0.0,0,86.42,108.33
2026-07-28 18:00:00,R202,Arterial,1200,40.725,-73.985,1121,23,Clear,30.4,0.0,0,93.42,86.42
2026-07-28 19:00:00,R202,Arterial,1200,40.725,-73.985,994,27,Clear,30.4,0.0,0,82.83,93.42
2026-07-28 20:00:00,R202,Arterial,1200,40.725,-73.985,255,60,Clear,30.4,0.0,0,21.25,82.83
2026-07-28 21:00:00,R202,Arterial,1200,40.725,-73.985,257,60,Clear,30.4,0.0,0,21.42,21.25
2026-07-28 22:00:00,R202,Arterial,1200,40.725,-73.985,227,60,Clear,30.4,0.0,0,18.92,21.42
2026-07-28 23:00:00,R202,Arterial,1200,40.725,-73.985,242,60,Clear,30.4,0.0,0,20.17,18.92
2026-07-29 00:00:00,R202,Arterial,1200,40.725,-73.985,247,60,Cloudy,16.4,0.0,0,20.58,20.17
2026-07-29 01:00:00,R202,Arterial,1200,40.725,-73.985,231,60,Cloudy,16.4,0.0,0,19.25,20.58
2026-07-29 02:00:00,R202,Arterial,1200,40.725,-73.985,226,60,Cloudy,16.4,0.0,0,18.83,19.25
2026-07-29 03:00:00,R202,Arterial,1200,40.725,-73.985,272,60,Cloudy,16.4,0.0,0,22.67,18.83
2026-07-29 04:00:00,R202,Arterial,1200,40.725,-73.985,260,60,Cloudy,16.4,0.0,0,21.67,22.67
2026-07-29 05:00:00,R202,Arterial,1200,40.725,-73.985,241,60,Cloudy,16.4,0.0,0,20.08,21.67
2026-07-29 06:00:00,R202,Arterial,1200,40.725,-73.985,274,60,Cloudy,16.4,0.0,0,22.83,20.08
2026-07-29 07:00:00,R202,Arterial,1200,40.725,-73.985,1440,5,Cloudy,16.4,0.0,1,120.0,22.83
2026-07-29 08:00:00,R202,Arterial,1200,40.725,-73.985,949,28,Cloudy,16.4,0.0,0,79.08,120.0
2026-07-29 09:00:00,R202,Arterial,1200,40.725,-73.985,1085,24,Cloudy,16.4,0.0,0,90.42,79.08
2026-07-29 10:00:00,R202,Arterial,1200,40.725,-73.985,681,40,Cloudy,16.4,0.0,0,56.75,90.42
2026-07-29 11:00:00,R202,Arterial,1200,40.725,-73.985,691,39,Cloudy,16.4,0.0,0,57.58,56.75
2026-07-29 12:00:00,R202,Arterial,1200,40.725,-73.985,770,35,Cloudy,16.4,0.0,0,64.17,57.58
2026-07-29 13:00:00,R202,Arterial,1200,40.725,-73.985,800,34,Cloudy,16.4,0.0,0,66.67,64.17
2026-07-29 14:00:00,R202,Arterial,1200,40.725,-73.985,736,37,Cloudy,16.4,0.0,0,61.33,66.67
2026-07-29 15:00:00,R202,Arterial,1200,40.725,-73.985,753,36,Cloudy,16.4,0.0,0,62.75,61.33
2026-07-29 16:00:00,R202,Arterial,1200,40.725,-73.985,1008,26,Cloudy,16.4,0.0,0,84.0,62.75
2026-07-29 17:00:00,R202,Arterial,1200,40.725,-73.985,1075,24,Cloudy,16.4,0.0,0,89.58,84.0
2026-07-29 18:00:00,R202,Arterial,1200,40.725,-73.985,1043,25,Cloudy,16.4,0.0,0,86.92,89.58
2026-07-29 19:00:00,R202,Arterial,1200,40.725,-73.985,1194,21,Cloudy,16.4,0.0,0,99.5,86.92
2026-07-29 20:00:00,R202,Arterial,1200,40.725,-73.985,235,60,Cloudy,16.4,0.0,0,19.58,99.5
2026-07-29 21:00:00,R202,Arterial,1200,40.725,-73.985,225,60,Cloudy,16.4,0.0,0,18.75,19.58
2026-07-29 22:00:00,R202,Arterial,1200,40.725,-73.985,240,60,Cloudy,16.4,0.0,0,20.0,18.75
2026-07-29 23:00:00,R202,Arterial,1200,40.725,-73.985,210,60,Cloudy,16.4,0.0,0,17.5,20.0
2026-07-30 00:00:00,R202,Arterial,1200,40.725,-73.985,251,60,Clear,24.5,0.0,0,20.92,17.5
2026-07-30 01:00:00,R202,Arterial,1200,40.725,-73.985,264,60,Clear,24.5,0.0,0,22.0,20.92
2026-07-30 02:00:00,R202,Arterial,1200,40.725,-73.985,234,60,Clear,24.5,0.0,0,19.5,22.0
2026-07-30 03:00:00,R202,Arterial,1200,40.725,-73.985,232,60,Clear,24.5,0.0,0,19.33,19.5
2026-07-30 04:00:00,R202,Arterial,1200,40.725,-73.985,216,60,Clear,24.5,0.0,0,18.0,19.33
2026-07-30 05:00:00,R202,Arterial,1200,40.725,-73.985,250,60,Clear,24.5,0.0,0,20.83,18.0
2026-07-30 06:00:00,R202,Arterial,1200,40.725,-73.985,233,60,Clear,24.5,0.0,0,19.42,20.83
2026-07-30 07:00:00,R202,Arterial,1200,40.725,-73.985,1215,20,Clear,24.5,0.0,0,101.25,19.42
2026-07-30 08:00:00,R202,Arterial,1200,40.725,-73.985,1142,22,Clear,24.5,0.0,0,95.17,101.25
2026-07-30 09:00:00,R202,Arterial,1200,40.725,-73.985,1077,24,Clear,24.5,0.0,0,89.75,95.17
2026-07-30 10:00:00,R202,Arterial,1200,40.725,-73.985,630,42,Clear,24.5,0.0,0,52.5,89.75
2026-07-30 11:00:00,R202,Arterial,1200,40.725,-73.985,653,41,Clear,24.5,0.0,0,54.42,52.5
2026-07-30 12:00:00,R202,Arterial,1200,40.725,-73.985,748,36,Clear,24.5,0.0,0,62.33,54.42
2026-07-30 13:00:00,R202,Arterial,1200,40.725,-73.985,735,37,Clear,24.5,0.0,0,61.25,62.33
2026-07-30 14:00:00,R202,Arterial,1200,40.725,-73.985,771,35,Clear,24.5,0.0,0,64.25,61.25
2026-07-30 15:00:00,R202,Arterial,1200,40.725,-73.985,655,41,Clear,24.5,0.0,0,54.58,64.25
2026-07-30 16:00:00,R202,Arterial,1200,40.725,-73.985,1123,23,Clear,24.5,0.0,0,93.58,54.58
2026-07-30 17:00:00,R202,Arterial,1200,40.725,-73.985,1273,19,Clear,24.5,0.0,0,106.08,93.58
2026-07-30 18:00:00,R202,Arterial,1200,40.725,-73.985,981,27,Clear,24.5,0.0,0,81.75,106.08
2026-07-30 19:00:00,R202,Arterial,1200,40.725,-73.985,1017,26,Clear,24.5,0.0,0,84.75,81.75
2026-07-30 20:00:00,R202,Arterial,1200,40.725,-73.985,221,60,Clear,24.5,0.0,0,18.42,84.75
2026-07-30 21:00:00,R202,Arterial,1200,40.725,-73.985,261,60,Clear,24.5,0.0,0,21.75,18.42
2026-07-30 22:00:00,R202,Arterial,1200,40.725,-73.985,219,60,Clear,24.5,0.0,0,18.25,21.75
2026-07-30 23:00:00,R202,Arterial,1200,40.725,-73.985,259,60,Clear,24.5,0.0,0,21.58,18.25
2026-07-31 00:00:00,R202,Arterial,1200,40.725,-73.985,273,60,Clear,25.7,0.0,0,22.75,21.58
2026-07-31 01:00:00,R202,Arterial,1200,40.725,-73.985,275,60,Clear,25.7,0.0,0,22.92,22.75
2026-07-31 02:00:00,R202,Arterial,1200,40.725,-73.985,214,60,Clear,25.7,0.0,0,17.83,22.92
2026-07-31 03:00:00,R202,Arterial,1200,40.725,-73.985,252,60,Clear,25.7,0.0,0,21.0,17.83
2026-07-31 04:00:00,R202,Arterial,1200,40.725,-73.985,264,60,Clear,25.7,0.0,0,22.0,21.0
2026-07-31 05:00:00,R202,Arterial,1200,40.725,-73.985,230,60,Clear,25.7,0.0,0,19.17,22.0
2026-07-31 06:00:00,R202,Arterial,1200,40.725,-73.985,219,60,Clear,25.7,0.0,0,18.25,19.17
2026-07-31 07:00:00,R202,Arterial,1200,40.725,-73.985,1029,25,Clear,25.7,0.0,0,85.75,18.25
2026-07-31 08:00:00,R202,Arterial,1200,40.725,-73.985,1164,21,Clear,25.7,0.0,0,97.0,85.75
2026-07-31 09:00:00,R202,Arterial,1200,40.725,-73.985,1151,22,Clear,25.7,0.0,0,95.92,97.0
2026-07-31 10:00:00,R202,Arterial,1200,40.725,-73.985,752,36,Clear,25.7,0.0,0,62.67,95.92
2026-07-31 11:00:00,R202,Arterial,1200,40.725,-73.985,710,38,Clear,25.7,0.0,0,59.17,62.67
2026-07-31 12:00:00,R202,Arterial,1200,40.725,-73.985,647,41,Clear,25.7,0.0,0,53.92,59.17
2026-07-31 13:00:00,R202,Arterial,1200,40.725,-73.985,623,43,Clear,25.7,0.0,0,51.92,53.92
2026-07-31 14:00:00,R202,Arterial,1200,40.725,-73.985,749,36,Clear,25.7,0.0,0,62.42,51.92
2026-07-31 15:00:00,R202,Arterial,1200,40.725,-73.985,617,43,Clear,25.7,0.0,0,51.42,62.42
2026-07-31 16:00:00,R202,Arterial,1200,40.725,-73.985,1208,20,Clear,25.7,0.0,0,100.67,51.42
2026-07-31 17:00:00,R202,Arterial,1200,40.725,-73.985,1207,20,Clear,25.7,0.0,0,100.58,100.67
2026-07-31 18:00:00,R202,Arterial,1200,40.725,-73.985,1284,18,Clear,25.7,0.0,0,107.0,100.58
2026-07-31 19:00:00,R202,Arterial,1200,40.725,-73.985,1088,24,Clear,25.7,0.0,0,90.67,107.0
2026-07-31 20:00:00,R202,Arterial,1200,40.725,-73.985,240,60,Clear,25.7,0.0,0,20.0,90.67
2026-07-31 21:00:00,R202,Arterial,1200,40.725,-73.985,249,60,Clear,25.7,0.0,0,20.75,20.0
2026-07-31 22:00:00,R202,Arterial,1200,40.725,-73.985,231,60,Clear,25.7,0.0,0,19.25,20.75
2026-07-31 23:00:00,R202,Arterial,1200,40.725,-73.985,204,60,Clear,25.7,0.0,0,17.0,19.25
2026-08-01 00:00:00,R202,Arterial,1200,40.725,-73.985,216,60,Clear,29.0,0.0,0,18.0,17.0
2026-08-01 01:00:00,R202,Arterial,1200,40.725,-73.985,243,60,Clear,29.0,0.0,0,20.25,18.0
2026-08-01 02:00:00,R202,Arterial,1200,40.725,-73.985,235,60,Clear,29.0,0.0,0,19.58,20.25
2026-08-01 03:00:00,R202,Arterial,1200,40.725,-73.985,239,60,Clear,29.0,0.0,0,19.92,19.58
2026-08-01 04:00:00,R202,Arterial,1200,40.725,-73.985,253,60,Clear,29.0,0.0,0,21.08,19.92
2026-08-01 05:00:00,R202,Arterial,1200,40.725,-73.985,271,60,Clear,29.0,0.0,0,22.58,21.08
2026-08-01 06:00:00,R202,Arterial,1200,40.725,-73.985,274,60,Clear,29.0,0.0,0,22.83,22.58
2026-08-01 07:00:00,R202,Arterial,1200,40.725,-73.985,242,60,Clear,29.0,0.0,0,20.17,22.83
2026-08-01 08:00:00,R202,Arterial,1200,40.725,-73.985,210,60,Clear,29.0,0.0,0,17.5,20.17
2026-08-01 09:00:00,R202,Arterial,1200,40.725,-73.985,220,60,Clear,29.0,0.0,0,18.33,17.5
2026-08-01 10:00:00,R202,Arterial,1200,40.725,-73.985,237,60,Clear,29.0,0.0,0,19.75,18.33
2026-08-01 11:00:00,R202,Arterial,1200,40.725,-73.985,779,35,Clear,29.0,0.0,0,64.92,19.75
2026-08-01 12:00:00,R202,Arterial,1200,40.725,-73.985,898,30,Clear,29.0,0.0,0,74.83,64.92
2026-08-01 13:00:00,R202,Arterial,1200,40.725,-73.985,733,37,Clear,29.0,0.0,0,61.08,74.83
2026-08-01 14:00:00,R202,Arterial,1200,40.725,-73.985,731,37,Clear,29.0,0.0,0,60.92,61.08
2026-08-01 15:00:00,R202,Arterial,1200,40.725,-73.985,826,33,Clear,29.0,0.0,0,68.83,60.92
2026-08-01 16:00:00,R202,Arterial,1200,40.725,-73.985,732,37,Clear,29.0,0.0,0,61.0,68.83
2026-08-01 17:00:00,R202,Arterial,1200,40.725,-73.985,632,42,Clear,29.0,0.0,0,52.67,61.0
2026-08-01 18:00:00,R202,Arterial,1200,40.725,-73.985,691,39,Clear,29.0,0.0,0,57.58,52.67
2026-08-01 19:00:00,R202,Arterial,1200,40.725,-73.985,799,34,Clear,29.0,0.0,0,66.58,57.58
2026-08-01 20:00:00,R202,Arterial,1200,40.725,-73.985,760,36,Clear,29.0,0.0,0,63.33,66.58
2026-08-01 21:00:00,R202,Arterial,1200,40.725,-73.985,259,60,Clear,29.0,0.0,0,21.58,63.33
2026-08-01 22:00:00,R202,Arterial,1200,40.725,-73.985,275,60,Clear,29.0,0.0,0,22.92,21.58
2026-08-01 23:00:00,R202,Arterial,1200,40.725,-73.985,238,60,Clear,29.0,0.0,0,19.83,22.92
2026-08-02 00:00:00,R202,Arterial,1200,40.725,-73.985,219,60,Clear,31.6,0.0,0,18.25,19.83
2026-08-02 01:00:00,R202,Arterial,1200,40.725,-73.985,230,60,Clear,31.6,0.0,0,19.17,18.25
2026-08-02 02:00:00,R202,Arterial,1200,40.725,-73.985,235,60,Clear,31.6,0.0,0,19.58,19.17
2026-08-02 03:00:00,R202,Arterial,1200,40.725,-73.985,251,60,Clear,31.6,0.0,0,20.92,19.58
2026-08-02 04:00:00,R202,Arterial,1200,40.725,-73.985,214,60,Clear,31.6,0.0,0,17.83,20.92
2026-08-02 05:00:00,R202,Arterial,1200,40.725,-73.985,230,60,Clear,31.6,0.0,0,19.17,17.83
2026-08-02 06:00:00,R202,Arterial,1200,40.725,-73.985,233,60,Clear,31.6,0.0,0,19.42,19.17
2026-08-02 07:00:00,R202,Arterial,1200,40.725,-73.985,268,60,Clear,31.6,0.0,0,22.33,19.42
2026-08-02 08:00:00,R202,Arterial,1200,40.725,-73.985,269,60,Clear,31.6,0.0,0,22.42,22.33
2026-08-02 09:00:00,R202,Arterial,1200,40.725,-73.985,218,60,Clear,31.6,0.0,0,18.17,22.42
2026-08-02 10:00:00,R202,Arterial,1200,40.725,-73.985,221,60,Clear,31.6,0.0,0,18.42,18.17
2026-08-02 11:00:00,R202,Arterial,1200,40.725,-73.985,874,31,Clear,31.6,0.0,0,72.83,18.42
2026-08-02 12:00:00,R202,Arterial,1200,40.725,-73.985,907,30,Clear,31.6,0.0,0,75.58,72.83
2026-08-02 13:00:00,R202,Arterial,1200,40.725,-73.985,943,28,Clear,31.6,0.0,0,78.58,75.58
2026-08-02 14:00:00,R202,Arterial,1200,40.725,-73.985,740,37,Clear,31.6,0.0,0,61.67,78.58
2026-08-02 15:00:00,R202,Arterial,1200,40.725,-73.985,918,29,Clear,31.6,0.0,0,76.5,61.67
2026-08-02 16:00:00,R202,Arterial,1200,40.725,-73.985,739,37,Clear,31.6,0.0,0,61.58,76.5
2026-08-02 17:00:00,R202,Arterial,1200,40.725,-73.985,819,33,Clear,31.6,0.0,0,68.25,61.58
2026-08-02 18:00:00,R202,Arterial,1200,40.725,-73.985,787,35,Clear,31.6,0.0,0,65.58,68.25
2026-08-02 19:00:00,R202,Arterial,1200,40.725,-73.985,682,40,Clear,31.6,0.0,0,56.83,65.58
2026-08-02 20:00:00,R202,Arterial,1200,40.725,-73.985,811,34,Clear,31.6,0.0,0,67.58,56.83
2026-08-02 21:00:00,R202,Arterial,1200,40.725,-73.985,271,60,Clear,31.6,0.0,0,22.58,67.58
2026-08-02 22:00:00,R202,Arterial,1200,40.725,-73.985,210,60,Clear,31.6,0.0,0,17.5,22.58
2026-08-02 23:00:00,R202,Arterial,1200,40.725,-73.985,215,60,Clear,31.6,0.0,0,17.92,17.5
2026-08-03 00:00:00,R202,Arterial,1200,40.725,-73.985,218,60,Cloudy,18.0,0.0,0,18.17,17.92
2026-08-03 01:00:00,R202,Arterial,1200,40.725,-73.985,218,60,Cloudy,18.0,0.0,0,18.17,18.17
2026-08-03 02:00:00,R202,Arterial,1200,40.725,-73.985,229,60,Cloudy,18.0,0.0,0,19.08,18.17
2026-08-03 03:00:00,R202,Arterial,1200,40.725,-73.985,232,60,Cloudy,18.0,0.0,0,19.33,19.08
2026-08-03 04:00:00,R202,Arterial,1200,40.725,-73.985,266,60,Cloudy,18.0,0.0,0,22.17,19.33
2026-08-03 05:00:00,R202,Arterial,1200,40.725,-73.985,264,60,Cloudy,18.0,0.0,0,22.0,22.17
2026-08-03 06:00:00,R202,Arterial,1200,40.725,-73.985,236,60,Cloudy,18.0,0.0,0,19.67,22.0
2026-08-03 07:00:00,R202,Arterial,1200,40.725,-73.985,1233,6,Cloudy,18.0,0.0,1,102.75,19.67
2026-08-03 08:00:00,R202,Arterial,1200,40.725,-73.985,1236,6,Cloudy,18.0,0.0,1,103.0,102.75
2026-08-03 09:00:00,R202,Arterial,1200,40.725,-73.985,1178,21,Cloudy,18.0,0.0,0,98.17,103.0
2026-08-03 10:00:00,R202,Arterial,1200,40.725,-73.985,646,41,Cloudy,18.0,0.0,0,53.83,98.17
2026-08-03 11:00:00,R202,Arterial,1200,40.725,-73.985,760,36,Cloudy,18.0,0.0,0,63.33,53.83
2026-08-03 12:00:00,R202,Arterial,1200,40.725,-73.985,779,35,Cloudy,18.0,0.0,0,64.92,63.33
2026-08-03 13:00:00,R202,Arterial,1200,40.725,-73.985,640,42,Cloudy,18.0,0.0,0,53.33,64.92
2026-08-03 14:00:00,R202,Arterial,1200,40.725,-73.985,668,40,Cloudy,18.0,0.0,0,55.67,53.33
2026-08-03 15:00:00,R202,Arterial,1200,40.725,-73.985,623,43,Cloudy,18.0,0.0,0,51.92,55.67
2026-08-03 16:00:00,R202,Arterial,1200,40.725,-73.985,1016,26,Cloudy,18.0,0.0,0,84.67,51.92
2026-08-03 17:00:00,R202,Arterial,1200,40.725,-73.985,1189,21,Cloudy,18.0,0.0,0,99.08,84.67
2026-08-03 18:00:00,R202,Arterial,1200,40.725,-73.985,1153,22,Cloudy,18.0,0.0,0,96.08,99.08
2026-08-03 19:00:00,R202,Arterial,1200,40.725,-73.985,1056,25,Cloudy,18.0,0.0,0,88.0,96.08
2026-08-03 20:00:00,R202,Arterial,1200,40.725,-73.985,267,60,Cloudy,18.0,0.0,0,22.25,88.0
2026-08-03 21:00:00,R202,Arterial,1200,40.725,-73.985,271,60,Cloudy,18.0,0.0,0,22.58,22.25
2026-08-03 22:00:00,R202,Arterial,1200,40.725,-73.985,224,60,Cloudy,18.0,0.0,0,18.67,22.58
2026-08-03 23:00:00,R202,Arterial,1200,40.725,-73.985,274,60,Cloudy,18.0,0.0,0,22.83,18.67
2026-08-04 00:00:00,R202,Arterial,1200,40.725,-73.985,220,48,Rainy,10.1,3.0,0,18.33,22.83
2026-08-04 01:00:00,R202,Arterial,1200,40.725,-73.985,272,48,Rainy,10.1,3.0,0,22.67,18.33
2026-08-04 02:00:00,R202,Arterial,1200,40.725,-73.985,214,48,Rainy,10.1,3.0,0,17.83,22.67
2026-08-04 03:00:00,R202,Arterial,1200,40.725,-73.985,222,48,Rainy,10.1,3.0,0,18.5,17.83
2026-08-04 04:00:00,R202,Arterial,1200,40.725,-73.985,275,48,Rainy,10.1,3.0,0,22.92,18.5
2026-08-04 05:00:00,R202,Arterial,1200,40.725,-73.985,268,48,Rainy,10.1,3.0,0,22.33,22.92
2026-08-04 06:00:00,R202,Arterial,1200,40.725,-73.985,262,48,Rainy,10.1,3.0,0,21.83,22.33
2026-08-04 07:00:00,R202,Arterial,1200,40.725,-73.985,1350,5,Rainy,10.1,3.0,1,112.5,21.83
2026-08-04 08:00:00,R202,Arterial,1200,40.725,-73.985,1060,20,Rainy,10.1,3.0,0,88.33,112.5
2026-08-04 09:00:00,R202,Arterial,1200,40.725,-73.985,1219,16,Rainy,10.1,3.0,0,101.58,88.33
2026-08-04 10:00:00,R202,Arterial,1200,40.725,-73.985,798,27,Rainy,10.1,3.0,0,66.5,101.58
2026-08-04 11:00:00,R202,Arterial,1200,40.725,-73.985,817,27,Rainy,10.1,3.0,0,68.08,66.5
2026-08-04 12:00:00,R202,Arterial,1200,40.725,-73.985,679,32,Rainy,10.1,3.0,0,56.58,68.08
2026-08-04 13:00:00,R202,Arterial,1200,40.725,-73.985,807,27,Rainy,10.1,3.0,0,67.25,56.58
2026-08-04 14:00:00,R202,Arterial,1200,40.725,-73.985,645,33,Rainy,10.1,3.0,0,53.75,67.25
2026-08-04 15:00:00,R202,Arterial,1200,40.725,-73.985,782,28,Rainy,10.1,3.0,0,65.17,53.75
2026-08-04 16:00:00,R202,Arterial,1200,40.725,-73.985,1267,15,Rainy,10.1,3.0,0,105.58,65.17
2026-08-04 17:00:00,R202,Arterial,1200,40.725,-73.985,1229,16,Rainy,10.1,3.0,0,102.42,105.58
2026-08-04 18:00:00,R202,Arterial,1200,40.725,-73.985,1084,19,Rainy,10.1,3.0,0,90.33,102.42
2026-08-04 19:00:00,R202,Arterial,1200,40.725,-73.985,1188,17,Rainy,10.1,3.0,0,99.0,90.33
2026-08-04 20:00:00,R202,Arterial,1200,40.725,-73.985,233,48,Rainy,10.1,3.0,0,19.42,99.0
2026-08-04 21:00:00,R202,Arterial,1200,40.725,-73.985,236,48,Rainy,10.1,3.0,0,19.67,19.42
2026-08-04 22:00:00,R202,Arterial,1200,40.725,-73.985,240,48,Rainy,10.1,3.0,0,20.0,19.67
2026-08-04 23:00:00,R202,Arterial,1200,40.725,-73.985,214,48,Rainy,10.1,3.0,0,17.83,20.0
2026-08-05 00:00:00,R202,Arterial,1200,40.725,-73.985,267,60,Clear,22.3,0.0,0,22.25,17.83
2026-08-05 01:00:00,R202,Arterial,1200,40.725,-73.985,264,60,Clear,22.3,0.0,0,22.0,22.25
2026-08-05 02:00:00,R202,Arterial,1200,40.725,-73.985,213,60,Clear,22.3,0.0,0,17.75,22.0
2026-08-05 03:00:00,R202,Arterial,1200,40.725,-73.985,259,60,Clear,22.3,0.0,0,21.58,17.75
2026-08-05 04:00:00,R202,Arterial,1200,40.725,-73.985,260,60,Clear,22.3,0.0,0,21.67,21.58
2026-08-05 05:00:00,R202,Arterial,1200,40.725,-73.985,271,60,Clear,22.3,0.0,0,22.58,21.67
2026-08-05 06:00:00,R202,Arterial,1200,40.725,-73.985,212,60,Clear,22.3,0.0,0,17.67,22.58
2026-08-05 07:00:00,R202,Arterial,1200,40.725,-73.985,1099,23,Clear,22.3,0.0,0,91.58,17.67
2026-08-05 08:00:00,R202,Arterial,1200,40.725,-73.985,1049,25,Clear,22.3,0.0,0,87.42,91.58
2026-08-05 09:00:00,R202,Arterial,1200,40.725,-73.985,967,28,Clear,22.3,0.0,0,80.58,87.42
2026-08-05 10:00:00,R202,Arterial,1200,40.725,-73.985,661,41,Clear,22.3,0.0,0,55.08,80.58
2026-08-05 11:00:00,R202,Arterial,1200,40.725,-73.985,636,42,Clear,22.3,0.0,0,53.0,55.08
2026-08-05 12:00:00,R202,Arterial,1200,40.725,-73.985,625,43,Clear,22.3,0.0,0,52.08,53.0
2026-08-05 13:00:00,R202,Arterial,1200,40.725,-73.985,674,40,Clear,22.3,0.0,0,56.17,52.08
2026-08-05 14:00:00,R202,Arterial,1200,40.725,-73.985,666,40,Clear,22.3,0.0,0,55.5,56.17
2026-08-05 15:00:00,R202,Arterial,1200,40.725,-73.985,771,35,Clear,22.3,0.0,0,64.25,55.5
2026-08-05 16:00:00,R202,Arterial,1200,40.725,-73.985,1019,26,Clear,22.3,0.0,0,84.92,64.25
2026-08-05 17:00:00,R202,Arterial,1200,40.725,-73.985,1006,26,Clear,22.3,0.0,0,83.83,84.92
2026-08-05 18:00:00,R202,Arterial,1200,40.725,-73.985,1203,20,Clear,22.3,0.0,0,100.25,83.83
2026-08-05 19:00:00,R202,Arterial,1200,40.725,-73.985,1242,19,Clear,22.3,0.0,0,103.5,100.25
2026-08-05 20:00:00,R202,Arterial,1200,40.725,-73.985,266,60,Clear,22.3,0.0,0,22.17,103.5
2026-08-05 21:00:00,R202,Arterial,1200,40.725,-73.985,224,60,Clear,22.3,0.0,0,18.67,22.17
2026-08-05 22:00:00,R202,Arterial,1200,40.725,-73.985,246,60,Clear,22.3,0.0,0,20.5,18.67
2026-08-05 23:00:00,R202,Arterial,1200,40.725,-73.985,217,60,Clear,22.3,0.0,0,18.08,20.5
2026-08-06 00:00:00,R202,Arterial,1200,40.725,-73.985,251,60,Cloudy,16.2,0.0,0,20.92,18.08
2026-08-06 01:00:00,R202,Arterial,1200,40.725,-73.985,240,60,Cloudy,16.2,0.0,0,20.0,20.92
2026-08-06 02:00:00,R202,Arterial,1200,40.725,-73.985,219,60,Cloudy,16.2,0.0,0,18.25,20.0
2026-08-06 03:00:00,R202,Arterial,1200,40.725,-73.985,214,60,Cloudy,16.2,0.0,0,17.83,18.25
2026-08-06 04:00:00,R202,Arterial,1200,40.725,-73.985,228,60,Cloudy,16.2,0.0,0,19.0,17.83
2026-08-06 05:00:00,R202,Arterial,1200,40.725,-73.985,253,60,Cloudy,16.2,0.0,0,21.08,19.0
2026-08-06 06:00:00,R202,Arterial,1200,40.725,-73.985,234,60,Cloudy,16.2,0.0,0,19.5,21.08
2026-08-06 07:00:00,R202,Arterial,1200,40.725,-73.985,1012,26,Cloudy,16.2,0.0,0,84.33,19.5
2026-08-06 08:00:00,R202,Arterial,1200,40.725,-73.985,1095,23,Cloudy,16.2,0.0,0,91.25,84.33
2026-08-06 09:00:00,R202,Arterial,1200,40.725,-73.985,925,29,Cloudy,16.2,0.0,0,77.08,91.25
2026-08-06 10:00:00,R202,Arterial,1200,40.725,-73.985,622,43,Cloudy,16.2,0.0,0,51.83,77.08
2026-08-06 11:00:00,R202,Arterial,1200,40.725,-73.985,789,35,Cloudy,16.2,0.0,0,65.75,51.83
2026-08-06 12:00:00,R202,Arterial,1200,40.725,-73.985,778,35,Cloudy,16.2,0.0,0,64.83,65.75
2026-08-06 13:00:00,R202,Arterial,1200,40.725,-73.985,826,33,Cloudy,16.2,0.0,0,68.83,64.83
2026-08-06 14:00:00,R202,Arterial,1200,40.725,-73.985,615,43,Cloudy,16.2,0.0,0,51.25,68.83
2026-08-06 15:00:00,R202,Arterial,1200,40.725,-73.985,648,41,Cloudy,16.2,0.0,0,54.0,51.25
2026-08-06 16:00:00,R202,Arterial,1200,40.725,-73.985,980,27,Cloudy,16.2,0.0,0,81.67,54.0
2026-08-06 17:00:00,R202,Arterial,1200,40.725,-73.985,1127,23,Cloudy,16.2,0.0,0,93.92,81.67
2026-08-06 18:00:00,R202,Arterial,1200,40.725,-73.985,1179,6,Cloudy,16.2,0.0,1,98.25,93.92
2026-08-06 19:00:00,R202,Arterial,1200,40.725,-73.985,987,27,Cloudy,16.2,0.0,0,82.25,98.25
2026-08-06 20:00:00,R202,Arterial,1200,40.725,-73.985,250,60,Cloudy,16.2,0.0,0,20.83,82.25
2026-08-06 21:00:00,R202,Arterial,1200,40.725,-73.985,255,60,Cloudy,16.2,0.0,0,21.25,20.83
2026-08-06 22:00:00,R202,Arterial,1200,40.725,-73.985,267,60,Cloudy,16.2,0.0,0,22.25,21.25
2026-08-06 23:00:00,R202,Arterial,1200,40.725,-73.985,247,60,Cloudy,16.2,0.0,0,20.58,22.25
2026-08-07 00:00:00,R202,Arterial,1200,40.725,-73.985,207,60,Clear,25.9,0.0,0,17.25,20.58
2026-08-07 01:00:00,R202,Arterial,1200,40.725,-73.985,234,60,Clear,25.9,0.0,0,19.5,17.25
2026-08-07 02:00:00,R202,Arterial,1200,40.725,-73.985,269,60,Clear,25.9,0.0,0,22.42,19.5
2026-08-07 03:00:00,R202,Arterial,1200,40.725,-73.985,213,60,Clear,25.9,0.0,0,17.75,22.42
2026-08-07 04:00:00,R202,Arterial,1200,40.725,-73.985,252,60,Clear,25.9,0.0,0,21.0,17.75
2026-08-07 05:00:00,R202,Arterial,1200,40.725,-73.985,253,60,Clear,25.9,0.0,0,21.08,21.0
2026-08-07 06:00:00,R202,Arterial,1200,40.725,-73.985,212,60,Clear,25.9,0.0,0,17.67,21.08
2026-08-07 07:00:00,R202,Arterial,1200,40.725,-73.985,1192,21,Clear,25.9,0.0,0,99.33,17.67
2026-08-07 08:00:00,R202,Arterial,1200,40.725,-73.985,1119,23,Clear,25.9,0.0,0,93.25,99.33
2026-08-07 09:00:00,R202,Arterial,1200,40.725,-73.985,1297,5,Clear,25.9,0.0,1,108.08,93.25
2026-08-07 10:00:00,R202,Arterial,1200,40.725,-73.985,764,36,Clear,25.9,0.0,0,63.67,108.08
2026-08-07 11:00:00,R202,Arterial,1200,40.725,-73.985,802,34,Clear,25.9,0.0,0,66.83,63.67
2026-08-07 12:00:00,R202,Arterial,1200,40.725,-73.985,750,36,Clear,25.9,0.0,0,62.5,66.83
2026-08-07 13:00:00,R202,Arterial,1200,40.725,-73.985,612,43,Clear,25.9,0.0,0,51.0,62.5
2026-08-07 14:00:00,R202,Arterial,1200,40.725,-73.985,710,38,Clear,25.9,0.0,0,59.17,51.0
2026-08-07 15:00:00,R202,Arterial,1200,40.725,-73.985,638,42,Clear,25.9,0.0,0,53.17,59.17
2026-08-07 16:00:00,R202,Arterial,1200,40.725,-73.985,1123,23,Clear,25.9,0.0,0,93.58,53.17
2026-08-07 17:00:00,R202,Arterial,1200,40.725,-73.985,1259,19,Clear,25.9,0.0,0,104.92,93.58
2026-08-07 18:00:00,R202,Arterial,1200,40.725,-73.985,1028,26,Clear,25.9,0.0,0,85.67,104.92
2026-08-07 19:00:00,R202,Arterial,1200,40.725,-73.985,1106,23,Clear,25.9,0.0,0,92.17,85.67
2026-08-07 20:00:00,R202,Arterial,1200,40.725,-73.985,205,60,Clear,25.9,0.0,0,17.08,92.17
2026-08-07 21:00:00,R202,Arterial,1200,40.725,-73.985,266,60,Clear,25.9,0.0,0,22.17,17.08
2026-08-07 22:00:00,R202,Arterial,1200,40.725,-73.985,210,60,Clear,25.9,0.0,0,17.5,22.17
2026-08-07 23:00:00,R202,Arterial,1200,40.725,-73.985,222,60,Clear,25.9,0.0,0,18.5,17.5
2026-08-08 00:00:00,R202,Arterial,1200,40.725,-73.985,241,60,Clear,22.2,0.0,0,20.08,18.5
2026-08-08 01:00:00,R202,Arterial,1200,40.725,-73.985,245,60,Clear,22.2,0.0,0,20.42,20.08
2026-08-08 02:00:00,R202,Arterial,1200,40.725,-73.985,211,60,Clear,22.2,0.0,0,17.58,20.42
2026-08-08 03:00:00,R202,Arterial,1200,40.725,-73.985,213,60,Clear,22.2,0.0,0,17.75,17.58
2026-08-08 04:00:00,R202,Arterial,1200,40.725,-73.985,258,60,Clear,22.2,0.0,0,21.5,17.75
2026-08-08 05:00:00,R202,Arterial,1200,40.725,-73.985,251,60,Clear,22.2,0.0,0,20.92,21.5
2026-08-08 06:00:00,R202,Arterial,1200,40.725,-73.985,211,60,Clear,22.2,0.0,0,17.58,20.92
2026-08-08 07:00:00,R202,Arterial,1200,40.725,-73.985,235,60,Clear,22.2,0.0,0,19.58,17.58
2026-08-08 08:00:00,R202,Arterial,1200,40.725,-73.985,211,60,Clear,22.2,0.0,0,17.58,19.58
2026-08-08 09:00:00,R202,Arterial,1200,40.725,-73.985,255,60,Clear,22.2,0.0,0,21.25,17.58
2026-08-08 10:00:00,R202,Arterial,1200,40.725,-73.985,261,60,Clear,22.2,0.0,0,21.75,21.25
2026-08-08 11:00:00,R202,Arterial,1200,40.725,-73.985,756,36,Clear,22.2,0.0,0,63.0,21.75
2026-08-08 12:00:00,R202,Arterial,1200,40.725,-73.985,816,33,Clear,22.2,0.0,0,68.0,63.0
2026-08-08 13:00:00,R202,Arterial,1200,40.725,-73.985,892,30,Clear,22.2,0.0,0,74.33,68.0
2026-08-08 14:00:00,R202,Arterial,1200,40.725,-73.985,943,28,Clear,22.2,0.0,0,78.58,74.33
2026-08-08 15:00:00,R202,Arterial,1200,40.725,-73.985,753,36,Clear,22.2,0.0,0,62.75,78.58
2026-08-08 16:00:00,R202,Arterial,1200,40.725,-73.985,750,36,Clear,22.2,0.0,0,62.5,62.75
2026-08-08 17:00:00,R202,Arterial,1200,40.725,-73.985,626,43,Clear,22.2,0.0,0,52.17,62.5
2026-08-08 18:00:00,R202,Arterial,1200,40.725,-73.985,790,35,Clear,22.2,0.0,0,65.83,52.17
2026-08-08 19:00:00,R202,Arterial,1200,40.725,-73.985,724,38,Clear,22.2,0.0,0,60.33,65.83
2026-08-08 20:00:00,R202,Arterial,1200,40.725,-73.985,762,36,Clear,22.2,0.0,0,63.5,60.33
2026-08-08 21:00:00,R202,Arterial,1200,40.725,-73.985,211,60,Clear,22.2,0.0,0,17.58,63.5
2026-08-08 22:00:00,R202,Arterial,1200,40.725,-73.985,249,60,Clear,22.2,0.0,0,20.75,17.58
2026-08-08 23:00:00,R202,Arterial,1200,40.725,-73.985,229,60,Clear,22.2,0.0,0,19.08,20.75
2026-08-09 00:00:00,R202,Arterial,1200,40.725,-73.985,246,60,Clear,31.5,0.0,0,20.5,19.08
2026-08-09 01:00:00,R202,Arterial,1200,40.725,-73.985,206,60,Clear,31.5,0.0,0,17.17,20.5
2026-08-09 02:00:00,R202,Arterial,1200,40.725,-73.985,270,60,Clear,31.5,0.0,0,22.5,17.17
2026-08-09 03:00:00,R202,Arterial,1200,40.725,-73.985,240,60,Clear,31.5,0.0,0,20.0,22.5
2026-08-09 04:00:00,R202,Arterial,1200,40.725,-73.985,274,60,Clear,31.5,0.0,0,22.83,20.0
2026-08-09 05:00:00,R202,Arterial,1200,40.725,-73.985,267,60,Clear,31.5,0.0,0,22.25,22.83
2026-08-09 06:00:00,R202,Arterial,1200,40.725,-73.985,225,60,Clear,31.5,0.0,0,18.75,22.25
2026-08-09 07:00:00,R202,Arterial,1200,40.725,-73.985,237,60,Clear,31.5,0.0,0,19.75,18.75
2026-08-09 08:00:00,R202,Arterial,1200,40.725,-73.985,274,60,Clear,31.5,0.0,0,22.83,19.75
2026-08-09 09:00:00,R202,Arterial,1200,40.725,-73.985,231,60,Clear,31.5,0.0,0,19.25,22.83
2026-08-09 10:00:00,R202,Arterial,1200,40.725,-73.985,274,60,Clear,31.5,0.0,0,22.83,19.25
2026-08-09 11:00:00,R202,Arterial,1200,40.725,-73.985,951,28,Clear,31.5,0.0,0,79.25,22.83
2026-08-09 12:00:00,R202,Arterial,1200,40.725,-73.985,812,34,Clear,31.5,0.0,0,67.67,79.25
2026-08-09 13:00:00,R202,Arterial,1200,40.725,-73.985,944,28,Clear,31.5,0.0,0,78.67,67.67
2026-08-09 14:00:00,R202,Arterial,1200,40.725,-73.985,904,30,Clear,31.5,0.0,0,75.33,78.67
2026-08-09 15:00:00,R202,Arterial,1200,40.725,-73.985,891,30,Clear,31.5,0.0,0,74.25,75.33
2026-08-09 16:00:00,R202,Arterial,1200,40.725,-73.985,654,41,Clear,31.5,0.0,0,54.5,74.25
2026-08-09 17:00:00,R202,Arterial,1200,40.725,-73.985,798,34,Clear,31.5,0.0,0,66.5,54.5
2026-08-09 18:00:00,R202,Arterial,1200,40.725,-73.985,632,42,Clear,31.5,0.0,0,52.67,66.5
2026-08-09 19:00:00,R202,Arterial,1200,40.725,-73.985,784,35,Clear,31.5,0.0,0,65.33,52.67
2026-08-09 20:00:00,R202,Arterial,1200,40.725,-73.985,676,40,Clear,31.5,0.0,0,56.33,65.33
2026-08-09 21:00:00,R202,Arterial,1200,40.725,-73.985,216,60,Clear,31.5,0.0,0,18.0,56.33
2026-08-09 22:00:00,R202,Arterial,1200,40.725,-73.985,240,60,Clear,31.5,0.0,0,20.0,18.0
2026-08-09 23:00:00,R202,Arterial,1200,40.725,-73.985,257,60,Clear,31.5,0.0,0,21.42,20.0
2026-08-10 00:00:00,R202,Arterial,1200,40.725,-73.985,248,60,Cloudy,19.6,0.0,0,20.67,21.42
2026-08-10 01:00:00,R202,Arterial,1200,40.725,-73.985,212,60,Cloudy,19.6,0.0,0,17.67,20.67
2026-08-10 02:00:00,R202,Arterial,1200,40.725,-73.985,235,60,Cloudy,19.6,0.0,0,19.58,17.67
2026-08-10 03:00:00,R202,Arterial,1200,40.725,-73.985,274,60,Cloudy,19.6,0.0,0,22.83,19.58
2026-08-10 04:00:00,R202,Arterial,1200,40.725,-73.985,222,60,Cloudy,19.6,0.0,0,18.5,22.83
2026-08-10 05:00:00,R202,Arterial,1200,40.725,-73.985,231,60,Cloudy,19.6,0.0,0,19.25,18.5
2026-08-10 06:00:00,R202,Arterial,1200,40.725,-73.985,221,60,Cloudy,19.6,0.0,0,18.42,19.25
2026-08-10 07:00:00,R202,Arterial,1200,40.725,-73.985,1226,20,Cloudy,19.6,0.0,0,102.17,18.42
2026-08-10 08:00:00,R202,Arterial,1200,40.725,-73.985,1131,22,Cloudy,19.6,0.0,0,94.25,102.17
2026-08-10 09:00:00,R202,Arterial,1200,40.725,-73.985,922,29,Cloudy,19.6,0.0,0,76.83,94.25
2026-08-10 10:00:00,R202,Arterial,1200,40.725,-73.985,789,35,Cloudy,19.6,0.0,0,65.75,76.83
2026-08-10 11:00:00,R202,Arterial,1200,40.725,-73.985,740,37,Cloudy,19.6,0.0,0,61.67,65.75
2026-08-10 12:00:00,R202,Arterial,1200,40.725,-73.985,658,41,Cloudy,19.6,0.0,0,54.83,61.67
2026-08-10 13:00:00,R202,Arterial,1200,40.725,-73.985,824,33,Cloudy,19.6,0.0,0,68.67,54.83
2026-08-10 14:00:00,R202,Arterial,1200,40.725,-73.985,692,39,Cloudy,19.6,0.0,0,57.67,68.67
2026-08-10 15:00:00,R202,Arterial,1200,40.725,-73.985,815,33,Cloudy,19.6,0.0,0,67.92,57.67
2026-08-10 16:00:00,R202,Arterial,1200,40.725,-73.985,1279,19,Cloudy,19.6,0.0,0,106.58,67.92
2026-08-10 17:00:00,R202,Arterial,1200,40.725,-73.985,1250,19,Cloudy,19.6,0.0,0,104.17,106.58
2026-08-10 18:00:00,R202,Arterial,1200,40.725,-73.985,993,27,Cloudy,19.6,0.0,0,82.75,104.17
2026-08-10 19:00:00,R202,Arterial,1200,40.725,-73.985,1183,21,Cloudy,19.6,0.0,0,98.58,82.75
2026-08-10 20:00:00,R202,Arterial,1200,40.725,-73.985,220,60,Cloudy,19.6,0.0,0,18.33,98.58
2026-08-10 21:00:00,R202,Arterial,1200,40.725,-73.985,255,60,Cloudy,19.6,0.0,0,21.25,18.33
2026-08-10 22:00:00,R202,Arterial,1200,40.725,-73.985,243,60,Cloudy,19.6,0.0,0,20.25,21.25
2026-08-10 23:00:00,R202,Arterial,1200,40.725,-73.985,238,60,Cloudy,19.6,0.0,0,19.83,20.25
2026-08-11 00:00:00,R202,Arterial,1200,40.725,-73.985,214,60,Clear,25.0,0.0,0,17.83,19.83
2026-08-11 01:00:00,R202,Arterial,1200,40.725,-73.985,269,60,Clear,25.0,0.0,0,22.42,17.83
2026-08-11 02:00:00,R202,Arterial,1200,40.725,-73.985,272,60,Clear,25.0,0.0,0,22.67,22.42
2026-08-11 03:00:00,R202,Arterial,1200,40.725,-73.985,218,60,Clear,25.0,0.0,0,18.17,22.67
2026-08-11 04:00:00,R202,Arterial,1200,40.725,-73.985,209,60,Clear,25.0,0.0,0,17.42,18.17
2026-08-11 05:00:00,R202,Arterial,1200,40.725,-73.985,224,60,Clear,25.0,0.0,0,18.67,17.42
2026-08-11 06:00:00,R202,Arterial,1200,40.725,-73.985,251,60,Clear,25.0,0.0,0,20.92,18.67
2026-08-11 07:00:00,R202,Arterial,1200,40.725,-73.985,927,29,Clear,25.0,0.0,0,77.25,20.92
2026-08-11 08:00:00,R202,Arterial,1200,40.725,-73.985,1198,21,Clear,25.0,0.0,0,99.83,77.25
2026-08-11 09:00:00,R202,Arterial,1200,40.725,-73.985,1072,24,Clear,25.0,0.0,0,89.33,99.83
2026-08-11 10:00:00,R202,Arterial,1200,40.725,-73.985,713,38,Clear,25.0,0.0,0,59.42,89.33
2026-08-11 11:00:00,R202,Arterial,1200,40.725,-73.985,689,39,Clear,25.0,0.0,0,57.42,59.42
2026-08-11 12:00:00,R202,Arterial,1200,40.725,-73.985,824,33,Clear,25.0,0.0,0,68.67,57.42
2026-08-11 13:00:00,R202,Arterial,1200,40.725,-73.985,791,35,Clear,25.0,0.0,0,65.92,68.67
2026-08-11 14:00:00,R202,Arterial,1200,40.725,-73.985,763,36,Clear,25.0,0.0,0,63.58,65.92
2026-08-11 15:00:00,R202,Arterial,1200,40.725,-73.985,650,41,Clear,25.0,0.0,0,54.17,63.58
2026-08-11 16:00:00,R202,Arterial,1200,40.725,-73.985,1187,21,Clear,25.0,0.0,0,98.92,54.17
2026-08-11 17:00:00,R202,Arterial,1200,40.725,-73.985,971,27,Clear,25.0,0.0,0,80.92,98.92
2026-08-11 18:00:00,R202,Arterial,1200,40.725,-73.985,1440,5,Clear,25.0,0.0,1,120.0,80.92
2026-08-11 19:00:00,R202,Arterial,1200,40.725,-73.985,1179,21,Clear,25.0,0.0,0,98.25,120.0
2026-08-11 20:00:00,R202,Arterial,1200,40.725,-73.985,211,60,Clear,25.0,0.0,0,17.58,98.25
2026-08-11 21:00:00,R202,Arterial,1200,40.725,-73.985,228,60,Clear,25.0,0.0,0,19.0,17.58
2026-08-11 22:00:00,R202,Arterial,1200,40.725,-73.985,258,60,Clear,25.0,0.0,0,21.5,19.0
2026-08-11 23:00:00,R202,Arterial,1200,40.725,-73.985,240,60,Clear,25.0,0.0,0,20.0,21.5
2026-08-12 00:00:00,R202,Arterial,1200,40.725,-73.985,226,60,Clear,24.5,0.0,0,18.83,20.0
2026-08-12 01:00:00,R202,Arterial,1200,40.725,-73.985,208,60,Clear,24.5,0.0,0,17.33,18.83
2026-08-12 02:00:00,R202,Arterial,1200,40.725,-73.985,214,60,Clear,24.5,0.0,0,17.83,17.33
2026-08-12 03:00:00,R202,Arterial,1200,40.725,-73.985,208,60,Clear,24.5,0.0,0,17.33,17.83
2026-08-12 04:00:00,R202,Arterial,1200,40.725,-73.985,238,60,Clear,24.5,0.0,0,19.83,17.33
2026-08-12 05:00:00,R202,Arterial,1200,40.725,-73.985,226,60,Clear,24.5,0.0,0,18.83,19.83
2026-08-12 06:00:00,R202,Arterial,1200,40.725,-73.985,236,60,Clear,24.5,0.0,0,19.67,18.83
2026-08-12 07:00:00,R202,Arterial,1200,40.725,-73.985,1105,7,Clear,24.5,0.0,1,92.08,19.67
2026-08-12 08:00:00,R202,Arterial,1200,40.725,-73.985,1021,26,Clear,24.5,0.0,0,85.08,92.08
2026-08-12 09:00:00,R202,Arterial,1200,40.725,-73.985,1101,23,Clear,24.5,0.0,0,91.75,85.08
2026-08-12 10:00:00,R202,Arterial,1200,40.725,-73.985,797,34,Clear,24.5,0.0,0,66.42,91.75
2026-08-12 11:00:00,R202,Arterial,1200,40.725,-73.985,752,36,Clear,24.5,0.0,0,62.67,66.42
2026-08-12 12:00:00,R202,Arterial,1200,40.725,-73.985,747,36,Clear,24.5,0.0,0,62.25,62.67
2026-08-12 13:00:00,R202,Arterial,1200,40.725,-73.985,629,42,Clear,24.5,0.0,0,52.42,62.25
2026-08-12 14:00:00,R202,Arterial,1200,40.725,-73.985,669,40,Clear,24.5,0.0,0,55.75,52.42
2026-08-12 15:00:00,R202,Arterial,1200,40.725,-73.985,649,41,Clear,24.5,0.0,0,54.08,55.75
2026-08-12 16:00:00,R202,Arterial,1200,40.725,-73.985,1208,20,Clear,24.5,0.0,0,100.67,54.08
2026-08-12 17:00:00,R202,Arterial,1200,40.725,-73.985,1167,21,Clear,24.5,0.0,0,97.25,100.67
2026-08-12 18:00:00,R202,Arterial,1200,40.725,-73.985,1024,26,Clear,24.5,0.0,0,85.33,97.25
2026-08-12 19:00:00,R202,Arterial,1200,40.725,-73.985,1305,18,Clear,24.5,0.0,0,108.75,85.33
2026-08-12 20:00:00,R202,Arterial,1200,40.725,-73.985,220,60,Clear,24.5,0.0,0,18.33,108.75
2026-08-12 21:00:00,R202,Arterial,1200,40.725,-73.985,236,60,Clear,24.5,0.0,0,19.67,18.33
2026-08-12 22:00:00,R202,Arterial,1200,40.725,-73.985,206,60,Clear,24.5,0.0,0,17.17,19.67
2026-08-12 23:00:00,R202,Arterial,1200,40.725,-73.985,260,60,Clear,24.5,0.0,0,21.67,17.17
2026-08-13 00:00:00,R202,Arterial,1200,40.725,-73.985,245,48,Heavy Rain,15.1,13.9,0,20.42,21.67
2026-08-13 01:00:00,R202,Arterial,1200,40.725,-73.985,228,48,Heavy Rain,15.1,13.9,0,19.0,20.42
2026-08-13 02:00:00,R202,Arterial,1200,40.725,-73.985,241,48,Heavy Rain,15.1,13.9,0,20.08,19.0
2026-08-13 03:00:00,R202,Arterial,1200,40.725,-73.985,216,48,Heavy Rain,15.1,13.9,0,18.0,20.08
2026-08-13 04:00:00,R202,Arterial,1200,40.725,-73.985,200,48,Heavy Rain,15.1,13.9,0,16.67,18.0
2026-08-13 05:00:00,R202,Arterial,1200,40.725,-73.985,197,48,Heavy Rain,15.1,13.9,0,16.42,16.67
2026-08-13 06:00:00,R202,Arterial,1200,40.725,-73.985,221,48,Heavy Rain,15.1,13.9,0,18.42,16.42
2026-08-13 07:00:00,R202,Arterial,1200,40.725,-73.985,981,22,Heavy Rain,15.1,13.9,0,81.75,18.42
2026-08-13 08:00:00,R202,Arterial,1200,40.725,-73.985,861,25,Heavy Rain,15.1,13.9,0,71.75,81.75
2026-08-13 09:00:00,R202,Arterial,1200,40.725,-73.985,987,21,Heavy Rain,15.1,13.9,0,82.25,71.75
2026-08-13 10:00:00,R202,Arterial,1200,40.725,-73.985,724,30,Heavy Rain,15.1,13.9,0,60.33,82.25
2026-08-13 11:00:00,R202,Arterial,1200,40.725,-73.985,725,30,Heavy Rain,15.1,13.9,0,60.42,60.33
2026-08-13 12:00:00,R202,Arterial,1200,40.725,-73.985,560,37,Heavy Rain,15.1,13.9,0,46.67,60.42
2026-08-13 13:00:00,R202,Arterial,1200,40.725,-73.985,659,33,Heavy Rain,15.1,13.9,0,54.92,46.67
2026-08-13 14:00:00,R202,Arterial,1200,40.725,-73.985,576,36,Heavy Rain,15.1,13.9,0,48.0,54.92
2026-08-13 15:00:00,R202,Arterial,1200,40.725,-73.985,663,32,Heavy Rain,15.1,13.9,0,55.25,48.0
2026-08-13 16:00:00,R202,Arterial,1200,40.725,-73.985,1116,18,Heavy Rain,15.1,13.9,0,93.0,55.25
2026-08-13 17:00:00,R202,Arterial,1200,40.725,-73.985,920,23,Heavy Rain,15.1,13.9,0,76.67,93.0
2026-08-13 18:00:00,R202,Arterial,1200,40.725,-73.985,1051,20,Heavy Rain,15.1,13.9,0,87.58,76.67
2026-08-13 19:00:00,R202,Arterial,1200,40.725,-73.985,884,24,Heavy Rain,15.1,13.9,0,73.67,87.58
2026-08-13 20:00:00,R202,Arterial,1200,40.725,-73.985,210,48,Heavy Rain,15.1,13.9,0,17.5,73.67
2026-08-13 21:00:00,R202,Arterial,1200,40.725,-73.985,228,48,Heavy Rain,15.1,13.9,0,19.0,17.5
2026-08-13 22:00:00,R202,Arterial,1200,40.725,-73.985,230,48,Heavy Rain,15.1,13.9,0,19.17,19.0
2026-08-13 23:00:00,R202,Arterial,1200,40.725,-73.985,197,48,Heavy Rain,15.1,13.9,0,16.42,19.17
2026-08-14 00:00:00,R202,Arterial,1200,40.725,-73.985,245,60,Cloudy,19.9,0.0,0,20.42,16.42
2026-08-14 01:00:00,R202,Arterial,1200,40.725,-73.985,267,60,Cloudy,19.9,0.0,0,22.25,20.42
2026-08-14 02:00:00,R202,Arterial,1200,40.725,-73.985,233,60,Cloudy,19.9,0.0,0,19.42,22.25
2026-08-14 03:00:00,R202,Arterial,1200,40.725,-73.985,205,60,Cloudy,19.9,0.0,0,17.08,19.42
2026-08-14 04:00:00,R202,Arterial,1200,40.725,-73.985,270,60,Cloudy,19.9,0.0,0,22.5,17.08
2026-08-14 05:00:00,R202,Arterial,1200,40.725,-73.985,216,60,Cloudy,19.9,0.0,0,18.0,22.5
2026-08-14 06:00:00,R202,Arterial,1200,40.725,-73.985,228,60,Cloudy,19.9,0.0,0,19.0,18.0
2026-08-14 07:00:00,R202,Arterial,1200,40.725,-73.985,1190,21,Cloudy,19.9,0.0,0,99.17,19.0
2026-08-14 08:00:00,R202,Arterial,1200,40.725,-73.985,1137,22,Cloudy,19.9,0.0,0,94.75,99.17
2026-08-14 09:00:00,R202,Arterial,1200,40.725,-73.985,953,28,Cloudy,19.9,0.0,0,79.42,94.75
2026-08-14 10:00:00,R202,Arterial,1200,40.725,-73.985,692,39,Cloudy,19.9,0.0,0,57.67,79.42
2026-08-14 11:00:00,R202,Arterial,1200,40.725,-73.985,664,41,Cloudy,19.9,0.0,0,55.33,57.67
2026-08-14 12:00:00,R202,Arterial,1200,40.725,-73.985,735,37,Cloudy,19.9,0.0,0,61.25,55.33
2026-08-14 13:00:00,R202,Arterial,1200,40.725,-73.985,747,36,Cloudy,19.9,0.0,0,62.25,61.25
2026-08-14 14:00:00,R202,Arterial,1200,40.725,-73.985,731,37,Cloudy,19.9,0.0,0,60.92,62.25
2026-08-14 15:00:00,R202,Arterial,1200,40.725,-73.985,756,36,Cloudy,19.9,0.0,0,63.0,60.92
2026-08-14 16:00:00,R202,Arterial,1200,40.725,-73.985,1099,23,Cloudy,19.9,0.0,0,91.58,63.0
2026-08-14 17:00:00,R202,Arterial,1200,40.725,-73.985,1091,24,Cloudy,19.9,0.0,0,90.92,91.58
2026-08-14 18:00:00,R202,Arterial,1200,40.725,-73.985,1080,24,Cloudy,19.9,0.0,0,90.0,90.92
2026-08-14 19:00:00,R202,Arterial,1200,40.725,-73.985,1221,6,Cloudy,19.9,0.0,1,101.75,90.0
2026-08-14 20:00:00,R202,Arterial,1200,40.725,-73.985,222,60,Cloudy,19.9,0.0,0,18.5,101.75
2026-08-14 21:00:00,R202,Arterial,1200,40.725,-73.985,260,60,Cloudy,19.9,0.0,0,21.67,18.5
2026-08-14 22:00:00,R202,Arterial,1200,40.725,-73.985,259,60,Cloudy,19.9,0.0,0,21.58,21.67
2026-08-14 23:00:00,R202,Arterial,1200,40.725,-73.985,207,60,Cloudy,19.9,0.0,0,17.25,21.58
2026-08-15 00:00:00,R202,Arterial,1200,40.725,-73.985,247,60,Clear,25.7,0.0,0,20.58,17.25
2026-08-15 01:00:00,R202,Arterial,1200,40.725,-73.985,239,60,Clear,25.7,0.0,0,19.92,20.58
2026-08-15 02:00:00,R202,Arterial,1200,40.725,-73.985,270,60,Clear,25.7,0.0,0,22.5,19.92
2026-08-15 03:00:00,R202,Arterial,1200,40.725,-73.985,222,60,Clear,25.7,0.0,0,18.5,22.5
2026-08-15 04:00:00,R202,Arterial,1200,40.725,-73.985,232,60,Clear,25.7,0.0,0,19.33,18.5
2026-08-15 05:00:00,R202,Arterial,1200,40.725,-73.985,207,60,Clear,25.7,0.0,0,17.25,19.33
2026-08-15 06:00:00,R202,Arterial,1200,40.725,-73.985,266,60,Clear,25.7,0.0,0,22.17,17.25
2026-08-15 07:00:00,R202,Arterial,1200,40.725,-73.985,236,60,Clear,25.7,0.0,0,19.67,22.17
2026-08-15 08:00:00,R202,Arterial,1200,40.725,-73.985,262,60,Clear,25.7,0.0,0,21.83,19.67
2026-08-15 09:00:00,R202,Arterial,1200,40.725,-73.985,238,60,Clear,25.7,0.0,0,19.83,21.83
2026-08-15 10:00:00,R202,Arterial,1200,40.725,-73.985,258,60,Clear,25.7,0.0,0,21.5,19.83
2026-08-15 11:00:00,R202,Arterial,1200,40.725,-73.985,862,32,Clear,25.7,0.0,0,71.83,21.5
2026-08-15 12:00:00,R202,Arterial,1200,40.725,-73.985,931,29,Clear,25.7,0.0,0,77.58,71.83
2026-08-15 13:00:00,R202,Arterial,1200,40.725,-73.985,838,33,Clear,25.7,0.0,0,69.83,77.58
2026-08-15 14:00:00,R202,Arterial,1200,40.725,-73.985,957,28,Clear,25.7,0.0,0,79.75,69.83
2026-08-15 15:00:00,R202,Arterial,1200,40.725,-73.985,896,30,Clear,25.7,0.0,0,74.67,79.75
2026-08-15 16:00:00,R202,Arterial,1200,40.725,-73.985,803,34,Clear,25.7,0.0,0,66.92,74.67
2026-08-15 17:00:00,R202,Arterial,1200,40.725,-73.985,774,35,Clear,25.7,0.0,0,64.5,66.92
2026-08-15 18:00:00,R202,Arterial,1200,40.725,-73.985,799,34,Clear,25.7,0.0,0,66.58,64.5
2026-08-15 19:00:00,R202,Arterial,1200,40.725,-73.985,634,42,Clear,25.7,0.0,0,52.83,66.58
2026-08-15 20:00:00,R202,Arterial,1200,40.725,-73.985,626,43,Clear,25.7,0.0,0,52.17,52.83
2026-08-15 21:00:00,R202,Arterial,1200,40.725,-73.985,207,60,Clear,25.7,0.0,0,17.25,52.17
2026-08-15 22:00:00,R202,Arterial,1200,40.725,-73.985,216,60,Clear,25.7,0.0,0,18.0,17.25
2026-08-15 23:00:00,R202,Arterial,1200,40.725,-73.985,249,60,Clear,25.7,0.0,0,20.75,18.0
2026-08-16 00:00:00,R202,Arterial,1200,40.725,-73.985,236,60,Clear,25.4,0.0,0,19.67,20.75
2026-08-16 01:00:00,R202,Arterial,1200,40.725,-73.985,225,60,Clear,25.4,0.0,0,18.75,19.67
2026-08-16 02:00:00,R202,Arterial,1200,40.725,-73.985,259,60,Clear,25.4,0.0,0,21.58,18.75
2026-08-16 03:00:00,R202,Arterial,1200,40.725,-73.985,216,60,Clear,25.4,0.0,0,18.0,21.58
2026-08-16 04:00:00,R202,Arterial,1200,40.725,-73.985,266,60,Clear,25.4,0.0,0,22.17,18.0
2026-08-16 05:00:00,R202,Arterial,1200,40.725,-73.985,263,60,Clear,25.4,0.0,0,21.92,22.17
2026-08-16 06:00:00,R202,Arterial,1200,40.725,-73.985,244,60,Clear,25.4,0.0,0,20.33,21.92
2026-08-16 07:00:00,R202,Arterial,1200,40.725,-73.985,209,60,Clear,25.4,0.0,0,17.42,20.33
2026-08-16 08:00:00,R202,Arterial,1200,40.725,-73.985,273,60,Clear,25.4,0.0,0,22.75,17.42
2026-08-16 09:00:00,R202,Arterial,1200,40.725,-73.985,229,60,Clear,25.4,0.0,0,19.08,22.75
2026-08-16 10:00:00,R202,Arterial,1200,40.725,-73.985,210,60,Clear,25.4,0.0,0,17.5,19.08
2026-08-16 11:00:00,R202,Arterial,1200,40.725,-73.985,905,30,Clear,25.4,0.0,0,75.42,17.5
2026-08-16 12:00:00,R202,Arterial,1200,40.725,-73.985,742,37,Clear,25.4,0.0,0,61.83,75.42
2026-08-16 13:00:00,R202,Arterial,1200,40.725,-73.985,880,31,Clear,25.4,0.0,0,73.33,61.83
2026-08-16 14:00:00,R202,Arterial,1200,40.725,-73.985,812,34,Clear,25.4,0.0,0,67.67,73.33
2026-08-16 15:00:00,R202,Arterial,1200,40.725,-73.985,823,33,Clear,25.4,0.0,0,68.58,67.67
2026-08-16 16:00:00,R202,Arterial,1200,40.725,-73.985,662,41,Clear,25.4,0.0,0,55.17,68.58
2026-08-16 17:00:00,R202,Arterial,1200,40.725,-73.985,615,43,Clear,25.4,0.0,0,51.25,55.17
2026-08-16 18:00:00,R202,Arterial,1200,40.725,-73.985,637,42,Clear,25.4,0.0,0,53.08,51.25
2026-08-16 19:00:00,R202,Arterial,1200,40.725,-73.985,749,36,Clear,25.4,0.0,0,62.42,53.08
2026-08-16 20:00:00,R202,Arterial,1200,40.725,-73.985,759,36,Clear,25.4,0.0,0,63.25,62.42
2026-08-16 21:00:00,R202,Arterial,1200,40.725,-73.985,257,60,Clear,25.4,0.0,0,21.42,63.25
2026-08-16 22:00:00,R202,Arterial,1200,40.725,-73.985,274,60,Clear,25.4,0.0,0,22.83,21.42
2026-08-16 23:00:00,R202,Arterial,1200,40.725,-73.985,248,60,Clear,25.4,0.0,0,20.67,22.83
2026-08-17 00:00:00,R202,Arterial,1200,40.725,-73.985,269,60,Cloudy,23.2,0.0,0,22.42,20.67
2026-08-17 01:00:00,R202,Arterial,1200,40.725,-73.985,213,60,Cloudy,23.2,0.0,0,17.75,22.42
2026-08-17 02:00:00,R202,Arterial,1200,40.725,-73.985,264,60,Cloudy,23.2,0.0,0,22.0,17.75
2026-08-17 03:00:00,R202,Arterial,1200,40.725,-73.985,206,60,Cloudy,23.2,0.0,0,17.17,22.0
2026-08-17 04:00:00,R202,Arterial,1200,40.725,-73.985,228,60,Cloudy,23.2,0.0,0,19.0,17.17
2026-08-17 05:00:00,R202,Arterial,1200,40.725,-73.985,246,60,Cloudy,23.2,0.0,0,20.5,19.0
2026-08-17 06:00:00,R202,Arterial,1200,40.725,-73.985,210,60,Cloudy,23.2,0.0,0,17.5,20.5
2026-08-17 07:00:00,R202,Arterial,1200,40.725,-73.985,973,27,Cloudy,23.2,0.0,0,81.08,17.5
2026-08-17 08:00:00,R202,Arterial,1200,40.725,-73.985,1168,21,Cloudy,23.2,0.0,0,97.33,81.08
2026-08-17 09:00:00,R202,Arterial,1200,40.725,-73.985,980,27,Cloudy,23.2,0.0,0,81.67,97.33
2026-08-17 10:00:00,R202,Arterial,1200,40.725,-73.985,732,37,Cloudy,23.2,0.0,0,61.0,81.67
2026-08-17 11:00:00,R202,Arterial,1200,40.725,-73.985,792,34,Cloudy,23.2,0.0,0,66.0,61.0
2026-08-17 12:00:00,R202,Arterial,1200,40.725,-73.985,633,42,Cloudy,23.2,0.0,0,52.75,66.0
2026-08-17 13:00:00,R202,Arterial,1200,40.725,-73.985,695,39,Cloudy,23.2,0.0,0,57.92,52.75
2026-08-17 14:00:00,R202,Arterial,1200,40.725,-73.985,626,43,Cloudy,23.2,0.0,0,52.17,57.92
2026-08-17 15:00:00,R202,Arterial,1200,40.725,-73.985,683,40,Cloudy,23.2,0.0,0,56.92,52.17
2026-08-17 16:00:00,R202,Arterial,1200,40.725,-73.985,1195,21,Cloudy,23.2,0.0,0,99.58,56.92
2026-08-17 17:00:00,R202,Arterial,1200,40.725,-73.985,1114,23,Cloudy,23.2,0.0,0,92.83,99.58
2026-08-17 18:00:00,R202,Arterial,1200,40.725,-73.985,1132,22,Cloudy,23.2,0.0,0,94.33,92.83
2026-08-17 19:00:00,R202,Arterial,1200,40.725,-73.985,1240,19,Cloudy,23.2,0.0,0,103.33,94.33
2026-08-17 20:00:00,R202,Arterial,1200,40.725,-73.985,234,60,Cloudy,23.2,0.0,0,19.5,103.33
2026-08-17 21:00:00,R202,Arterial,1200,40.725,-73.985,224,60,Cloudy,23.2,0.0,0,18.67,19.5
2026-08-17 22:00:00,R202,Arterial,1200,40.725,-73.985,251,60,Cloudy,23.2,0.0,0,20.92,18.67
2026-08-17 23:00:00,R202,Arterial,1200,40.725,-73.985,215,60,Cloudy,23.2,0.0,0,17.92,20.92
2026-08-18 00:00:00,R202,Arterial,1200,40.725,-73.985,250,48,Rainy,10.1,12.7,0,20.83,17.92
2026-08-18 01:00:00,R202,Arterial,1200,40.725,-73.985,229,48,Rainy,10.1,12.7,0,19.08,20.83
2026-08-18 02:00:00,R202,Arterial,1200,40.725,-73.985,250,48,Rainy,10.1,12.7,0,20.83,19.08
2026-08-18 03:00:00,R202,Arterial,1200,40.725,-73.985,231,48,Rainy,10.1,12.7,0,19.25,20.83
2026-08-18 04:00:00,R202,Arterial,1200,40.725,-73.985,229,48,Rainy,10.1,12.7,0,19.08,19.25
2026-08-18 05:00:00,R202,Arterial,1200,40.725,-73.985,232,48,Rainy,10.1,12.7,0,19.33,19.08
2026-08-18 06:00:00,R202,Arterial,1200,40.725,-73.985,265,48,Rainy,10.1,12.7,0,22.08,19.33
2026-08-18 07:00:00,R202,Arterial,1200,40.725,-73.985,1203,16,Rainy,10.1,12.7,0,100.25,22.08
2026-08-18 08:00:00,R202,Arterial,1200,40.725,-73.985,1224,16,Rainy,10.1,12.7,0,102.0,100.25
2026-08-18 09:00:00,R202,Arterial,1200,40.725,-73.985,930,23,Rainy,10.1,12.7,0,77.5,102.0
2026-08-18 10:00:00,R202,Arterial,1200,40.725,-73.985,696,31,Rainy,10.1,12.7,0,58.0,77.5
2026-08-18 11:00:00,R202,Arterial,1200,40.725,-73.985,689,31,Rainy,10.1,12.7,0,57.42,58.0
2026-08-18 12:00:00,R202,Arterial,1200,40.725,-73.985,617,34,Rainy,10.1,12.7,0,51.42,57.42
2026-08-18 13:00:00,R202,Arterial,1200,40.725,-73.985,655,33,Rainy,10.1,12.7,0,54.58,51.42
2026-08-18 14:00:00,R202,Arterial,1200,40.725,-73.985,774,28,Rainy,10.1,12.7,0,64.5,54.58
2026-08-18 15:00:00,R202,Arterial,1200,40.725,-73.985,748,29,Rainy,10.1,12.7,0,62.33,64.5
2026-08-18 16:00:00,R202,Arterial,1200,40.725,-73.985,1117,18,Rainy,10.1,12.7,0,93.08,62.33
2026-08-18 17:00:00,R202,Arterial,1200,40.725,-73.985,1001,21,Rainy,10.1,12.7,0,83.42,93.08
2026-08-18 18:00:00,R202,Arterial,1200,40.725,-73.985,1298,14,Rainy,10.1,12.7,0,108.17,83.42
2026-08-18 19:00:00,R202,Arterial,1200,40.725,-73.985,982,22,Rainy,10.1,12.7,0,81.83,108.17
2026-08-18 20:00:00,R202,Arterial,1200,40.725,-73.985,240,48,Rainy,10.1,12.7,0,20.0,81.83
2026-08-18 21:00:00,R202,Arterial,1200,40.725,-73.985,209,48,Rainy,10.1,12.7,0,17.42,20.0
2026-08-18 22:00:00,R202,Arterial,1200,40.725,-73.985,245,48,Rainy,10.1,12.7,0,20.42,17.42
2026-08-18 23:00:00,R202,Arterial,1200,40.725,-73.985,256,48,Rainy,10.1,12.7,0,21.33,20.42
2026-08-19 00:00:00,R202,Arterial,1200,40.725,-73.985,249,60,Cloudy,24.5,0.0,0,20.75,21.33
2026-08-19 01:00:00,R202,Arterial,1200,40.725,-73.985,239,60,Cloudy,24.5,0.0,0,19.92,20.75
2026-08-19 02:00:00,R202,Arterial,1200,40.725,-73.985,261,60,Cloudy,24.5,0.0,0,21.75,19.92
2026-08-19 03:00:00,R202,Arterial,1200,40.725,-73.985,242,60,Cloudy,24.5,0.0,0,20.17,21.75
2026-08-19 04:00:00,R202,Arterial,1200,40.725,-73.985,245,60,Cloudy,24.5,0.0,0,20.42,20.17
2026-08-19 05:00:00,R202,Arterial,1200,40.725,-73.985,275,60,Cloudy,24.5,0.0,0,22.92,20.42
2026-08-19 06:00:00,R202,Arterial,1200,40.725,-73.985,225,60,Cloudy,24.5,0.0,0,18.75,22.92
2026-08-19 07:00:00,R202,Arterial,1200,40.725,-73.985,1196,21,Cloudy,24.5,0.0,0,99.67,18.75
2026-08-19 08:00:00,R202,Arterial,1200,40.725,-73.985,1088,24,Cloudy,24.5,0.0,0,90.67,99.67
2026-08-19 09:00:00,R202,Arterial,1200,40.725,-73.985,1011,26,Cloudy,24.5,0.0,0,84.25,90.67
2026-08-19 10:00:00,R202,Arterial,1200,40.725,-73.985,658,41,Cloudy,24.5,0.0,0,54.83,84.25
2026-08-19 11:00:00,R202,Arterial,1200,40.725,-73.985,821,33,Cloudy,24.5,0.0,0,68.42,54.83
2026-08-19 12:00:00,R202,Arterial,1200,40.725,-73.985,796,34,Cloudy,24.5,0.0,0,66.33,68.42
2026-08-19 13:00:00,R202,Arterial,1200,40.725,-73.985,654,41,Cloudy,24.5,0.0,0,54.5,66.33
2026-08-19 14:00:00,R202,Arterial,1200,40.725,-73.985,681,40,Cloudy,24.5,0.0,0,56.75,54.5
2026-08-19 15:00:00,R202,Arterial,1200,40.725,-73.985,696,39,Cloudy,24.5,0.0,0,58.0,56.75
2026-08-19 16:00:00,R202,Arterial,1200,40.725,-73.985,1292,18,Cloudy,24.5,0.0,0,107.67,58.0
2026-08-19 17:00:00,R202,Arterial,1200,40.725,-73.985,1249,19,Cloudy,24.5,0.0,0,104.08,107.67
2026-08-19 18:00:00,R202,Arterial,1200,40.725,-73.985,1184,21,Cloudy,24.5,0.0,0,98.67,104.08
2026-08-19 19:00:00,R202,Arterial,1200,40.725,-73.985,1265,19,Cloudy,24.5,0.0,0,105.42,98.67
2026-08-19 20:00:00,R202,Arterial,1200,40.725,-73.985,233,60,Cloudy,24.5,0.0,0,19.42,105.42
2026-08-19 21:00:00,R202,Arterial,1200,40.725,-73.985,232,60,Cloudy,24.5,0.0,0,19.33,19.42
2026-08-19 22:00:00,R202,Arterial,1200,40.725,-73.985,275,60,Cloudy,24.5,0.0,0,22.92,19.33
2026-08-19 23:00:00,R202,Arterial,1200,40.725,-73.985,207,60,Cloudy,24.5,0.0,0,17.25,22.92
2026-08-20 00:00:00,R202,Arterial,1200,40.725,-73.985,225,60,Clear,28.0,0.0,0,18.75,17.25
2026-08-20 01:00:00,R202,Arterial,1200,40.725,-73.985,264,60,Clear,28.0,0.0,0,22.0,18.75
2026-08-20 02:00:00,R202,Arterial,1200,40.725,-73.985,251,60,Clear,28.0,0.0,0,20.92,22.0
2026-08-20 03:00:00,R202,Arterial,1200,40.725,-73.985,255,60,Clear,28.0,0.0,0,21.25,20.92
2026-08-20 04:00:00,R202,Arterial,1200,40.725,-73.985,247,60,Clear,28.0,0.0,0,20.58,21.25
2026-08-20 05:00:00,R202,Arterial,1200,40.725,-73.985,241,60,Clear,28.0,0.0,0,20.08,20.58
2026-08-20 06:00:00,R202,Arterial,1200,40.725,-73.985,214,60,Clear,28.0,0.0,0,17.83,20.08
2026-08-20 07:00:00,R202,Arterial,1200,40.725,-73.985,1029,25,Clear,28.0,0.0,0,85.75,17.83
2026-08-20 08:00:00,R202,Arterial,1200,40.725,-73.985,999,26,Clear,28.0,0.0,0,83.25,85.75
2026-08-20 09:00:00,R202,Arterial,1200,40.725,-73.985,1101,23,Clear,28.0,0.0,0,91.75,83.25
2026-08-20 10:00:00,R202,Arterial,1200,40.725,-73.985,809,34,Clear,28.0,0.0,0,67.42,91.75
2026-08-20 11:00:00,R202,Arterial,1200,40.725,-73.985,669,40,Clear,28.0,0.0,0,55.75,67.42
2026-08-20 12:00:00,R202,Arterial,1200,40.725,-73.985,692,39,Clear,28.0,0.0,0,57.67,55.75
2026-08-20 13:00:00,R202,Arterial,1200,40.725,-73.985,662,41,Clear,28.0,0.0,0,55.17,57.67
2026-08-20 14:00:00,R202,Arterial,1200,40.725,-73.985,708,38,Clear,28.0,0.0,0,59.0,55.17
2026-08-20 15:00:00,R202,Arterial,1200,40.725,-73.985,720,38,Clear,28.0,0.0,0,60.0,59.0
2026-08-20 16:00:00,R202,Arterial,1200,40.725,-73.985,1151,22,Clear,28.0,0.0,0,95.92,60.0
2026-08-20 17:00:00,R202,Arterial,1200,40.725,-73.985,1227,20,Clear,28.0,0.0,0,102.25,95.92
2026-08-20 18:00:00,R202,Arterial,1200,40.725,-73.985,976,27,Clear,28.0,0.0,0,81.33,102.25
2026-08-20 19:00:00,R202,Arterial,1200,40.725,-73.985,1440,5,Clear,28.0,0.0,1,120.0,81.33
2026-08-20 20:00:00,R202,Arterial,1200,40.725,-73.985,213,60,Clear,28.0,0.0,0,17.75,120.0
2026-08-20 21:00:00,R202,Arterial,1200,40.725,-73.985,228,60,Clear,28.0,0.0,0,19.0,17.75
2026-08-20 22:00:00,R202,Arterial,1200,40.725,-73.985,221,60,Clear,28.0,0.0,0,18.42,19.0
2026-08-20 23:00:00,R202,Arterial,1200,40.725,-73.985,254,60,Clear,28.0,0.0,0,21.17,18.42
2026-08-21 00:00:00,R202,Arterial,1200,40.725,-73.985,273,60,Cloudy,22.2,11.0,0,22.75,21.17
2026-08-21 01:00:00,R202,Arterial,1200,40.725,-73.985,206,60,Cloudy,22.2,11.0,0,17.17,22.75
2026-08-21 02:00:00,R202,Arterial,1200,40.725,-73.985,271,60,Cloudy,22.2,11.0,0,22.58,17.17
2026-08-21 03:00:00,R202,Arterial,1200,40.725,-73.985,224,60,Cloudy,22.2,11.0,0,18.67,22.58
2026-08-21 04:00:00,R202,Arterial,1200,40.725,-73.985,212,60,Cloudy,22.2,11.0,0,17.67,18.67
2026-08-21 05:00:00,R202,Arterial,1200,40.725,-73.985,233,60,Cloudy,22.2,11.0,0,19.42,17.67
2026-08-21 06:00:00,R202,Arterial,1200,40.725,-73.985,269,60,Cloudy,22.2,11.0,0,22.42,19.42
2026-08-21 07:00:00,R202,Arterial,1200,40.725,-73.985,982,27,Cloudy,22.2,11.0,0,81.83,22.42
2026-08-21 08:00:00,R202,Arterial,1200,40.725,-73.985,1025,26,Cloudy,22.2,11.0,0,85.42,81.83
2026-08-21 09:00:00,R202,Arterial,1200,40.725,-73.985,1013,26,Cloudy,22.2,11.0,0,84.42,85.42
2026-08-21 10:00:00,R202,Arterial,1200,40.725,-73.985,682,40,Cloudy,22.2,11.0,0,56.83,84.42
2026-08-21 11:00:00,R202,Arterial,1200,40.725,-73.985,816,33,Cloudy,22.2,11.0,0,68.0,56.83
2026-08-21 12:00:00,R202,Arterial,1200,40.725,-73.985,614,43,Cloudy,22.2,11.0,0,51.17,68.0
2026-08-21 13:00:00,R202,Arterial,1200,40.725,-73.985,628,42,Cloudy,22.2,11.0,0,52.33,51.17
2026-08-21 14:00:00,R202,Arterial,1200,40.725,-73.985,668,40,Cloudy,22.2,11.0,0,55.67,52.33
2026-08-21 15:00:00,R202,Arterial,1200,40.725,-73.985,634,42,Cloudy,22.2,11.0,0,52.83,55.67
2026-08-21 16:00:00,R202,Arterial,1200,40.725,-73.985,1114,23,Cloudy,22.2,11.0,0,92.83,52.83
2026-08-21 17:00:00,R202,Arterial,1200,40.725,-73.985,1136,22,Cloudy,22.2,11.0,0,94.67,92.83
2026-08-21 18:00:00,R202,Arterial,1200,40.725,-73.985,1224,20,Cloudy,22.2,11.0,0,102.0,94.67
2026-08-21 19:00:00,R202,Arterial,1200,40.725,-73.985,1054,25,Cloudy,22.2,11.0,0,87.83,102.0
2026-08-21 20:00:00,R202,Arterial,1200,40.725,-73.985,246,60,Cloudy,22.2,11.0,0,20.5,87.83
2026-08-21 21:00:00,R202,Arterial,1200,40.725,-73.985,207,60,Cloudy,22.2,11.0,0,17.25,20.5
2026-08-21 22:00:00,R202,Arterial,1200,40.725,-73.985,215,60,Cloudy,22.2,11.0,0,17.92,17.25
2026-08-21 23:00:00,R202,Arterial,1200,40.725,-73.985,246,60,Cloudy,22.2,11.0,0,20.5,17.92
2026-08-22 00:00:00,R202,Arterial,1200,40.725,-73.985,254,60,Clear,25.6,0.0,0,21.17,20.5
2026-08-22 01:00:00,R202,Arterial,1200,40.725,-73.985,220,60,Clear,25.6,0.0,0,18.33,21.17
2026-08-22 02:00:00,R202,Arterial,1200,40.725,-73.985,234,60,Clear,25.6,0.0,0,19.5,18.33
2026-08-22 03:00:00,R202,Arterial,1200,40.725,-73.985,206,60,Clear,25.6,0.0,0,17.17,19.5
2026-08-22 04:00:00,R202,Arterial,1200,40.725,-73.985,206,60,Clear,25.6,0.0,0,17.17,17.17
2026-08-22 05:00:00,R202,Arterial,1200,40.725,-73.985,242,60,Clear,25.6,0.0,0,20.17,17.17
2026-08-22 06:00:00,R202,Arterial,1200,40.725,-73.985,257,60,Clear,25.6,0.0,0,21.42,20.17
2026-08-22 07:00:00,R202,Arterial,1200,40.725,-73.985,245,60,Clear,25.6,0.0,0,20.42,21.42
2026-08-22 08:00:00,R202,Arterial,1200,40.725,-73.985,235,60,Clear,25.6,0.0,0,19.58,20.42
2026-08-22 09:00:00,R202,Arterial,1200,40.725,-73.985,230,60,Clear,25.6,0.0,0,19.17,19.58
2026-08-22 10:00:00,R202,Arterial,1200,40.725,-73.985,264,60,Clear,25.6,0.0,0,22.0,19.17
2026-08-22 11:00:00,R202,Arterial,1200,40.725,-73.985,723,38,Clear,25.6,0.0,0,60.25,22.0
2026-08-22 12:00:00,R202,Arterial,1200,40.725,-73.985,854,32,Clear,25.6,0.0,0,71.17,60.25
2026-08-22 13:00:00,R202,Arterial,1200,40.725,-73.985,893,30,Clear,25.6,0.0,0,74.42,71.17
2026-08-22 14:00:00,R202,Arterial,1200,40.725,-73.985,822,33,Clear,25.6,0.0,0,68.5,74.42
2026-08-22 15:00:00,R202,Arterial,1200,40.725,-73.985,828,33,Clear,25.6,0.0,0,69.0,68.5
2026-08-22 16:00:00,R202,Arterial,1200,40.725,-73.985,765,36,Clear,25.6,0.0,0,63.75,69.0
2026-08-22 17:00:00,R202,Arterial,1200,40.725,-73.985,720,38,Clear,25.6,0.0,0,60.0,63.75
2026-08-22 18:00:00,R202,Arterial,1200,40.725,-73.985,784,35,Clear,25.6,0.0,0,65.33,60.0
2026-08-22 19:00:00,R202,Arterial,1200,40.725,-73.985,788,35,Clear,25.6,0.0,0,65.67,65.33
2026-08-22 20:00:00,R202,Arterial,1200,40.725,-73.985,787,35,Clear,25.6,0.0,0,65.58,65.67
2026-08-22 21:00:00,R202,Arterial,1200,40.725,-73.985,253,60,Clear,25.6,0.0,0,21.08,65.58
2026-08-22 22:00:00,R202,Arterial,1200,40.725,-73.985,231,60,Clear,25.6,0.0,0,19.25,21.08
2026-08-22 23:00:00,R202,Arterial,1200,40.725,-73.985,264,60,Clear,25.6,0.0,0,22.0,19.25
2026-08-23 00:00:00,R202,Arterial,1200,40.725,-73.985,240,48,Rainy,17.6,3.5,0,20.0,22.0
2026-08-23 01:00:00,R202,Arterial,1200,40.725,-73.985,204,48,Rainy,17.6,3.5,0,17.0,20.0
2026-08-23 02:00:00,R202,Arterial,1200,40.725,-73.985,248,48,Rainy,17.6,3.5,0,20.67,17.0
2026-08-23 03:00:00,R202,Arterial,1200,40.725,-73.985,233,48,Rainy,17.6,3.5,0,19.42,20.67
2026-08-23 04:00:00,R202,Arterial,1200,40.725,-73.985,219,48,Rainy,17.6,3.5,0,18.25,19.42
2026-08-23 05:00:00,R202,Arterial,1200,40.725,-73.985,249,48,Rainy,17.6,3.5,0,20.75,18.25
2026-08-23 06:00:00,R202,Arterial,1200,40.725,-73.985,217,48,Rainy,17.6,3.5,0,18.08,20.75
2026-08-23 07:00:00,R202,Arterial,1200,40.725,-73.985,212,48,Rainy,17.6,3.5,0,17.67,18.08
2026-08-23 08:00:00,R202,Arterial,1200,40.725,-73.985,248,48,Rainy,17.6,3.5,0,20.67,17.67
2026-08-23 09:00:00,R202,Arterial,1200,40.725,-73.985,272,48,Rainy,17.6,3.5,0,22.67,20.67
2026-08-23 10:00:00,R202,Arterial,1200,40.725,-73.985,252,48,Rainy,17.6,3.5,0,21.0,22.67
2026-08-23 11:00:00,R202,Arterial,1200,40.725,-73.985,789,28,Rainy,17.6,3.5,0,65.75,21.0
2026-08-23 12:00:00,R202,Arterial,1200,40.725,-73.985,751,29,Rainy,17.6,3.5,0,62.58,65.75
2026-08-23 13:00:00,R202,Arterial,1200,40.725,-73.985,938,23,Rainy,17.6,3.5,0,78.17,62.58
2026-08-23 14:00:00,R202,Arterial,1200,40.725,-73.985,790,28,Rainy,17.6,3.5,0,65.83,78.17
2026-08-23 15:00:00,R202,Arterial,1200,40.725,-73.985,869,25,Rainy,17.6,3.5,0,72.42,65.83
2026-08-23 16:00:00,R202,Arterial,1200,40.725,-73.985,810,27,Rainy,17.6,3.5,0,67.5,72.42
2026-08-23 17:00:00,R202,Arterial,1200,40.725,-73.985,654,33,Rainy,17.6,3.5,0,54.5,67.5
2026-08-23 18:00:00,R202,Arterial,1200,40.725,-73.985,705,31,Rainy,17.6,3.5,0,58.75,54.5
2026-08-23 19:00:00,R202,Arterial,1200,40.725,-73.985,696,31,Rainy,17.6,3.5,0,58.0,58.75
2026-08-23 20:00:00,R202,Arterial,1200,40.725,-73.985,754,29,Rainy,17.6,3.5,0,62.83,58.0
2026-08-23 21:00:00,R202,Arterial,1200,40.725,-73.985,270,48,Rainy,17.6,3.5,0,22.5,62.83
2026-08-23 22:00:00,R202,Arterial,1200,40.725,-73.985,205,48,Rainy,17.6,3.5,0,17.08,22.5
2026-08-23 23:00:00,R202,Arterial,1200,40.725,-73.985,265,48,Rainy,17.6,3.5,0,22.08,17.08
2026-08-24 00:00:00,R202,Arterial,1200,40.725,-73.985,225,60,Cloudy,16.3,0.0,0,18.75,22.08
2026-08-24 01:00:00,R202,Arterial,1200,40.725,-73.985,275,60,Cloudy,16.3,0.0,0,22.92,18.75
2026-08-24 02:00:00,R202,Arterial,1200,40.725,-73.985,266,60,Cloudy,16.3,0.0,0,22.17,22.92
2026-08-24 03:00:00,R202,Arterial,1200,40.725,-73.985,241,60,Cloudy,16.3,0.0,0,20.08,22.17
2026-08-24 04:00:00,R202,Arterial,1200,40.725,-73.985,223,60,Cloudy,16.3,0.0,0,18.58,20.08
2026-08-24 05:00:00,R202,Arterial,1200,40.725,-73.985,266,60,Cloudy,16.3,0.0,0,22.17,18.58
2026-08-24 06:00:00,R202,Arterial,1200,40.725,-73.985,240,60,Cloudy,16.3,0.0,0,20.0,22.17
2026-08-24 07:00:00,R202,Arterial,1200,40.725,-73.985,966,28,Cloudy,16.3,0.0,0,80.5,20.0
2026-08-24 08:00:00,R202,Arterial,1200,40.725,-73.985,983,27,Cloudy,16.3,0.0,0,81.92,80.5
2026-08-24 09:00:00,R202,Arterial,1200,40.725,-73.985,1234,20,Cloudy,16.3,0.0,0,102.83,81.92
2026-08-24 10:00:00,R202,Arterial,1200,40.725,-73.985,636,42,Cloudy,16.3,0.0,0,53.0,102.83
2026-08-24 11:00:00,R202,Arterial,1200,40.725,-73.985,745,37,Cloudy,16.3,0.0,0,62.08,53.0
2026-08-24 12:00:00,R202,Arterial,1200,40.725,-73.985,618,43,Cloudy,16.3,0.0,0,51.5,62.08
2026-08-24 13:00:00,R202,Arterial,1200,40.725,-73.985,700,39,Cloudy,16.3,0.0,0,58.33,51.5
2026-08-24 14:00:00,R202,Arterial,1200,40.725,-73.985,644,42,Cloudy,16.3,0.0,0,53.67,58.33
2026-08-24 15:00:00,R202,Arterial,1200,40.725,-73.985,667,40,Cloudy,16.3,0.0,0,55.58,53.67
2026-08-24 16:00:00,R202,Arterial,1200,40.725,-73.985,1285,18,Cloudy,16.3,0.0,0,107.08,55.58
2026-08-24 17:00:00,R202,Arterial,1200,40.725,-73.985,1194,21,Cloudy,16.3,0.0,0,99.5,107.08
2026-08-24 18:00:00,R202,Arterial,1200,40.725,-73.985,1024,26,Cloudy,16.3,0.0,0,85.33,99.5
2026-08-24 19:00:00,R202,Arterial,1200,40.725,-73.985,1211,20,Cloudy,16.3,0.0,0,100.92,85.33
2026-08-24 20:00:00,R202,Arterial,1200,40.725,-73.985,230,60,Cloudy,16.3,0.0,0,19.17,100.92
2026-08-24 21:00:00,R202,Arterial,1200,40.725,-73.985,223,60,Cloudy,16.3,0.0,0,18.58,19.17
2026-08-24 22:00:00,R202,Arterial,1200,40.725,-73.985,259,60,Cloudy,16.3,0.0,0,21.58,18.58
2026-08-24 23:00:00,R202,Arterial,1200,40.725,-73.985,207,60,Cloudy,16.3,0.0,0,17.25,21.58
2026-08-25 00:00:00,R202,Arterial,1200,40.725,-73.985,227,60,Clear,34.8,0.0,0,18.92,17.25
2026-08-25 01:00:00,R202,Arterial,1200,40.725,-73.985,275,60,Clear,34.8,0.0,0,22.92,18.92
2026-08-25 02:00:00,R202,Arterial,1200,40.725,-73.985,208,60,Clear,34.8,0.0,0,17.33,22.92
2026-08-25 03:00:00,R202,Arterial,1200,40.725,-73.985,225,60,Clear,34.8,0.0,0,18.75,17.33
2026-08-25 04:00:00,R202,Arterial,1200,40.725,-73.985,267,60,Clear,34.8,0.0,0,22.25,18.75
2026-08-25 05:00:00,R202,Arterial,1200,40.725,-73.985,258,60,Clear,34.8,0.0,0,21.5,22.25
2026-08-25 06:00:00,R202,Arterial,1200,40.725,-73.985,221,60,Clear,34.8,0.0,0,18.42,21.5
2026-08-25 07:00:00,R202,Arterial,1200,40.725,-73.985,1179,21,Clear,34.8,0.0,0,98.25,18.42
2026-08-25 08:00:00,R202,Arterial,1200,40.725,-73.985,1177,21,Clear,34.8,0.0,0,98.08,98.25
2026-08-25 09:00:00,R202,Arterial,1200,40.725,-73.985,1191,21,Clear,34.8,0.0,0,99.25,98.08
2026-08-25 10:00:00,R202,Arterial,1200,40.725,-73.985,700,39,Clear,34.8,0.0,0,58.33,99.25
2026-08-25 11:00:00,R202,Arterial,1200,40.725,-73.985,649,41,Clear,34.8,0.0,0,54.08,58.33
2026-08-25 12:00:00,R202,Arterial,1200,40.725,-73.985,801,34,Clear,34.8,0.0,0,66.75,54.08
2026-08-25 13:00:00,R202,Arterial,1200,40.725,-73.985,629,42,Clear,34.8,0.0,0,52.42,66.75
2026-08-25 14:00:00,R202,Arterial,1200,40.725,-73.985,687,39,Clear,34.8,0.0,0,57.25,52.42
2026-08-25 15:00:00,R202,Arterial,1200,40.725,-73.985,737,37,Clear,34.8,0.0,0,61.42,57.25
2026-08-25 16:00:00,R202,Arterial,1200,40.725,-73.985,1277,19,Clear,34.8,0.0,0,106.42,61.42
2026-08-25 17:00:00,R202,Arterial,1200,40.725,-73.985,1214,20,Clear,34.8,0.0,0,101.17,106.42
2026-08-25 18:00:00,R202,Arterial,1200,40.725,-73.985,1256,19,Clear,34.8,0.0,0,104.67,101.17
2026-08-25 19:00:00,R202,Arterial,1200,40.725,-73.985,988,27,Clear,34.8,0.0,0,82.33,104.67
2026-08-25 20:00:00,R202,Arterial,1200,40.725,-73.985,229,60,Clear,34.8,0.0,0,19.08,82.33
2026-08-25 21:00:00,R202,Arterial,1200,40.725,-73.985,292,18,Clear,34.8,0.0,1,24.33,19.08
2026-08-25 22:00:00,R202,Arterial,1200,40.725,-73.985,265,60,Clear,34.8,0.0,0,22.08,24.33
2026-08-25 23:00:00,R202,Arterial,1200,40.725,-73.985,275,60,Clear,34.8,0.0,0,22.92,22.08
2026-08-26 00:00:00,R202,Arterial,1200,40.725,-73.985,271,60,Clear,31.2,0.0,0,22.58,22.92
2026-08-26 01:00:00,R202,Arterial,1200,40.725,-73.985,242,60,Clear,31.2,0.0,0,20.17,22.58
2026-08-26 02:00:00,R202,Arterial,1200,40.725,-73.985,232,60,Clear,31.2,0.0,0,19.33,20.17
2026-08-26 03:00:00,R202,Arterial,1200,40.725,-73.985,249,60,Clear,31.2,0.0,0,20.75,19.33
2026-08-26 04:00:00,R202,Arterial,1200,40.725,-73.985,270,60,Clear,31.2,0.0,0,22.5,20.75
2026-08-26 05:00:00,R202,Arterial,1200,40.725,-73.985,266,60,Clear,31.2,0.0,0,22.17,22.5
2026-08-26 06:00:00,R202,Arterial,1200,40.725,-73.985,243,60,Clear,31.2,0.0,0,20.25,22.17
2026-08-26 07:00:00,R202,Arterial,1200,40.725,-73.985,1137,22,Clear,31.2,0.0,0,94.75,20.25
2026-08-26 08:00:00,R202,Arterial,1200,40.725,-73.985,1068,24,Clear,31.2,0.0,0,89.0,94.75
2026-08-26 09:00:00,R202,Arterial,1200,40.725,-73.985,1144,22,Clear,31.2,0.0,0,95.33,89.0
2026-08-26 10:00:00,R202,Arterial,1200,40.725,-73.985,693,39,Clear,31.2,0.0,0,57.75,95.33
2026-08-26 11:00:00,R202,Arterial,1200,40.725,-73.985,612,43,Clear,31.2,0.0,0,51.0,57.75
2026-08-26 12:00:00,R202,Arterial,1200,40.725,-73.985,672,40,Clear,31.2,0.0,0,56.0,51.0
2026-08-26 13:00:00,R202,Arterial,1200,40.725,-73.985,660,41,Clear,31.2,0.0,0,55.0,56.0
2026-08-26 14:00:00,R202,Arterial,1200,40.725,-73.985,666,40,Clear,31.2,0.0,0,55.5,55.0
2026-08-26 15:00:00,R202,Arterial,1200,40.725,-73.985,724,38,Clear,31.2,0.0,0,60.33,55.5
2026-08-26 16:00:00,R202,Arterial,1200,40.725,-73.985,1219,20,Clear,31.2,0.0,0,101.58,60.33
2026-08-26 17:00:00,R202,Arterial,1200,40.725,-73.985,1126,23,Clear,31.2,0.0,0,93.83,101.58
2026-08-26 18:00:00,R202,Arterial,1200,40.725,-73.985,1010,26,Clear,31.2,0.0,0,84.17,93.83
2026-08-26 19:00:00,R202,Arterial,1200,40.725,-73.985,1168,21,Clear,31.2,0.0,0,97.33,84.17
2026-08-26 20:00:00,R202,Arterial,1200,40.725,-73.985,262,60,Clear,31.2,0.0,0,21.83,97.33
2026-08-26 21:00:00,R202,Arterial,1200,40.725,-73.985,207,60,Clear,31.2,0.0,0,17.25,21.83
2026-08-26 22:00:00,R202,Arterial,1200,40.725,-73.985,213,60,Clear,31.2,0.0,0,17.75,17.25
2026-08-26 23:00:00,R202,Arterial,1200,40.725,-73.985,205,60,Clear,31.2,0.0,0,17.08,17.75
2026-08-27 00:00:00,R202,Arterial,1200,40.725,-73.985,243,60,Clear,26.6,0.0,0,20.25,17.08
2026-08-27 01:00:00,R202,Arterial,1200,40.725,-73.985,216,60,Clear,26.6,0.0,0,18.0,20.25
2026-08-27 02:00:00,R202,Arterial,1200,40.725,-73.985,236,60,Clear,26.6,0.0,0,19.67,18.0
2026-08-27 03:00:00,R202,Arterial,1200,40.725,-73.985,207,60,Clear,26.6,0.0,0,17.25,19.67
2026-08-27 04:00:00,R202,Arterial,1200,40.725,-73.985,227,60,Clear,26.6,0.0,0,18.92,17.25
2026-08-27 05:00:00,R202,Arterial,1200,40.725,-73.985,213,60,Clear,26.6,0.0,0,17.75,18.92
2026-08-27 06:00:00,R202,Arterial,1200,40.725,-73.985,272,60,Clear,26.6,0.0,0,22.67,17.75
2026-08-27 07:00:00,R202,Arterial,1200,40.725,-73.985,1051,25,Clear,26.6,0.0,0,87.58,22.67
2026-08-27 08:00:00,R202,Arterial,1200,40.725,-73.985,1106,23,Clear,26.6,0.0,0,92.17,87.58
2026-08-27 09:00:00,R202,Arterial,1200,40.725,-73.985,1109,23,Clear,26.6,0.0,0,92.42,92.17
2026-08-27 10:00:00,R202,Arterial,1200,40.725,-73.985,703,39,Clear,26.6,0.0,0,58.58,92.42
2026-08-27 11:00:00,R202,Arterial,1200,40.725,-73.985,698,39,Clear,26.6,0.0,0,58.17,58.58
2026-08-27 12:00:00,R202,Arterial,1200,40.725,-73.985,770,35,Clear,26.6,0.0,0,64.17,58.17
2026-08-27 13:00:00,R202,Arterial,1200,40.725,-73.985,815,33,Clear,26.6,0.0,0,67.92,64.17
2026-08-27 14:00:00,R202,Arterial,1200,40.725,-73.985,621,43,Clear,26.6,0.0,0,51.75,67.92
2026-08-27 15:00:00,R202,Arterial,1200,40.725,-73.985,717,38,Clear,26.6,0.0,0,59.75,51.75
2026-08-27 16:00:00,R202,Arterial,1200,40.725,-73.985,1205,20,Clear,26.6,0.0,0,100.42,59.75
2026-08-27 17:00:00,R202,Arterial,1200,40.725,-73.985,1039,25,Clear,26.6,0.0,0,86.58,100.42
2026-08-27 18:00:00,R202,Arterial,1200,40.725,-73.985,1012,26,Clear,26.6,0.0,0,84.33,86.58
2026-08-27 19:00:00,R202,Arterial,1200,40.725,-73.985,1209,20,Clear,26.6,0.0,0,100.75,84.33
2026-08-27 20:00:00,R202,Arterial,1200,40.725,-73.985,237,60,Clear,26.6,0.0,0,19.75,100.75
2026-08-27 21:00:00,R202,Arterial,1200,40.725,-73.985,214,60,Clear,26.6,0.0,0,17.83,19.75
2026-08-27 22:00:00,R202,Arterial,1200,40.725,-73.985,259,60,Clear,26.6,0.0,0,21.58,17.83
2026-08-27 23:00:00,R202,Arterial,1200,40.725,-73.985,251,60,Clear,26.6,0.0,0,20.92,21.58
2026-08-28 00:00:00,R202,Arterial,1200,40.725,-73.985,222,60,Cloudy,16.6,0.0,0,18.5,20.92
2026-08-28 01:00:00,R202,Arterial,1200,40.725,-73.985,272,60,Cloudy,16.6,0.0,0,22.67,18.5
2026-08-28 02:00:00,R202,Arterial,1200,40.725,-73.985,206,60,Cloudy,16.6,0.0,0,17.17,22.67
2026-08-28 03:00:00,R202,Arterial,1200,40.725,-73.985,232,60,Cloudy,16.6,0.0,0,19.33,17.17
2026-08-28 04:00:00,R202,Arterial,1200,40.725,-73.985,272,60,Cloudy,16.6,0.0,0,22.67,19.33
2026-08-28 05:00:00,R202,Arterial,1200,40.725,-73.985,245,60,Cloudy,16.6,0.0,0,20.42,22.67
2026-08-28 06:00:00,R202,Arterial,1200,40.725,-73.985,263,60,Cloudy,16.6,0.0,0,21.92,20.42
2026-08-28 07:00:00,R202,Arterial,1200,40.725,-73.985,1160,22,Cloudy,16.6,0.0,0,96.67,21.92
2026-08-28 08:00:00,R202,Arterial,1200,40.725,-73.985,1141,22,Cloudy,16.6,0.0,0,95.08,96.67
2026-08-28 09:00:00,R202,Arterial,1200,40.725,-73.985,1123,23,Cloudy,16.6,0.0,0,93.58,95.08
2026-08-28 10:00:00,R202,Arterial,1200,40.725,-73.985,675,40,Cloudy,16.6,0.0,0,56.25,93.58
2026-08-28 11:00:00,R202,Arterial,1200,40.725,-73.985,748,36,Cloudy,16.6,0.0,0,62.33,56.25
2026-08-28 12:00:00,R202,Arterial,1200,40.725,-73.985,690,39,Cloudy,16.6,0.0,0,57.5,62.33
2026-08-28 13:00:00,R202,Arterial,1200,40.725,-73.985,663,41,Cloudy,16.6,0.0,0,55.25,57.5
2026-08-28 14:00:00,R202,Arterial,1200,40.725,-73.985,745,37,Cloudy,16.6,0.0,0,62.08,55.25
2026-08-28 15:00:00,R202,Arterial,1200,40.725,-73.985,761,36,Cloudy,16.6,0.0,0,63.42,62.08
2026-08-28 16:00:00,R202,Arterial,1200,40.725,-73.985,1261,19,Cloudy,16.6,0.0,0,105.08,63.42
2026-08-28 17:00:00,R202,Arterial,1200,40.725,-73.985,1256,19,Cloudy,16.6,0.0,0,104.67,105.08
2026-08-28 18:00:00,R202,Arterial,1200,40.725,-73.985,1440,5,Cloudy,16.6,0.0,1,120.0,104.67
2026-08-28 19:00:00,R202,Arterial,1200,40.725,-73.985,1290,18,Cloudy,16.6,0.0,0,107.5,120.0
2026-08-28 20:00:00,R202,Arterial,1200,40.725,-73.985,229,60,Cloudy,16.6,0.0,0,19.08,107.5
2026-08-28 21:00:00,R202,Arterial,1200,40.725,-73.985,263,60,Cloudy,16.6,0.0,0,21.92,19.08
2026-08-28 22:00:00,R202,Arterial,1200,40.725,-73.985,205,60,Cloudy,16.6,0.0,0,17.08,21.92
2026-08-28 23:00:00,R202,Arterial,1200,40.725,-73.985,207,60,Cloudy,16.6,0.0,0,17.25,17.08
2026-08-29 00:00:00,R202,Arterial,1200,40.725,-73.985,221,48,Rainy,14.4,14.4,0,18.42,17.25
2026-08-29 01:00:00,R202,Arterial,1200,40.725,-73.985,245,48,Rainy,14.4,14.4,0,20.42,18.42
2026-08-29 02:00:00,R202,Arterial,1200,40.725,-73.985,214,48,Rainy,14.4,14.4,0,17.83,20.42
2026-08-29 03:00:00,R202,Arterial,1200,40.725,-73.985,223,48,Rainy,14.4,14.4,0,18.58,17.83
2026-08-29 04:00:00,R202,Arterial,1200,40.725,-73.985,243,48,Rainy,14.4,14.4,0,20.25,18.58
2026-08-29 05:00:00,R202,Arterial,1200,40.725,-73.985,254,48,Rainy,14.4,14.4,0,21.17,20.25
2026-08-29 06:00:00,R202,Arterial,1200,40.725,-73.985,234,48,Rainy,14.4,14.4,0,19.5,21.17
2026-08-29 07:00:00,R202,Arterial,1200,40.725,-73.985,229,48,Rainy,14.4,14.4,0,19.08,19.5
2026-08-29 08:00:00,R202,Arterial,1200,40.725,-73.985,267,48,Rainy,14.4,14.4,0,22.25,19.08
2026-08-29 09:00:00,R202,Arterial,1200,40.725,-73.985,205,48,Rainy,14.4,14.4,0,17.08,22.25
2026-08-29 10:00:00,R202,Arterial,1200,40.725,-73.985,264,14,Rainy,14.4,14.4,1,22.0,17.08
2026-08-29 11:00:00,R202,Arterial,1200,40.725,-73.985,917,23,Rainy,14.4,14.4,0,76.42,22.0
2026-08-29 12:00:00,R202,Arterial,1200,40.725,-73.985,731,30,Rainy,14.4,14.4,0,60.92,76.42
2026-08-29 13:00:00,R202,Arterial,1200,40.725,-73.985,779,28,Rainy,14.4,14.4,0,64.92,60.92
2026-08-29 14:00:00,R202,Arterial,1200,40.725,-73.985,734,30,Rainy,14.4,14.4,0,61.17,64.92
2026-08-29 15:00:00,R202,Arterial,1200,40.725,-73.985,729,30,Rainy,14.4,14.4,0,60.75,61.17
2026-08-29 16:00:00,R202,Arterial,1200,40.725,-73.985,781,8,Rainy,14.4,14.4,1,65.08,60.75
2026-08-29 17:00:00,R202,Arterial,1200,40.725,-73.985,825,26,Rainy,14.4,14.4,0,68.75,65.08
2026-08-29 18:00:00,R202,Arterial,1200,40.725,-73.985,640,33,Rainy,14.4,14.4,0,53.33,68.75
2026-08-29 19:00:00,R202,Arterial,1200,40.725,-73.985,819,27,Rainy,14.4,14.4,0,68.25,53.33
2026-08-29 20:00:00,R202,Arterial,1200,40.725,-73.985,802,27,Rainy,14.4,14.4,0,66.83,68.25
2026-08-29 21:00:00,R202,Arterial,1200,40.725,-73.985,265,48,Rainy,14.4,14.4,0,22.08,66.83
2026-08-29 22:00:00,R202,Arterial,1200,40.725,-73.985,248,48,Rainy,14.4,14.4,0,20.67,22.08
2026-08-29 23:00:00,R202,Arterial,1200,40.725,-73.985,218,48,Rainy,14.4,14.4,0,18.17,20.67
2026-08-30 00:00:00,R202,Arterial,1200,40.725,-73.985,208,60,Clear,23.3,0.0,0,17.33,18.17
2026-08-30 01:00:00,R202,Arterial,1200,40.725,-73.985,262,60,Clear,23.3,0.0,0,21.83,17.33
2026-08-30 02:00:00,R202,Arterial,1200,40.725,-73.985,262,60,Clear,23.3,0.0,0,21.83,21.83
2026-08-30 03:00:00,R202,Arterial,1200,40.725,-73.985,228,60,Clear,23.3,0.0,0,19.0,21.83
2026-08-30 04:00:00,R202,Arterial,1200,40.725,-73.985,242,60,Clear,23.3,0.0,0,20.17,19.0
2026-08-30 05:00:00,R202,Arterial,1200,40.725,-73.985,220,60,Clear,23.3,0.0,0,18.33,20.17
2026-08-30 06:00:00,R202,Arterial,1200,40.725,-73.985,224,60,Clear,23.3,0.0,0,18.67,18.33
2026-08-30 07:00:00,R202,Arterial,1200,40.725,-73.985,257,60,Clear,23.3,0.0,0,21.42,18.67
2026-08-30 08:00:00,R202,Arterial,1200,40.725,-73.985,215,60,Clear,23.3,0.0,0,17.92,21.42
2026-08-30 09:00:00,R202,Arterial,1200,40.725,-73.985,229,60,Clear,23.3,0.0,0,19.08,17.92
2026-08-30 10:00:00,R202,Arterial,1200,40.725,-73.985,263,60,Clear,23.3,0.0,0,21.92,19.08
2026-08-30 11:00:00,R202,Arterial,1200,40.725,-73.985,934,29,Clear,23.3,0.0,0,77.83,21.92
2026-08-30 12:00:00,R202,Arterial,1200,40.725,-73.985,847,32,Clear,23.3,0.0,0,70.58,77.83
2026-08-30 13:00:00,R202,Arterial,1200,40.725,-73.985,837,33,Clear,23.3,0.0,0,69.75,70.58
2026-08-30 14:00:00,R202,Arterial,1200,40.725,-73.985,778,35,Clear,23.3,0.0,0,64.83,69.75
2026-08-30 15:00:00,R202,Arterial,1200,40.725,-73.985,801,34,Clear,23.3,0.0,0,66.75,64.83
2026-08-30 16:00:00,R202,Arterial,1200,40.725,-73.985,666,40,Clear,23.3,0.0,0,55.5,66.75
2026-08-30 17:00:00,R202,Arterial,1200,40.725,-73.985,715,38,Clear,23.3,0.0,0,59.58,55.5
2026-08-30 18:00:00,R202,Arterial,1200,40.725,-73.985,753,36,Clear,23.3,0.0,0,62.75,59.58
2026-08-30 19:00:00,R202,Arterial,1200,40.725,-73.985,815,33,Clear,23.3,0.0,0,67.92,62.75
2026-08-30 20:00:00,R202,Arterial,1200,40.725,-73.985,792,34,Clear,23.3,0.0,0,66.0,67.92
2026-08-30 21:00:00,R202,Arterial,1200,40.725,-73.985,214,60,Clear,23.3,0.0,0,17.83,66.0
2026-08-30 22:00:00,R202,Arterial,1200,40.725,-73.985,208,60,Clear,23.3,0.0,0,17.33,17.83
2026-08-30 23:00:00,R202,Arterial,1200,40.725,-73.985,233,60,Clear,23.3,0.0,0,19.42,17.33
2026-08-31 00:00:00,R202,Arterial,1200,40.725,-73.985,214,60,Cloudy,24.8,0.0,0,17.83,19.42
2026-08-31 01:00:00,R202,Arterial,1200,40.725,-73.985,241,60,Cloudy,24.8,0.0,0,20.08,17.83
2026-08-31 02:00:00,R202,Arterial,1200,40.725,-73.985,249,60,Cloudy,24.8,0.0,0,20.75,20.08
2026-08-31 03:00:00,R202,Arterial,1200,40.725,-73.985,205,60,Cloudy,24.8,0.0,0,17.08,20.75
2026-08-31 04:00:00,R202,Arterial,1200,40.725,-73.985,233,60,Cloudy,24.8,0.0,0,19.42,17.08
2026-08-31 05:00:00,R202,Arterial,1200,40.725,-73.985,247,60,Cloudy,24.8,0.0,0,20.58,19.42
2026-08-31 06:00:00,R202,Arterial,1200,40.725,-73.985,209,60,Cloudy,24.8,0.0,0,17.42,20.58
2026-08-31 07:00:00,R202,Arterial,1200,40.725,-73.985,1007,26,Cloudy,24.8,0.0,0,83.92,17.42
2026-08-31 08:00:00,R202,Arterial,1200,40.725,-73.985,1113,23,Cloudy,24.8,0.0,0,92.75,83.92
2026-08-31 09:00:00,R202,Arterial,1200,40.725,-73.985,931,29,Cloudy,24.8,0.0,0,77.58,92.75
2026-08-31 10:00:00,R202,Arterial,1200,40.725,-73.985,825,33,Cloudy,24.8,0.0,0,68.75,77.58
2026-08-31 11:00:00,R202,Arterial,1200,40.725,-73.985,762,36,Cloudy,24.8,0.0,0,63.5,68.75
2026-08-31 12:00:00,R202,Arterial,1200,40.725,-73.985,801,34,Cloudy,24.8,0.0,0,66.75,63.5
2026-08-31 13:00:00,R202,Arterial,1200,40.725,-73.985,757,36,Cloudy,24.8,0.0,0,63.08,66.75
2026-08-31 14:00:00,R202,Arterial,1200,40.725,-73.985,816,33,Cloudy,24.8,0.0,0,68.0,63.08
2026-08-31 15:00:00,R202,Arterial,1200,40.725,-73.985,678,40,Cloudy,24.8,0.0,0,56.5,68.0
2026-08-31 16:00:00,R202,Arterial,1200,40.725,-73.985,993,27,Cloudy,24.8,0.0,0,82.75,56.5
2026-08-31 17:00:00,R202,Arterial,1200,40.725,-73.985,1101,23,Cloudy,24.8,0.0,0,91.75,82.75
2026-08-31 18:00:00,R202,Arterial,1200,40.725,-73.985,1214,20,Cloudy,24.8,0.0,0,101.17,91.75
2026-08-31 19:00:00,R202,Arterial,1200,40.725,-73.985,975,27,Cloudy,24.8,0.0,0,81.25,101.17
2026-08-31 20:00:00,R202,Arterial,1200,40.725,-73.985,238,60,Cloudy,24.8,0.0,0,19.83,81.25
2026-08-31 21:00:00,R202,Arterial,1200,40.725,-73.985,249,60,Cloudy,24.8,0.0,0,20.75,19.83
2026-08-31 22:00:00,R202,Arterial,1200,40.725,-73.985,251,60,Cloudy,24.8,0.0,0,20.92,20.75
2026-08-31 23:00:00,R202,Arterial,1200,40.725,-73.985,272,18,Cloudy,24.8,0.0,1,22.67,20.92
2026-09-01 00:00:00,R202,Arterial,1200,40.725,-73.985,218,60,Clear,27.0,0.0,0,18.17,22.67
2026-09-01 01:00:00,R202,Arterial,1200,40.725,-73.985,223,60,Clear,27.0,0.0,0,18.58,18.17
2026-09-01 02:00:00,R202,Arterial,1200,40.725,-73.985,230,60,Clear,27.0,0.0,0,19.17,18.58
2026-09-01 03:00:00,R202,Arterial,1200,40.725,-73.985,255,60,Clear,27.0,0.0,0,21.25,19.17
2026-09-01 04:00:00,R202,Arterial,1200,40.725,-73.985,224,60,Clear,27.0,0.0,0,18.67,21.25
2026-09-01 05:00:00,R202,Arterial,1200,40.725,-73.985,262,60,Clear,27.0,0.0,0,21.83,18.67
2026-09-01 06:00:00,R202,Arterial,1200,40.725,-73.985,249,60,Clear,27.0,0.0,0,20.75,21.83
2026-09-01 07:00:00,R202,Arterial,1200,40.725,-73.985,1177,21,Clear,27.0,0.0,0,98.08,20.75
2026-09-01 08:00:00,R202,Arterial,1200,40.725,-73.985,1182,21,Clear,27.0,0.0,0,98.5,98.08
2026-09-01 09:00:00,R202,Arterial,1200,40.725,-73.985,961,28,Clear,27.0,0.0,0,80.08,98.5
2026-09-01 10:00:00,R202,Arterial,1200,40.725,-73.985,685,39,Clear,27.0,0.0,0,57.08,80.08
2026-09-01 11:00:00,R202,Arterial,1200,40.725,-73.985,734,37,Clear,27.0,0.0,0,61.17,57.08
2026-09-01 12:00:00,R202,Arterial,1200,40.725,-73.985,639,42,Clear,27.0,0.0,0,53.25,61.17
2026-09-01 13:00:00,R202,Arterial,1200,40.725,-73.985,712,38,Clear,27.0,0.0,0,59.33,53.25
2026-09-01 14:00:00,R202,Arterial,1200,40.725,-73.985,620,43,Clear,27.0,0.0,0,51.67,59.33
2026-09-01 15:00:00,R202,Arterial,1200,40.725,-73.985,753,36,Clear,27.0,0.0,0,62.75,51.67
2026-09-01 16:00:00,R202,Arterial,1200,40.725,-73.985,1156,22,Clear,27.0,0.0,0,96.33,62.75
2026-09-01 17:00:00,R202,Arterial,1200,40.725,-73.985,999,26,Clear,27.0,0.0,0,83.25,96.33
2026-09-01 18:00:00,R202,Arterial,1200,40.725,-73.985,1215,20,Clear,27.0,0.0,0,101.25,83.25
2026-09-01 19:00:00,R202,Arterial,1200,40.725,-73.985,1254,19,Clear,27.0,0.0,0,104.5,101.25
2026-09-01 20:00:00,R202,Arterial,1200,40.725,-73.985,232,60,Clear,27.0,0.0,0,19.33,104.5
2026-09-01 21:00:00,R202,Arterial,1200,40.725,-73.985,217,60,Clear,27.0,0.0,0,18.08,19.33
2026-09-01 22:00:00,R202,Arterial,1200,40.725,-73.985,262,60,Clear,27.0,0.0,0,21.83,18.08
2026-09-01 23:00:00,R202,Arterial,1200,40.725,-73.985,220,60,Clear,27.0,0.0,0,18.33,21.83
2026-09-02 00:00:00,R202,Arterial,1200,40.725,-73.985,226,48,Rainy,15.9,8.4,0,18.83,18.33
2026-09-02 01:00:00,R202,Arterial,1200,40.725,-73.985,261,48,Rainy,15.9,8.4,0,21.75,18.83
2026-09-02 02:00:00,R202,Arterial,1200,40.725,-73.985,264,48,Rainy,15.9,8.4,0,22.0,21.75
2026-09-02 03:00:00,R202,Arterial,1200,40.725,-73.985,268,48,Rainy,15.9,8.4,0,22.33,22.0
2026-09-02 04:00:00,R202,Arterial,1200,40.725,-73.985,262,48,Rainy,15.9,8.4,0,21.83,22.33
2026-09-02 05:00:00,R202,Arterial,1200,40.725,-73.985,246,48,Rainy,15.9,8.4,0,20.5,21.83
2026-09-02 06:00:00,R202,Arterial,1200,40.725,-73.985,222,48,Rainy,15.9,8.4,0,18.5,20.5
2026-09-02 07:00:00,R202,Arterial,1200,40.725,-73.985,1226,16,Rainy,15.9,8.4,0,102.17,18.5
2026-09-02 08:00:00,R202,Arterial,1200,40.725,-73.985,1080,19,Rainy,15.9,8.4,0,90.0,102.17
2026-09-02 09:00:00,R202,Arterial,1200,40.725,-73.985,1013,21,Rainy,15.9,8.4,0,84.42,90.0
2026-09-02 10:00:00,R202,Arterial,1200,40.725,-73.985,669,32,Rainy,15.9,8.4,0,55.75,84.42
2026-09-02 11:00:00,R202,Arterial,1200,40.725,-73.985,820,8,Rainy,15.9,8.4,1,68.33,55.75
2026-09-02 12:00:00,R202,Arterial,1200,40.725,-73.985,779,28,Rainy,15.9,8.4,0,64.92,68.33
2026-09-02 13:00:00,R202,Arterial,1200,40.725,-73.985,817,27,Rainy,15.9,8.4,0,68.08,64.92
2026-09-02 14:00:00,R202,Arterial,1200,40.725,-73.985,701,31,Rainy,15.9,8.4,0,58.42,68.08
2026-09-02 15:00:00,R202,Arterial,1200,40.725,-73.985,855,7,Rainy,15.9,8.4,1,71.25,58.42
2026-09-02 16:00:00,R202,Arterial,1200,40.725,-73.985,1055,20,Rainy,15.9,8.4,0,87.92,71.25
2026-09-02 17:00:00,R202,Arterial,1200,40.725,-73.985,1015,21,Rainy,15.9,8.4,0,84.58,87.92
2026-09-02 18:00:00,R202,Arterial,1200,40.725,-73.985,1244,15,Rainy,15.9,8.4,0,103.67,84.58
2026-09-02 19:00:00,R202,Arterial,1200,40.725,-73.985,1220,16,Rainy,15.9,8.4,0,101.67,103.67
2026-09-02 20:00:00,R202,Arterial,1200,40.725,-73.985,234,48,Rainy,15.9,8.4,0,19.5,101.67
2026-09-02 21:00:00,R202,Arterial,1200,40.725,-73.985,258,48,Rainy,15.9,8.4,0,21.5,19.5
2026-09-02 22:00:00,R202,Arterial,1200,40.725,-73.985,228,48,Rainy,15.9,8.4,0,19.0,21.5
2026-09-02 23:00:00,R202,Arterial,1200,40.725,-73.985,248,48,Rainy,15.9,8.4,0,20.67,19.0
2026-09-03 00:00:00,R202,Arterial,1200,40.725,-73.985,210,60,Clear,31.2,0.0,0,17.5,20.67
2026-09-03 01:00:00,R202,Arterial,1200,40.725,-73.985,218,60,Clear,31.2,0.0,0,18.17,17.5
2026-09-03 02:00:00,R202,Arterial,1200,40.725,-73.985,245,60,Clear,31.2,0.0,0,20.42,18.17
2026-09-03 03:00:00,R202,Arterial,1200,40.725,-73.985,250,60,Clear,31.2,0.0,0,20.83,20.42
2026-09-03 04:00:00,R202,Arterial,1200,40.725,-73.985,226,60,Clear,31.2,0.0,0,18.83,20.83
2026-09-03 05:00:00,R202,Arterial,1200,40.725,-73.985,235,60,Clear,31.2,0.0,0,19.58,18.83
2026-09-03 06:00:00,R202,Arterial,1200,40.725,-73.985,273,60,Clear,31.2,0.0,0,22.75,19.58
2026-09-03 07:00:00,R202,Arterial,1200,40.725,-73.985,1071,24,Clear,31.2,0.0,0,89.25,22.75
2026-09-03 08:00:00,R202,Arterial,1200,40.725,-73.985,1131,22,Clear,31.2,0.0,0,94.25,89.25
2026-09-03 09:00:00,R202,Arterial,1200,40.725,-73.985,975,27,Clear,31.2,0.0,0,81.25,94.25
2026-09-03 10:00:00,R202,Arterial,1200,40.725,-73.985,658,41,Clear,31.2,0.0,0,54.83,81.25
2026-09-03 11:00:00,R202,Arterial,1200,40.725,-73.985,755,36,Clear,31.2,0.0,0,62.92,54.83
2026-09-03 12:00:00,R202,Arterial,1200,40.725,-73.985,643,42,Clear,31.2,0.0,0,53.58,62.92
2026-09-03 13:00:00,R202,Arterial,1200,40.725,-73.985,715,38,Clear,31.2,0.0,0,59.58,53.58
2026-09-03 14:00:00,R202,Arterial,1200,40.725,-73.985,698,39,Clear,31.2,0.0,0,58.17,59.58
2026-09-03 15:00:00,R202,Arterial,1200,40.725,-73.985,797,34,Clear,31.2,0.0,0,66.42,58.17
2026-09-03 16:00:00,R202,Arterial,1200,40.725,-73.985,1267,19,Clear,31.2,0.0,0,105.58,66.42
2026-09-03 17:00:00,R202,Arterial,1200,40.725,-73.985,1182,6,Clear,31.2,0.0,1,98.5,105.58
2026-09-03 18:00:00,R202,Arterial,1200,40.725,-73.985,1255,19,Clear,31.2,0.0,0,104.58,98.5
2026-09-03 19:00:00,R202,Arterial,1200,40.725,-73.985,1294,18,Clear,31.2,0.0,0,107.83,104.58
2026-09-03 20:00:00,R202,Arterial,1200,40.725,-73.985,231,60,Clear,31.2,0.0,0,19.25,107.83
2026-09-03 21:00:00,R202,Arterial,1200,40.725,-73.985,224,60,Clear,31.2,0.0,0,18.67,19.25
2026-09-03 22:00:00,R202,Arterial,1200,40.725,-73.985,266,60,Clear,31.2,0.0,0,22.17,18.67
2026-09-03 23:00:00,R202,Arterial,1200,40.725,-73.985,231,60,Clear,31.2,0.0,0,19.25,22.17
2026-09-04 00:00:00,R202,Arterial,1200,40.725,-73.985,248,60,Cloudy,18.1,0.0,0,20.67,19.25
2026-09-04 01:00:00,R202,Arterial,1200,40.725,-73.985,227,60,Cloudy,18.1,0.0,0,18.92,20.67
2026-09-04 02:00:00,R202,Arterial,1200,40.725,-73.985,218,60,Cloudy,18.1,0.0,0,18.17,18.92
2026-09-04 03:00:00,R202,Arterial,1200,40.725,-73.985,254,60,Cloudy,18.1,0.0,0,21.17,18.17
2026-09-04 04:00:00,R202,Arterial,1200,40.725,-73.985,252,60,Cloudy,18.1,0.0,0,21.0,21.17
2026-09-04 05:00:00,R202,Arterial,1200,40.725,-73.985,208,60,Cloudy,18.1,0.0,0,17.33,21.0
2026-09-04 06:00:00,R202,Arterial,1200,40.725,-73.985,221,60,Cloudy,18.1,0.0,0,18.42,17.33
2026-09-04 07:00:00,R202,Arterial,1200,40.725,-73.985,1055,25,Cloudy,18.1,0.0,0,87.92,18.42
2026-09-04 08:00:00,R202,Arterial,1200,40.725,-73.985,1206,20,Cloudy,18.1,0.0,0,100.5,87.92
2026-09-04 09:00:00,R202,Arterial,1200,40.725,-73.985,1117,23,Cloudy,18.1,0.0,0,93.08,100.5
2026-09-04 10:00:00,R202,Arterial,1200,40.725,-73.985,641,42,Cloudy,18.1,0.0,0,53.42,93.08
2026-09-04 11:00:00,R202,Arterial,1200,40.725,-73.985,691,39,Cloudy,18.1,0.0,0,57.58,53.42
2026-09-04 12:00:00,R202,Arterial,1200,40.725,-73.985,699,39,Cloudy,18.1,0.0,0,58.25,57.58
2026-09-04 13:00:00,R202,Arterial,1200,40.725,-73.985,785,35,Cloudy,18.1,0.0,0,65.42,58.25
2026-09-04 14:00:00,R202,Arterial,1200,40.725,-73.985,754,36,Cloudy,18.1,0.0,0,62.83,65.42
2026-09-04 15:00:00,R202,Arterial,1200,40.725,-73.985,825,33,Cloudy,18.1,0.0,0,68.75,62.83
2026-09-04 16:00:00,R202,Arterial,1200,40.725,-73.985,1056,25,Cloudy,18.1,0.0,0,88.0,68.75
2026-09-04 17:00:00,R202,Arterial,1200,40.725,-73.985,1232,20,Cloudy,18.1,0.0,0,102.67,88.0
2026-09-04 18:00:00,R202,Arterial,1200,40.725,-73.985,1011,26,Cloudy,18.1,0.0,0,84.25,102.67
2026-09-04 19:00:00,R202,Arterial,1200,40.725,-73.985,1145,22,Cloudy,18.1,0.0,0,95.42,84.25
2026-09-04 20:00:00,R202,Arterial,1200,40.725,-73.985,229,60,Cloudy,18.1,0.0,0,19.08,95.42
2026-09-04 21:00:00,R202,Arterial,1200,40.725,-73.985,247,60,Cloudy,18.1,0.0,0,20.58,19.08
2026-09-04 22:00:00,R202,Arterial,1200,40.725,-73.985,244,60,Cloudy,18.1,0.0,0,20.33,20.58
2026-09-04 23:00:00,R202,Arterial,1200,40.725,-73.985,270,60,Cloudy,18.1,0.0,0,22.5,20.33
2026-09-05 00:00:00,R202,Arterial,1200,40.725,-73.985,263,48,Rainy,12.7,7.8,0,21.92,22.5
2026-09-05 01:00:00,R202,Arterial,1200,40.725,-73.985,254,48,Rainy,12.7,7.8,0,21.17,21.92
2026-09-05 02:00:00,R202,Arterial,1200,40.725,-73.985,239,48,Rainy,12.7,7.8,0,19.92,21.17
2026-09-05 03:00:00,R202,Arterial,1200,40.725,-73.985,234,48,Rainy,12.7,7.8,0,19.5,19.92
2026-09-05 04:00:00,R202,Arterial,1200,40.725,-73.985,211,48,Rainy,12.7,7.8,0,17.58,19.5
2026-09-05 05:00:00,R202,Arterial,1200,40.725,-73.985,274,48,Rainy,12.7,7.8,0,22.83,17.58
2026-09-05 06:00:00,R202,Arterial,1200,40.725,-73.985,263,48,Rainy,12.7,7.8,0,21.92,22.83
2026-09-05 07:00:00,R202,Arterial,1200,40.725,-73.985,250,48,Rainy,12.7,7.8,0,20.83,21.92
2026-09-05 08:00:00,R202,Arterial,1200,40.725,-73.985,270,48,Rainy,12.7,7.8,0,22.5,20.83
2026-09-05 09:00:00,R202,Arterial,1200,40.725,-73.985,261,48,Rainy,12.7,7.8,0,21.75,22.5
2026-09-05 10:00:00,R202,Arterial,1200,40.725,-73.985,206,48,Rainy,12.7,7.8,0,17.17,21.75
2026-09-05 11:00:00,R202,Arterial,1200,40.725,-73.985,787,28,Rainy,12.7,7.8,0,65.58,17.17
2026-09-05 12:00:00,R202,Arterial,1200,40.725,-73.985,921,23,Rainy,12.7,7.8,0,76.75,65.58
2026-09-05 13:00:00,R202,Arterial,1200,40.725,-73.985,1068,5,Rainy,12.7,7.8,1,89.0,76.75
2026-09-05 14:00:00,R202,Arterial,1200,40.725,-73.985,890,24,Rainy,12.7,7.8,0,74.17,89.0
2026-09-05 15:00:00,R202,Arterial,1200,40.725,-73.985,896,24,Rainy,12.7,7.8,0,74.67,74.17
2026-09-05 16:00:00,R202,Arterial,1200,40.725,-73.985,976,6,Rainy,12.7,7.8,1,81.33,74.67
2026-09-05 17:00:00,R202,Arterial,1200,40.725,-73.985,737,29,Rainy,12.7,7.8,0,61.42,81.33
2026-09-05 18:00:00,R202,Arterial,1200,40.725,-73.985,743,29,Rainy,12.7,7.8,0,61.92,61.42
2026-09-05 19:00:00,R202,Arterial,1200,40.725,-73.985,984,6,Rainy,12.7,7.8,1,82.0,61.92
2026-09-05 20:00:00,R202,Arterial,1200,40.725,-73.985,806,27,Rainy,12.7,7.8,0,67.17,82.0
2026-09-05 21:00:00,R202,Arterial,1200,40.725,-73.985,232,48,Rainy,12.7,7.8,0,19.33,67.17
2026-09-05 22:00:00,R202,Arterial,1200,40.725,-73.985,223,48,Rainy,12.7,7.8,0,18.58,19.33
2026-09-05 23:00:00,R202,Arterial,1200,40.725,-73.985,224,48,Rainy,12.7,7.8,0,18.67,18.58
2026-09-06 00:00:00,R202,Arterial,1200,40.725,-73.985,213,60,Cloudy,16.1,0.0,0,17.75,18.67
2026-09-06 01:00:00,R202,Arterial,1200,40.725,-73.985,228,60,Cloudy,16.1,0.0,0,19.0,17.75
2026-09-06 02:00:00,R202,Arterial,1200,40.725,-73.985,235,60,Cloudy,16.1,0.0,0,19.58,19.0
2026-09-06 03:00:00,R202,Arterial,1200,40.725,-73.985,223,60,Cloudy,16.1,0.0,0,18.58,19.58
2026-09-06 04:00:00,R202,Arterial,1200,40.725,-73.985,243,60,Cloudy,16.1,0.0,0,20.25,18.58
2026-09-06 05:00:00,R202,Arterial,1200,40.725,-73.985,264,60,Cloudy,16.1,0.0,0,22.0,20.25
2026-09-06 06:00:00,R202,Arterial,1200,40.725,-73.985,272,60,Cloudy,16.1,0.0,0,22.67,22.0
2026-09-06 07:00:00,R202,Arterial,1200,40.725,-73.985,274,60,Cloudy,16.1,0.0,0,22.83,22.67
2026-09-06 08:00:00,R202,Arterial,1200,40.725,-73.985,252,60,Cloudy,16.1,0.0,0,21.0,22.83
2026-09-06 09:00:00,R202,Arterial,1200,40.725,-73.985,264,60,Cloudy,16.1,0.0,0,22.0,21.0
2026-09-06 10:00:00,R202,Arterial,1200,40.725,-73.985,206,60,Cloudy,16.1,0.0,0,17.17,22.0
2026-09-06 11:00:00,R202,Arterial,1200,40.725,-73.985,871,31,Cloudy,16.1,0.0,0,72.58,17.17
2026-09-06 12:00:00,R202,Arterial,1200,40.725,-73.985,848,32,Cloudy,16.1,0.0,0,70.67,72.58
2026-09-06 13:00:00,R202,Arterial,1200,40.725,-73.985,842,32,Cloudy,16.1,0.0,0,70.17,70.67
2026-09-06 14:00:00,R202,Arterial,1200,40.725,-73.985,883,31,Cloudy,16.1,0.0,0,73.58,70.17
2026-09-06 15:00:00,R202,Arterial,1200,40.725,-73.985,809,34,Cloudy,16.1,0.0,0,67.42,73.58
2026-09-06 16:00:00,R202,Arterial,1200,40.725,-73.985,767,36,Cloudy,16.1,0.0,0,63.92,67.42
2026-09-06 17:00:00,R202,Arterial,1200,40.725,-73.985,612,43,Cloudy,16.1,0.0,0,51.0,63.92
2026-09-06 18:00:00,R202,Arterial,1200,40.725,-73.985,631,42,Cloudy,16.1,0.0,0,52.58,51.0
2026-09-06 19:00:00,R202,Arterial,1200,40.725,-73.985,663,41,Cloudy,16.1,0.0,0,55.25,52.58
2026-09-06 20:00:00,R202,Arterial,1200,40.725,-73.985,733,37,Cloudy,16.1,0.0,0,61.08,55.25
2026-09-06 21:00:00,R202,Arterial,1200,40.725,-73.985,265,60,Cloudy,16.1,0.0,0,22.08,61.08
2026-09-06 22:00:00,R202,Arterial,1200,40.725,-73.985,274,60,Cloudy,16.1,0.0,0,22.83,22.08
2026-09-06 23:00:00,R202,Arterial,1200,40.725,-73.985,244,60,Cloudy,16.1,0.0,0,20.33,22.83
2026-09-07 00:00:00,R202,Arterial,1200,40.725,-73.985,238,60,Clear,33.7,0.0,0,19.83,20.33
2026-09-07 01:00:00,R202,Arterial,1200,40.725,-73.985,241,60,Clear,33.7,0.0,0,20.08,19.83
2026-09-07 02:00:00,R202,Arterial,1200,40.725,-73.985,271,60,Clear,33.7,0.0,0,22.58,20.08
2026-09-07 03:00:00,R202,Arterial,1200,40.725,-73.985,260,60,Clear,33.7,0.0,0,21.67,22.58
2026-09-07 04:00:00,R202,Arterial,1200,40.725,-73.985,240,60,Clear,33.7,0.0,0,20.0,21.67
2026-09-07 05:00:00,R202,Arterial,1200,40.725,-73.985,263,60,Clear,33.7,0.0,0,21.92,20.0
2026-09-07 06:00:00,R202,Arterial,1200,40.725,-73.985,268,60,Clear,33.7,0.0,0,22.33,21.92
2026-09-07 07:00:00,R202,Arterial,1200,40.725,-73.985,953,28,Clear,33.7,0.0,0,79.42,22.33
2026-09-07 08:00:00,R202,Arterial,1200,40.725,-73.985,1061,24,Clear,33.7,0.0,0,88.42,79.42
2026-09-07 09:00:00,R202,Arterial,1200,40.725,-73.985,1064,24,Clear,33.7,0.0,0,88.67,88.42
2026-09-07 10:00:00,R202,Arterial,1200,40.725,-73.985,683,40,Clear,33.7,0.0,0,56.92,88.67
2026-09-07 11:00:00,R202,Arterial,1200,40.725,-73.985,780,35,Clear,33.7,0.0,0,65.0,56.92
2026-09-07 12:00:00,R202,Arterial,1200,40.725,-73.985,765,36,Clear,33.7,0.0,0,63.75,65.0
2026-09-07 13:00:00,R202,Arterial,1200,40.725,-73.985,692,39,Clear,33.7,0.0,0,57.67,63.75
2026-09-07 14:00:00,R202,Arterial,1200,40.725,-73.985,884,9,Clear,33.7,0.0,1,73.67,57.67
2026-09-07 15:00:00,R202,Arterial,1200,40.725,-73.985,703,39,Clear,33.7,0.0,0,58.58,73.67
2026-09-07 16:00:00,R202,Arterial,1200,40.725,-73.985,1095,23,Clear,33.7,0.0,0,91.25,58.58
2026-09-07 17:00:00,R202,Arterial,1200,40.725,-73.985,1121,23,Clear,33.7,0.0,0,93.42,91.25
2026-09-07 18:00:00,R202,Arterial,1200,40.725,-73.985,982,27,Clear,33.7,0.0,0,81.83,93.42
2026-09-07 19:00:00,R202,Arterial,1200,40.725,-73.985,999,26,Clear,33.7,0.0,0,83.25,81.83
2026-09-07 20:00:00,R202,Arterial,1200,40.725,-73.985,274,60,Clear,33.7,0.0,0,22.83,83.25
2026-09-07 21:00:00,R202,Arterial,1200,40.725,-73.985,204,60,Clear,33.7,0.0,0,17.0,22.83
2026-09-07 22:00:00,R202,Arterial,1200,40.725,-73.985,217,60,Clear,33.7,0.0,0,18.08,17.0
2026-09-07 23:00:00,R202,Arterial,1200,40.725,-73.985,213,60,Clear,33.7,0.0,0,17.75,18.08
2026-09-08 00:00:00,R202,Arterial,1200,40.725,-73.985,248,60,Clear,20.5,0.0,0,20.67,17.75
2026-09-08 01:00:00,R202,Arterial,1200,40.725,-73.985,217,60,Clear,20.5,0.0,0,18.08,20.67
2026-09-08 02:00:00,R202,Arterial,1200,40.725,-73.985,263,60,Clear,20.5,0.0,0,21.92,18.08
2026-09-08 03:00:00,R202,Arterial,1200,40.725,-73.985,270,60,Clear,20.5,0.0,0,22.5,21.92
2026-09-08 04:00:00,R202,Arterial,1200,40.725,-73.985,224,60,Clear,20.5,0.0,0,18.67,22.5
2026-09-08 05:00:00,R202,Arterial,1200,40.725,-73.985,211,60,Clear,20.5,0.0,0,17.58,18.67
2026-09-08 06:00:00,R202,Arterial,1200,40.725,-73.985,272,60,Clear,20.5,0.0,0,22.67,17.58
2026-09-08 07:00:00,R202,Arterial,1200,40.725,-73.985,1042,25,Clear,20.5,0.0,0,86.83,22.67
2026-09-08 08:00:00,R202,Arterial,1200,40.725,-73.985,1043,25,Clear,20.5,0.0,0,86.92,86.83
2026-09-08 09:00:00,R202,Arterial,1200,40.725,-73.985,998,27,Clear,20.5,0.0,0,83.17,86.92
2026-09-08 10:00:00,R202,Arterial,1200,40.725,-73.985,786,35,Clear,20.5,0.0,0,65.5,83.17
2026-09-08 11:00:00,R202,Arterial,1200,40.725,-73.985,724,38,Clear,20.5,0.0,0,60.33,65.5
2026-09-08 12:00:00,R202,Arterial,1200,40.725,-73.985,827,33,Clear,20.5,0.0,0,68.92,60.33
2026-09-08 13:00:00,R202,Arterial,1200,40.725,-73.985,631,42,Clear,20.5,0.0,0,52.58,68.92
2026-09-08 14:00:00,R202,Arterial,1200,40.725,-73.985,620,43,Clear,20.5,0.0,0,51.67,52.58
2026-09-08 15:00:00,R202,Arterial,1200,40.725,-73.985,642,42,Clear,20.5,0.0,0,53.5,51.67
2026-09-08 16:00:00,R202,Arterial,1200,40.725,-73.985,1148,22,Clear,20.5,0.0,0,95.67,53.5
2026-09-08 17:00:00,R202,Arterial,1200,40.725,-73.985,1209,20,Clear,20.5,0.0,0,100.75,95.67
2026-09-08 18:00:00,R202,Arterial,1200,40.725,-73.985,1073,24,Clear,20.5,0.0,0,89.42,100.75
2026-09-08 19:00:00,R202,Arterial,1200,40.725,-73.985,1110,23,Clear,20.5,0.0,0,92.5,89.42
2026-09-08 20:00:00,R202,Arterial,1200,40.725,-73.985,252,60,Clear,20.5,0.0,0,21.0,92.5
2026-09-08 21:00:00,R202,Arterial,1200,40.725,-73.985,227,60,Clear,20.5,0.0,0,18.92,21.0
2026-09-08 22:00:00,R202,Arterial,1200,40.725,-73.985,205,60,Clear,20.5,0.0,0,17.08,18.92
2026-09-08 23:00:00,R202,Arterial,1200,40.725,-73.985,235,60,Clear,20.5,0.0,0,19.58,17.08
2026-09-09 00:00:00,R202,Arterial,1200,40.725,-73.985,239,60,Clear,24.7,0.0,0,19.92,19.58
2026-09-09 01:00:00,R202,Arterial,1200,40.725,-73.985,247,60,Clear,24.7,0.0,0,20.58,19.92
2026-09-09 02:00:00,R202,Arterial,1200,40.725,-73.985,239,60,Clear,24.7,0.0,0,19.92,20.58
2026-09-09 03:00:00,R202,Arterial,1200,40.725,-73.985,263,60,Clear,24.7,0.0,0,21.92,19.92
2026-09-09 04:00:00,R202,Arterial,1200,40.725,-73.985,224,60,Clear,24.7,0.0,0,18.67,21.92
2026-09-09 05:00:00,R202,Arterial,1200,40.725,-73.985,265,60,Clear,24.7,0.0,0,22.08,18.67
2026-09-09 06:00:00,R202,Arterial,1200,40.725,-73.985,253,60,Clear,24.7,0.0,0,21.08,22.08
2026-09-09 07:00:00,R202,Arterial,1200,40.725,-73.985,939,29,Clear,24.7,0.0,0,78.25,21.08
2026-09-09 08:00:00,R202,Arterial,1200,40.725,-73.985,930,29,Clear,24.7,0.0,0,77.5,78.25
2026-09-09 09:00:00,R202,Arterial,1200,40.725,-73.985,1215,20,Clear,24.7,0.0,0,101.25,77.5
2026-09-09 10:00:00,R202,Arterial,1200,40.725,-73.985,774,35,Clear,24.7,0.0,0,64.5,101.25
2026-09-09 11:00:00,R202,Arterial,1200,40.725,-73.985,768,36,Clear,24.7,0.0,0,64.0,64.5
2026-09-09 12:00:00,R202,Arterial,1200,40.725,-73.985,807,34,Clear,24.7,0.0,0,67.25,64.0
2026-09-09 13:00:00,R202,Arterial,1200,40.725,-73.985,754,36,Clear,24.7,0.0,0,62.83,67.25
2026-09-09 14:00:00,R202,Arterial,1200,40.725,-73.985,826,33,Clear,24.7,0.0,0,68.83,62.83
2026-09-09 15:00:00,R202,Arterial,1200,40.725,-73.985,635,42,Clear,24.7,0.0,0,52.92,68.83
2026-09-09 16:00:00,R202,Arterial,1200,40.725,-73.985,980,27,Clear,24.7,0.0,0,81.67,52.92
2026-09-09 17:00:00,R202,Arterial,1200,40.725,-73.985,1168,21,Clear,24.7,0.0,0,97.33,81.67
2026-09-09 18:00:00,R202,Arterial,1200,40.725,-73.985,1198,21,Clear,24.7,0.0,0,99.83,97.33
2026-09-09 19:00:00,R202,Arterial,1200,40.725,-73.985,1012,26,Clear,24.7,0.0,0,84.33,99.83
2026-09-09 20:00:00,R202,Arterial,1200,40.725,-73.985,272,60,Clear,24.7,0.0,0,22.67,84.33
2026-09-09 21:00:00,R202,Arterial,1200,40.725,-73.985,221,60,Clear,24.7,0.0,0,18.42,22.67
2026-09-09 22:00:00,R202,Arterial,1200,40.725,-73.985,251,60,Clear,24.7,0.0,0,20.92,18.42
2026-09-09 23:00:00,R202,Arterial,1200,40.725,-73.985,234,60,Clear,24.7,0.0,0,19.5,20.92
2026-09-10 00:00:00,R202,Arterial,1200,40.725,-73.985,204,60,Clear,20.1,0.0,0,17.0,19.5
2026-09-10 01:00:00,R202,Arterial,1200,40.725,-73.985,231,60,Clear,20.1,0.0,0,19.25,17.0
2026-09-10 02:00:00,R202,Arterial,1200,40.725,-73.985,216,60,Clear,20.1,0.0,0,18.0,19.25
2026-09-10 03:00:00,R202,Arterial,1200,40.725,-73.985,267,60,Clear,20.1,0.0,0,22.25,18.0
2026-09-10 04:00:00,R202,Arterial,1200,40.725,-73.985,260,60,Clear,20.1,0.0,0,21.67,22.25
2026-09-10 05:00:00,R202,Arterial,1200,40.725,-73.985,272,60,Clear,20.1,0.0,0,22.67,21.67
2026-09-10 06:00:00,R202,Arterial,1200,40.725,-73.985,237,60,Clear,20.1,0.0,0,19.75,22.67
2026-09-10 07:00:00,R202,Arterial,1200,40.725,-73.985,1204,20,Clear,20.1,0.0,0,100.33,19.75
2026-09-10 08:00:00,R202,Arterial,1200,40.725,-73.985,937,29,Clear,20.1,0.0,0,78.08,100.33
2026-09-10 09:00:00,R202,Arterial,1200,40.725,-73.985,1225,20,Clear,20.1,0.0,0,102.08,78.08
2026-09-10 10:00:00,R202,Arterial,1200,40.725,-73.985,725,38,Clear,20.1,0.0,0,60.42,102.08
2026-09-10 11:00:00,R202,Arterial,1200,40.725,-73.985,637,42,Clear,20.1,0.0,0,53.08,60.42
2026-09-10 12:00:00,R202,Arterial,1200,40.725,-73.985,642,42,Clear,20.1,0.0,0,53.5,53.08
2026-09-10 13:00:00,R202,Arterial,1200,40.725,-73.985,703,39,Clear,20.1,0.0,0,58.58,53.5
2026-09-10 14:00:00,R202,Arterial,1200,40.725,-73.985,628,42,Clear,20.1,0.0,0,52.33,58.58
2026-09-10 15:00:00,R202,Arterial,1200,40.725,-73.985,752,36,Clear,20.1,0.0,0,62.67,52.33
2026-09-10 16:00:00,R202,Arterial,1200,40.725,-73.985,1001,26,Clear,20.1,0.0,0,83.42,62.67
2026-09-10 17:00:00,R202,Arterial,1200,40.725,-73.985,1138,22,Clear,20.1,0.0,0,94.83,83.42
2026-09-10 18:00:00,R202,Arterial,1200,40.725,-73.985,1294,18,Clear,20.1,0.0,0,107.83,94.83
2026-09-10 19:00:00,R202,Arterial,1200,40.725,-73.985,1054,25,Clear,20.1,0.0,0,87.83,107.83
2026-09-10 20:00:00,R202,Arterial,1200,40.725,-73.985,221,60,Clear,20.1,0.0,0,18.42,87.83
2026-09-10 21:00:00,R202,Arterial,1200,40.725,-73.985,255,60,Clear,20.1,0.0,0,21.25,18.42
2026-09-10 22:00:00,R202,Arterial,1200,40.725,-73.985,208,60,Clear,20.1,0.0,0,17.33,21.25
2026-09-10 23:00:00,R202,Arterial,1200,40.725,-73.985,214,60,Clear,20.1,0.0,0,17.83,17.33
2026-09-11 00:00:00,R202,Arterial,1200,40.725,-73.985,245,60,Clear,22.1,0.0,0,20.42,17.83
2026-09-11 01:00:00,R202,Arterial,1200,40.725,-73.985,265,60,Clear,22.1,0.0,0,22.08,20.42
2026-09-11 02:00:00,R202,Arterial,1200,40.725,-73.985,248,60,Clear,22.1,0.0,0,20.67,22.08
2026-09-11 03:00:00,R202,Arterial,1200,40.725,-73.985,268,60,Clear,22.1,0.0,0,22.33,20.67
2026-09-11 04:00:00,R202,Arterial,1200,40.725,-73.985,248,60,Clear,22.1,0.0,0,20.67,22.33
2026-09-11 05:00:00,R202,Arterial,1200,40.725,-73.985,271,60,Clear,22.1,0.0,0,22.58,20.67
2026-09-11 06:00:00,R202,Arterial,1200,40.725,-73.985,220,60,Clear,22.1,0.0,0,18.33,22.58
2026-09-11 07:00:00,R202,Arterial,1200,40.725,-73.985,1237,20,Clear,22.1,0.0,0,103.08,18.33
2026-09-11 08:00:00,R202,Arterial,1200,40.725,-73.985,1203,6,Clear,22.1,0.0,1,100.25,103.08
2026-09-11 09:00:00,R202,Arterial,1200,40.725,-73.985,1057,25,Clear,22.1,0.0,0,88.08,100.25
2026-09-11 10:00:00,R202,Arterial,1200,40.725,-73.985,648,41,Clear,22.1,0.0,0,54.0,88.08
2026-09-11 11:00:00,R202,Arterial,1200,40.725,-73.985,708,38,Clear,22.1,0.0,0,59.0,54.0
2026-09-11 12:00:00,R202,Arterial,1200,40.725,-73.985,805,34,Clear,22.1,0.0,0,67.08,59.0
2026-09-11 13:00:00,R202,Arterial,1200,40.725,-73.985,779,35,Clear,22.1,0.0,0,64.92,67.08
2026-09-11 14:00:00,R202,Arterial,1200,40.725,-73.985,722,38,Clear,22.1,0.0,0,60.17,64.92
2026-09-11 15:00:00,R202,Arterial,1200,40.725,-73.985,644,42,Clear,22.1,0.0,0,53.67,60.17
2026-09-11 16:00:00,R202,Arterial,1200,40.725,-73.985,1210,20,Clear,22.1,0.0,0,100.83,53.67
2026-09-11 17:00:00,R202,Arterial,1200,40.725,-73.985,995,27,Clear,22.1,0.0,0,82.92,100.83
2026-09-11 18:00:00,R202,Arterial,1200,40.725,-73.985,1088,24,Clear,22.1,0.0,0,90.67,82.92
2026-09-11 19:00:00,R202,Arterial,1200,40.725,-73.985,1201,20,Clear,22.1,0.0,0,100.08,90.67
2026-09-11 20:00:00,R202,Arterial,1200,40.725,-73.985,264,18,Clear,22.1,0.0,1,22.0,100.08
2026-09-11 21:00:00,R202,Arterial,1200,40.725,-73.985,228,60,Clear,22.1,0.0,0,19.0,22.0
2026-09-11 22:00:00,R202,Arterial,1200,40.725,-73.985,243,60,Clear,22.1,0.0,0,20.25,19.0
2026-09-11 23:00:00,R202,Arterial,1200,40.725,-73.985,275,60,Clear,22.1,0.0,0,22.92,20.25
2026-09-12 00:00:00,R202,Arterial,1200,40.725,-73.985,234,60,Cloudy,24.4,0.0,0,19.5,22.92
2026-09-12 01:00:00,R202,Arterial,1200,40.725,-73.985,260,60,Cloudy,24.4,0.0,0,21.67,19.5
2026-09-12 02:00:00,R202,Arterial,1200,40.725,-73.985,275,60,Cloudy,24.4,0.0,0,22.92,21.67
2026-09-12 03:00:00,R202,Arterial,1200,40.725,-73.985,322,18,Cloudy,24.4,0.0,1,26.83,22.92
2026-09-12 04:00:00,R202,Arterial,1200,40.725,-73.985,270,60,Cloudy,24.4,0.0,0,22.5,26.83
2026-09-12 05:00:00,R202,Arterial,1200,40.725,-73.985,274,60,Cloudy,24.4,0.0,0,22.83,22.5
2026-09-12 06:00:00,R202,Arterial,1200,40.725,-73.985,218,60,Cloudy,24.4,0.0,0,18.17,22.83
2026-09-12 07:00:00,R202,Arterial,1200,40.725,-73.985,268,60,Cloudy,24.4,0.0,0,22.33,18.17
2026-09-12 08:00:00,R202,Arterial,1200,40.725,-73.985,206,60,Cloudy,24.4,0.0,0,17.17,22.33
2026-09-12 09:00:00,R202,Arterial,1200,40.725,-73.985,204,60,Cloudy,24.4,0.0,0,17.0,17.17
2026-09-12 10:00:00,R202,Arterial,1200,40.725,-73.985,259,60,Cloudy,24.4,0.0,0,21.58,17.0
2026-09-12 11:00:00,R202,Arterial,1200,40.725,-73.985,878,31,Cloudy,24.4,0.0,0,73.17,21.58
2026-09-12 12:00:00,R202,Arterial,1200,40.725,-73.985,901,30,Cloudy,24.4,0.0,0,75.08,73.17
2026-09-12 13:00:00,R202,Arterial,1200,40.725,-73.985,876,31,Cloudy,24.4,0.0,0,73.0,75.08
2026-09-12 14:00:00,R202,Arterial,1200,40.725,-73.985,909,30,Cloudy,24.4,0.0,0,75.75,73.0
2026-09-12 15:00:00,R202,Arterial,1200,40.725,-73.985,872,31,Cloudy,24.4,0.0,0,72.67,75.75
2026-09-12 16:00:00,R202,Arterial,1200,40.725,-73.985,664,41,Cloudy,24.4,0.0,0,55.33,72.67
2026-09-12 17:00:00,R202,Arterial,1200,40.725,-73.985,713,38,Cloudy,24.4,0.0,0,59.42,55.33
2026-09-12 18:00:00,R202,Arterial,1200,40.725,-73.985,735,37,Cloudy,24.4,0.0,0,61.25,59.42
2026-09-12 19:00:00,R202,Arterial,1200,40.725,-73.985,687,39,Cloudy,24.4,0.0,0,57.25,61.25
2026-09-12 20:00:00,R202,Arterial,1200,40.725,-73.985,689,39,Cloudy,24.4,0.0,0,57.42,57.25
2026-09-12 21:00:00,R202,Arterial,1200,40.725,-73.985,248,60,Cloudy,24.4,0.0,0,20.67,57.42
2026-09-12 22:00:00,R202,Arterial,1200,40.725,-73.985,232,60,Cloudy,24.4,0.0,0,19.33,20.67
2026-09-12 23:00:00,R202,Arterial,1200,40.725,-73.985,273,60,Cloudy,24.4,0.0,0,22.75,19.33
2026-09-13 00:00:00,R202,Arterial,1200,40.725,-73.985,211,60,Cloudy,17.0,0.0,0,17.58,22.75
2026-09-13 01:00:00,R202,Arterial,1200,40.725,-73.985,218,60,Cloudy,17.0,0.0,0,18.17,17.58
2026-09-13 02:00:00,R202,Arterial,1200,40.725,-73.985,231,60,Cloudy,17.0,0.0,0,19.25,18.17
2026-09-13 03:00:00,R202,Arterial,1200,40.725,-73.985,206,60,Cloudy,17.0,0.0,0,17.17,19.25
2026-09-13 04:00:00,R202,Arterial,1200,40.725,-73.985,205,60,Cloudy,17.0,0.0,0,17.08,17.17
2026-09-13 05:00:00,R202,Arterial,1200,40.725,-73.985,229,60,Cloudy,17.0,0.0,0,19.08,17.08
2026-09-13 06:00:00,R202,Arterial,1200,40.725,-73.985,244,60,Cloudy,17.0,0.0,0,20.33,19.08
2026-09-13 07:00:00,R202,Arterial,1200,40.725,-73.985,233,60,Cloudy,17.0,0.0,0,19.42,20.33
2026-09-13 08:00:00,R202,Arterial,1200,40.725,-73.985,228,60,Cloudy,17.0,0.0,0,19.0,19.42
2026-09-13 09:00:00,R202,Arterial,1200,40.725,-73.985,267,60,Cloudy,17.0,0.0,0,22.25,19.0
2026-09-13 10:00:00,R202,Arterial,1200,40.725,-73.985,266,60,Cloudy,17.0,0.0,0,22.17,22.25
2026-09-13 11:00:00,R202,Arterial,1200,40.725,-73.985,722,38,Cloudy,17.0,0.0,0,60.17,22.17
2026-09-13 12:00:00,R202,Arterial,1200,40.725,-73.985,856,32,Cloudy,17.0,0.0,0,71.33,60.17
2026-09-13 13:00:00,R202,Arterial,1200,40.725,-73.985,748,36,Cloudy,17.0,0.0,0,62.33,71.33
2026-09-13 14:00:00,R202,Arterial,1200,40.725,-73.985,872,31,Cloudy,17.0,0.0,0,72.67,62.33
2026-09-13 15:00:00,R202,Arterial,1200,40.725,-73.985,748,36,Cloudy,17.0,0.0,0,62.33,72.67
2026-09-13 16:00:00,R202,Arterial,1200,40.725,-73.985,745,37,Cloudy,17.0,0.0,0,62.08,62.33
2026-09-13 17:00:00,R202,Arterial,1200,40.725,-73.985,716,38,Cloudy,17.0,0.0,0,59.67,62.08
2026-09-13 18:00:00,R202,Arterial,1200,40.725,-73.985,753,36,Cloudy,17.0,0.0,0,62.75,59.67
2026-09-13 19:00:00,R202,Arterial,1200,40.725,-73.985,793,34,Cloudy,17.0,0.0,0,66.08,62.75
2026-09-13 20:00:00,R202,Arterial,1200,40.725,-73.985,632,42,Cloudy,17.0,0.0,0,52.67,66.08
2026-09-13 21:00:00,R202,Arterial,1200,40.725,-73.985,259,60,Cloudy,17.0,0.0,0,21.58,52.67
2026-09-13 22:00:00,R202,Arterial,1200,40.725,-73.985,267,60,Cloudy,17.0,0.0,0,22.25,21.58
2026-09-13 23:00:00,R202,Arterial,1200,40.725,-73.985,274,60,Cloudy,17.0,0.0,0,22.83,22.25
2026-09-14 00:00:00,R202,Arterial,1200,40.725,-73.985,226,60,Clear,22.4,0.0,0,18.83,22.83
2026-09-14 01:00:00,R202,Arterial,1200,40.725,-73.985,247,60,Clear,22.4,0.0,0,20.58,18.83
2026-09-14 02:00:00,R202,Arterial,1200,40.725,-73.985,221,60,Clear,22.4,0.0,0,18.42,20.58
2026-09-14 03:00:00,R202,Arterial,1200,40.725,-73.985,250,60,Clear,22.4,0.0,0,20.83,18.42
2026-09-14 04:00:00,R202,Arterial,1200,40.725,-73.985,259,60,Clear,22.4,0.0,0,21.58,20.83
2026-09-14 05:00:00,R202,Arterial,1200,40.725,-73.985,223,60,Clear,22.4,0.0,0,18.58,21.58
2026-09-14 06:00:00,R202,Arterial,1200,40.725,-73.985,212,60,Clear,22.4,0.0,0,17.67,18.58
2026-09-14 07:00:00,R202,Arterial,1200,40.725,-73.985,1076,24,Clear,22.4,0.0,0,89.67,17.67
2026-09-14 08:00:00,R202,Arterial,1200,40.725,-73.985,1162,22,Clear,22.4,0.0,0,96.83,89.67
2026-09-14 09:00:00,R202,Arterial,1200,40.725,-73.985,997,27,Clear,22.4,0.0,0,83.08,96.83
2026-09-14 10:00:00,R202,Arterial,1200,40.725,-73.985,824,33,Clear,22.4,0.0,0,68.67,83.08
2026-09-14 11:00:00,R202,Arterial,1200,40.725,-73.985,801,34,Clear,22.4,0.0,0,66.75,68.67
2026-09-14 12:00:00,R202,Arterial,1200,40.725,-73.985,727,37,Clear,22.4,0.0,0,60.58,66.75
2026-09-14 13:00:00,R202,Arterial,1200,40.725,-73.985,716,38,Clear,22.4,0.0,0,59.67,60.58
2026-09-14 14:00:00,R202,Arterial,1200,40.725,-73.985,787,35,Clear,22.4,0.0,0,65.58,59.67
2026-09-14 15:00:00,R202,Arterial,1200,40.725,-73.985,813,34,Clear,22.4,0.0,0,67.75,65.58
2026-09-14 16:00:00,R202,Arterial,1200,40.725,-73.985,1014,26,Clear,22.4,0.0,0,84.5,67.75
2026-09-14 17:00:00,R202,Arterial,1200,40.725,-73.985,1012,26,Clear,22.4,0.0,0,84.33,84.5
2026-09-14 18:00:00,R202,Arterial,1200,40.725,-73.985,1258,19,Clear,22.4,0.0,0,104.83,84.33
2026-09-14 19:00:00,R202,Arterial,1200,40.725,-73.985,1073,24,Clear,22.4,0.0,0,89.42,104.83
2026-09-14 20:00:00,R202,Arterial,1200,40.725,-73.985,207,60,Clear,22.4,0.0,0,17.25,89.42
2026-09-14 21:00:00,R202,Arterial,1200,40.725,-73.985,236,60,Clear,22.4,0.0,0,19.67,17.25
2026-09-14 22:00:00,R202,Arterial,1200,40.725,-73.985,251,60,Clear,22.4,0.0,0,20.92,19.67
2026-09-14 23:00:00,R202,Arterial,1200,40.725,-73.985,246,60,Clear,22.4,0.0,0,20.5,20.92
2026-09-15 00:00:00,R202,Arterial,1200,40.725,-73.985,261,60,Clear,23.4,0.0,0,21.75,20.5
2026-09-15 01:00:00,R202,Arterial,1200,40.725,-73.985,247,60,Clear,23.4,0.0,0,20.58,21.75
2026-09-15 02:00:00,R202,Arterial,1200,40.725,-73.985,259,60,Clear,23.4,0.0,0,21.58,20.58
2026-09-15 03:00:00,R202,Arterial,1200,40.725,-73.985,252,60,Clear,23.4,0.0,0,21.0,21.58
2026-09-15 04:00:00,R202,Arterial,1200,40.725,-73.985,239,60,Clear,23.4,0.0,0,19.92,21.0
2026-09-15 05:00:00,R202,Arterial,1200,40.725,-73.985,223,60,Clear,23.4,0.0,0,18.58,19.92
2026-09-15 06:00:00,R202,Arterial,1200,40.725,-73.985,240,60,Clear,23.4,0.0,0,20.0,18.58
2026-09-15 07:00:00,R202,Arterial,1200,40.725,-73.985,1231,20,Clear,23.4,0.0,0,102.58,20.0
2026-09-15 08:00:00,R202,Arterial,1200,40.725,-73.985,1037,25,Clear,23.4,0.0,0,86.42,102.58
2026-09-15 09:00:00,R202,Arterial,1200,40.725,-73.985,1225,20,Clear,23.4,0.0,0,102.08,86.42
2026-09-15 10:00:00,R202,Arterial,1200,40.725,-73.985,637,42,Clear,23.4,0.0,0,53.08,102.08
2026-09-15 11:00:00,R202,Arterial,1200,40.725,-73.985,810,34,Clear,23.4,0.0,0,67.5,53.08
2026-09-15 12:00:00,R202,Arterial,1200,40.725,-73.985,682,40,Clear,23.4,0.0,0,56.83,67.5
2026-09-15 13:00:00,R202,Arterial,1200,40.725,-73.985,692,39,Clear,23.4,0.0,0,57.67,56.83
2026-09-15 14:00:00,R202,Arterial,1200,40.725,-73.985,678,40,Clear,23.4,0.0,0,56.5,57.67
2026-09-15 15:00:00,R202,Arterial,1200,40.725,-73.985,814,34,Clear,23.4,0.0,0,67.83,56.5
2026-09-15 16:00:00,R202,Arterial,1200,40.725,-73.985,1026,26,Clear,23.4,0.0,0,85.5,67.83
2026-09-15 17:00:00,R202,Arterial,1200,40.725,-73.985,1275,19,Clear,23.4,0.0,0,106.25,85.5
2026-09-15 18:00:00,R202,Arterial,1200,40.725,-73.985,1116,23,Clear,23.4,0.0,0,93.0,106.25
2026-09-15 19:00:00,R202,Arterial,1200,40.725,-73.985,1164,21,Clear,23.4,0.0,0,97.0,93.0
2026-09-15 20:00:00,R202,Arterial,1200,40.725,-73.985,264,60,Clear,23.4,0.0,0,22.0,97.0
2026-09-15 21:00:00,R202,Arterial,1200,40.725,-73.985,248,60,Clear,23.4,0.0,0,20.67,22.0
2026-09-15 22:00:00,R202,Arterial,1200,40.725,-73.985,237,60,Clear,23.4,0.0,0,19.75,20.67
2026-09-15 23:00:00,R202,Arterial,1200,40.725,-73.985,262,60,Clear,23.4,0.0,0,21.83,19.75
2026-09-16 00:00:00,R202,Arterial,1200,40.725,-73.985,243,60,Clear,24.2,0.0,0,20.25,21.83
2026-09-16 01:00:00,R202,Arterial,1200,40.725,-73.985,256,60,Clear,24.2,0.0,0,21.33,20.25
2026-09-16 02:00:00,R202,Arterial,1200,40.725,-73.985,213,60,Clear,24.2,0.0,0,17.75,21.33
2026-09-16 03:00:00,R202,Arterial,1200,40.725,-73.985,229,60,Clear,24.2,0.0,0,19.08,17.75
2026-09-16 04:00:00,R202,Arterial,1200,40.725,-73.985,246,60,Clear,24.2,0.0,0,20.5,19.08
2026-09-16 05:00:00,R202,Arterial,1200,40.725,-73.985,235,60,Clear,24.2,0.0,0,19.58,20.5
2026-09-16 06:00:00,R202,Arterial,1200,40.725,-73.985,237,60,Clear,24.2,0.0,0,19.75,19.58
2026-09-16 07:00:00,R202,Arterial,1200,40.725,-73.985,1066,24,Clear,24.2,0.0,0,88.83,19.75
2026-09-16 08:00:00,R202,Arterial,1200,40.725,-73.985,986,27,Clear,24.2,0.0,0,82.17,88.83
2026-09-16 09:00:00,R202,Arterial,1200,40.725,-73.985,1074,24,Clear,24.2,0.0,0,89.5,82.17
2026-09-16 10:00:00,R202,Arterial,1200,40.725,-73.985,785,35,Clear,24.2,0.0,0,65.42,89.5
2026-09-16 11:00:00,R202,Arterial,1200,40.725,-73.985,732,37,Clear,24.2,0.0,0,61.0,65.42
2026-09-16 12:00:00,R202,Arterial,1200,40.725,-73.985,687,39,Clear,24.2,0.0,0,57.25,61.0
2026-09-16 13:00:00,R202,Arterial,1200,40.725,-73.985,678,40,Clear,24.2,0.0,0,56.5,57.25
2026-09-16 14:00:00,R202,Arterial,1200,40.725,-73.985,787,35,Clear,24.2,0.0,0,65.58,56.5
2026-09-16 15:00:00,R202,Arterial,1200,40.725,-73.985,666,40,Clear,24.2,0.0,0,55.5,65.58
2026-09-16 16:00:00,R202,Arterial,1200,40.725,-73.985,1241,19,Clear,24.2,0.0,0,103.42,55.5
2026-09-16 17:00:00,R202,Arterial,1200,40.725,-73.985,1231,20,Clear,24.2,0.0,0,102.58,103.42
2026-09-16 18:00:00,R202,Arterial,1200,40.725,-73.985,1086,24,Clear,24.2,0.0,0,90.5,102.58
2026-09-16 19:00:00,R202,Arterial,1200,40.725,-73.985,1121,23,Clear,24.2,0.0,0,93.42,90.5
2026-09-16 20:00:00,R202,Arterial,1200,40.725,-73.985,238,60,Clear,24.2,0.0,0,19.83,93.42
2026-09-16 21:00:00,R202,Arterial,1200,40.725,-73.985,264,60,Clear,24.2,0.0,0,22.0,19.83
2026-09-16 22:00:00,R202,Arterial,1200,40.725,-73.985,272,60,Clear,24.2,0.0,0,22.67,22.0
2026-09-16 23:00:00,R202,Arterial,1200,40.725,-73.985,230,60,Clear,24.2,0.0,0,19.17,22.67
2026-06-19 00:00:00,R301,Residential,400,40.73,-73.98,68,40,Clear,23.7,0.0,0,17.0,
2026-06-19 01:00:00,R301,Residential,400,40.73,-73.98,84,40,Clear,23.7,0.0,0,21.0,17.0
2026-06-19 02:00:00,R301,Residential,400,40.73,-73.98,71,40,Clear,23.7,0.0,0,17.75,21.0
2026-06-19 03:00:00,R301,Residential,400,40.73,-73.98,71,40,Clear,23.7,0.0,0,17.75,17.75
2026-06-19 04:00:00,R301,Residential,400,40.73,-73.98,74,40,Clear,23.7,0.0,0,18.5,17.75
2026-06-19 05:00:00,R301,Residential,400,40.73,-73.98,73,40,Clear,23.7,0.0,0,18.25,18.5
2026-06-19 06:00:00,R301,Residential,400,40.73,-73.98,80,40,Clear,23.7,0.0,0,20.0,18.25
2026-06-19 07:00:00,R301,Residential,400,40.73,-73.98,352,16,Clear,23.7,0.0,0,88.0,20.0
2026-06-19 08:00:00,R301,Residential,400,40.73,-73.98,403,13,Clear,23.7,0.0,0,100.75,88.0
2026-06-19 09:00:00,R301,Residential,400,40.73,-73.98,326,18,Clear,23.7,0.0,0,81.5,100.75
2026-06-19 10:00:00,R301,Residential,400,40.73,-73.98,234,26,Clear,23.7,0.0,0,58.5,81.5
2026-06-19 11:00:00,R301,Residential,400,40.73,-73.98,267,23,Clear,23.7,0.0,0,66.75,58.5
2026-06-19 12:00:00,R301,Residential,400,40.73,-73.98,259,23,Clear,23.7,0.0,0,64.75,66.75
2026-06-19 13:00:00,R301,Residential,400,40.73,-73.98,266,23,Clear,23.7,0.0,0,66.5,64.75
2026-06-19 14:00:00,R301,Residential,400,40.73,-73.98,239,25,Clear,23.7,0.0,0,59.75,66.5
2026-06-19 15:00:00,R301,Residential,400,40.73,-73.98,270,22,Clear,23.7,0.0,0,67.5,59.75
2026-06-19 16:00:00,R301,Residential,400,40.73,-73.98,345,17,Clear,23.7,0.0,0,86.25,67.5
2026-06-19 17:00:00,R301,Residential,400,40.73,-73.98,347,17,Clear,23.7,0.0,0,86.75,86.25
2026-06-19 18:00:00,R301,Residential,400,40.73,-73.98,362,16,Clear,23.7,0.0,0,90.5,86.75
2026-06-19 19:00:00,R301,Residential,400,40.73,-73.98,402,13,Clear,23.7,0.0,0,100.5,90.5
2026-06-19 20:00:00,R301,Residential,400,40.73,-73.98,75,40,Clear,23.7,0.0,0,18.75,100.5
2026-06-19 21:00:00,R301,Residential,400,40.73,-73.98,85,40,Clear,23.7,0.0,0,21.25,18.75
2026-06-19 22:00:00,R301,Residential,400,40.73,-73.98,69,40,Clear,23.7,0.0,0,17.25,21.25
2026-06-19 23:00:00,R301,Residential,400,40.73,-73.98,79,40,Clear,23.7,0.0,0,19.75,17.25
2026-06-20 00:00:00,R301,Residential,400,40.73,-73.98,81,40,Clear,30.5,0.0,0,20.25,19.75
2026-06-20 01:00:00,R301,Residential,400,40.73,-73.98,91,40,Clear,30.5,0.0,0,22.75,20.25
2026-06-20 02:00:00,R301,Residential,400,40.73,-73.98,80,40,Clear,30.5,0.0,0,20.0,22.75
2026-06-20 03:00:00,R301,Residential,400,40.73,-73.98,80,40,Clear,30.5,0.0,0,20.0,20.0
2026-06-20 04:00:00,R301,Residential,400,40.73,-73.98,85,40,Clear,30.5,0.0,0,21.25,20.0
2026-06-20 05:00:00,R301,Residential,400,40.73,-73.98,78,40,Clear,30.5,0.0,0,19.5,21.25
2026-06-20 06:00:00,R301,Residential,400,40.73,-73.98,71,40,Clear,30.5,0.0,0,17.75,19.5
2026-06-20 07:00:00,R301,Residential,400,40.73,-73.98,77,40,Clear,30.5,0.0,0,19.25,17.75
2026-06-20 08:00:00,R301,Residential,400,40.73,-73.98,88,40,Clear,30.5,0.0,0,22.0,19.25
2026-06-20 09:00:00,R301,Residential,400,40.73,-73.98,83,40,Clear,30.5,0.0,0,20.75,22.0
2026-06-20 10:00:00,R301,Residential,400,40.73,-73.98,76,40,Clear,30.5,0.0,0,19.0,20.75
2026-06-20 11:00:00,R301,Residential,400,40.73,-73.98,283,21,Clear,30.5,0.0,0,70.75,19.0
2026-06-20 12:00:00,R301,Residential,400,40.73,-73.98,275,22,Clear,30.5,0.0,0,68.75,70.75
2026-06-20 13:00:00,R301,Residential,400,40.73,-73.98,303,20,Clear,30.5,0.0,0,75.75,68.75
2026-06-20 14:00:00,R301,Residential,400,40.73,-73.98,297,20,Clear,30.5,0.0,0,74.25,75.75
2026-06-20 15:00:00,R301,Residential,400,40.73,-73.98,268,22,Clear,30.5,0.0,0,67.0,74.25
2026-06-20 16:00:00,R301,Residential,400,40.73,-73.98,225,26,Clear,30.5,0.0,0,56.25,67.0
2026-06-20 17:00:00,R301,Residential,400,40.73,-73.98,270,22,Clear,30.5,0.0,0,67.5,56.25
2026-06-20 18:00:00,R301,Residential,400,40.73,-73.98,249,24,Clear,30.5,0.0,0,62.25,67.5
2026-06-20 19:00:00,R301,Residential,400,40.73,-73.98,208,28,Clear,30.5,0.0,0,52.0,62.25
2026-06-20 20:00:00,R301,Residential,400,40.73,-73.98,245,25,Clear,30.5,0.0,0,61.25,52.0
2026-06-20 21:00:00,R301,Residential,400,40.73,-73.98,90,40,Clear,30.5,0.0,0,22.5,61.25
2026-06-20 22:00:00,R301,Residential,400,40.73,-73.98,83,40,Clear,30.5,0.0,0,20.75,22.5
2026-06-20 23:00:00,R301,Residential,400,40.73,-73.98,83,40,Clear,30.5,0.0,0,20.75,20.75
2026-06-21 00:00:00,R301,Residential,400,40.73,-73.98,75,40,Cloudy,21.5,0.0,0,18.75,20.75
2026-06-21 01:00:00,R301,Residential,400,40.73,-73.98,78,40,Cloudy,21.5,0.0,0,19.5,18.75
2026-06-21 02:00:00,R301,Residential,400,40.73,-73.98,76,40,Cloudy,21.5,0.0,0,19.0,19.5
2026-06-21 03:00:00,R301,Residential,400,40.73,-73.98,89,40,Cloudy,21.5,0.0,0,22.25,19.0
2026-06-21 04:00:00,R301,Residential,400,40.73,-73.98,87,40,Cloudy,21.5,0.0,0,21.75,22.25
2026-06-21 05:00:00,R301,Residential,400,40.73,-73.98,90,40,Cloudy,21.5,0.0,0,22.5,21.75
2026-06-21 06:00:00,R301,Residential,400,40.73,-73.98,76,40,Cloudy,21.5,0.0,0,19.0,22.5
2026-06-21 07:00:00,R301,Residential,400,40.73,-73.98,88,40,Cloudy,21.5,0.0,0,22.0,19.0
2026-06-21 08:00:00,R301,Residential,400,40.73,-73.98,82,40,Cloudy,21.5,0.0,0,20.5,22.0
2026-06-21 09:00:00,R301,Residential,400,40.73,-73.98,78,40,Cloudy,21.5,0.0,0,19.5,20.5
2026-06-21 10:00:00,R301,Residential,400,40.73,-73.98,68,40,Cloudy,21.5,0.0,0,17.0,19.5
2026-06-21 11:00:00,R301,Residential,400,40.73,-73.98,291,21,Cloudy,21.5,0.0,0,72.75,17.0
2026-06-21 12:00:00,R301,Residential,400,40.73,-73.98,283,21,Cloudy,21.5,0.0,0,70.75,72.75
2026-06-21 13:00:00,R301,Residential,400,40.73,-73.98,256,24,Cloudy,21.5,0.0,0,64.0,70.75
2026-06-21 14:00:00,R301,Residential,400,40.73,-73.98,268,22,Cloudy,21.5,0.0,0,67.0,64.0
2026-06-21 15:00:00,R301,Residential,400,40.73,-73.98,238,25,Cloudy,21.5,0.0,0,59.5,67.0
2026-06-21 16:00:00,R301,Residential,400,40.73,-73.98,225,26,Cloudy,21.5,0.0,0,56.25,59.5
2026-06-21 17:00:00,R301,Residential,400,40.73,-73.98,268,22,Cloudy,21.5,0.0,0,67.0,56.25
2026-06-21 18:00:00,R301,Residential,400,40.73,-73.98,216,27,Cloudy,21.5,0.0,0,54.0,67.0
2026-06-21 19:00:00,R301,Residential,400,40.73,-73.98,236,25,Cloudy,21.5,0.0,0,59.0,54.0
2026-06-21 20:00:00,R301,Residential,400,40.73,-73.98,247,24,Cloudy,21.5,0.0,0,61.75,59.0
2026-06-21 21:00:00,R301,Residential,400,40.73,-73.98,77,40,Cloudy,21.5,0.0,0,19.25,61.75
2026-06-21 22:00:00,R301,Residential,400,40.73,-73.98,88,40,Cloudy,21.5,0.0,0,22.0,19.25
2026-06-21 23:00:00,R301,Residential,400,40.73,-73.98,77,40,Cloudy,21.5,0.0,0,19.25,22.0
2026-06-22 00:00:00,R301,Residential,400,40.73,-73.98,68,40,Clear,33.2,0.0,0,17.0,19.25
2026-06-22 01:00:00,R301,Residential,400,40.73,-73.98,73,40,Clear,33.2,0.0,0,18.25,17.0
2026-06-22 02:00:00,R301,Residential,400,40.73,-73.98,78,40,Clear,33.2,0.0,0,19.5,18.25
2026-06-22 03:00:00,R301,Residential,400,40.73,-73.98,82,40,Clear,33.2,0.0,0,20.5,19.5
2026-06-22 04:00:00,R301,Residential,400,40.73,-73.98,72,40,Clear,33.2,0.0,0,18.0,20.5
2026-06-22 05:00:00,R301,Residential,400,40.73,-73.98,86,40,Clear,33.2,0.0,0,21.5,18.0
2026-06-22 06:00:00,R301,Residential,400,40.73,-73.98,88,40,Clear,33.2,0.0,0,22.0,21.5
2026-06-22 07:00:00,R301,Residential,400,40.73,-73.98,390,5,Clear,33.2,0.0,1,97.5,22.0
2026-06-22 08:00:00,R301,Residential,400,40.73,-73.98,313,19,Clear,33.2,0.0,0,78.25,97.5
2026-06-22 09:00:00,R301,Residential,400,40.73,-73.98,368,15,Clear,33.2,0.0,0,92.0,78.25
2026-06-22 10:00:00,R301,Residential,400,40.73,-73.98,236,25,Clear,33.2,0.0,0,59.0,92.0
2026-06-22 11:00:00,R301,Residential,400,40.73,-73.98,270,22,Clear,33.2,0.0,0,67.5,59.0
2026-06-22 12:00:00,R301,Residential,400,40.73,-73.98,254,24,Clear,33.2,0.0,0,63.5,67.5
2026-06-22 13:00:00,R301,Residential,400,40.73,-73.98,222,27,Clear,33.2,0.0,0,55.5,63.5
2026-06-22 14:00:00,R301,Residential,400,40.73,-73.98,230,26,Clear,33.2,0.0,0,57.5,55.5
2026-06-22 15:00:00,R301,Residential,400,40.73,-73.98,239,25,Clear,33.2,0.0,0,59.75,57.5
2026-06-22 16:00:00,R301,Residential,400,40.73,-73.98,361,16,Clear,33.2,0.0,0,90.25,59.75
2026-06-22 17:00:00,R301,Residential,400,40.73,-73.98,347,17,Clear,33.2,0.0,0,86.75,90.25
2026-06-22 18:00:00,R301,Residential,400,40.73,-73.98,427,12,Clear,33.2,0.0,0,106.75,86.75
2026-06-22 19:00:00,R301,Residential,400,40.73,-73.98,338,17,Clear,33.2,0.0,0,84.5,106.75
2026-06-22 20:00:00,R301,Residential,400,40.73,-73.98,87,40,Clear,33.2,0.0,0,21.75,84.5
2026-06-22 21:00:00,R301,Residential,400,40.73,-73.98,71,40,Clear,33.2,0.0,0,17.75,21.75
2026-06-22 22:00:00,R301,Residential,400,40.73,-73.98,75,40,Clear,33.2,0.0,0,18.75,17.75
2026-06-22 23:00:00,R301,Residential,400,40.73,-73.98,77,40,Clear,33.2,0.0,0,19.25,18.75
2026-06-23 00:00:00,R301,Residential,400,40.73,-73.98,83,40,Clear,22.2,0.0,0,20.75,19.25
2026-06-23 01:00:00,R301,Residential,400,40.73,-73.98,72,40,Clear,22.2,0.0,0,18.0,20.75
2026-06-23 02:00:00,R301,Residential,400,40.73,-73.98,78,40,Clear,22.2,0.0,0,19.5,18.0
2026-06-23 03:00:00,R301,Residential,400,40.73,-73.98,71,40,Clear,22.2,0.0,0,17.75,19.5
2026-06-23 04:00:00,R301,Residential,400,40.73,-73.98,77,40,Clear,22.2,0.0,0,19.25,17.75
2026-06-23 05:00:00,R301,Residential,400,40.73,-73.98,80,40,Clear,22.2,0.0,0,20.0,19.25
2026-06-23 06:00:00,R301,Residential,400,40.73,-73.98,81,40,Clear,22.2,0.0,0,20.25,20.0
2026-06-23 07:00:00,R301,Residential,400,40.73,-73.98,391,14,Clear,22.2,0.0,0,97.75,20.25
2026-06-23 08:00:00,R301,Residential,400,40.73,-73.98,330,18,Clear,22.2,0.0,0,82.5,97.75
2026-06-23 09:00:00,R301,Residential,400,40.73,-73.98,364,16,Clear,22.2,0.0,0,91.0,82.5
2026-06-23 10:00:00,R301,Residential,400,40.73,-73.98,248,24,Clear,22.2,0.0,0,62.0,91.0
2026-06-23 11:00:00,R301,Residential,400,40.73,-73.98,221,27,Clear,22.2,0.0,0,55.25,62.0
2026-06-23 12:00:00,R301,Residential,400,40.73,-73.98,262,23,Clear,22.2,0.0,0,65.5,55.25
2026-06-23 13:00:00,R301,Residential,400,40.73,-73.98,236,25,Clear,22.2,0.0,0,59.0,65.5
2026-06-23 14:00:00,R301,Residential,400,40.73,-73.98,247,24,Clear,22.2,0.0,0,61.75,59.0
2026-06-23 15:00:00,R301,Residential,400,40.73,-73.98,212,28,Clear,22.2,0.0,0,53.0,61.75
2026-06-23 16:00:00,R301,Residential,400,40.73,-73.98,395,14,Clear,22.2,0.0,0,98.75,53.0
2026-06-23 17:00:00,R301,Residential,400,40.73,-73.98,434,12,Clear,22.2,0.0,0,108.5,98.75
2026-06-23 18:00:00,R301,Residential,400,40.73,-73.98,420,12,Clear,22.2,0.0,0,105.0,108.5
2026-06-23 19:00:00,R301,Residential,400,40.73,-73.98,365,15,Clear,22.2,0.0,0,91.25,105.0
2026-06-23 20:00:00,R301,Residential,400,40.73,-73.98,80,40,Clear,22.2,0.0,0,20.0,91.25
2026-06-23 21:00:00,R301,Residential,400,40.73,-73.98,88,40,Clear,22.2,0.0,0,22.0,20.0
2026-06-23 22:00:00,R301,Residential,400,40.73,-73.98,74,40,Clear,22.2,0.0,0,18.5,22.0
2026-06-23 23:00:00,R301,Residential,400,40.73,-73.98,80,40,Clear,22.2,0.0,0,20.0,18.5
2026-06-24 00:00:00,R301,Residential,400,40.73,-73.98,82,40,Cloudy,22.0,0.0,0,20.5,20.0
2026-06-24 01:00:00,R301,Residential,400,40.73,-73.98,87,40,Cloudy,22.0,0.0,0,21.75,20.5
2026-06-24 02:00:00,R301,Residential,400,40.73,-73.98,68,40,Cloudy,22.0,0.0,0,17.0,21.75
2026-06-24 03:00:00,R301,Residential,400,40.73,-73.98,79,40,Cloudy,22.0,0.0,0,19.75,17.0
2026-06-24 04:00:00,R301,Residential,400,40.73,-73.98,84,40,Cloudy,22.0,0.0,0,21.0,19.75
2026-06-24 05:00:00,R301,Residential,400,40.73,-73.98,76,40,Cloudy,22.0,0.0,0,19.0,21.0
2026-06-24 06:00:00,R301,Residential,400,40.73,-73.98,75,40,Cloudy,22.0,0.0,0,18.75,19.0
2026-06-24 07:00:00,R301,Residential,400,40.73,-73.98,358,16,Cloudy,22.0,0.0,0,89.5,18.75
2026-06-24 08:00:00,R301,Residential,400,40.73,-73.98,378,15,Cloudy,22.0,0.0,0,94.5,89.5
2026-06-24 09:00:00,R301,Residential,400,40.73,-73.98,311,19,Cloudy,22.0,0.0,0,77.75,94.5
2026-06-24 10:00:00,R301,Residential,400,40.73,-73.98,206,28,Cloudy,22.0,0.0,0,51.5,77.75
2026-06-24 11:00:00,R301,Residential,400,40.73,-73.98,234,26,Cloudy,22.0,0.0,0,58.5,51.5
2026-06-24 12:00:00,R301,Residential,400,40.73,-73.98,265,23,Cloudy,22.0,0.0,0,66.25,58.5
2026-06-24 13:00:00,R301,Residential,400,40.73,-73.98,235,25,Cloudy,22.0,0.0,0,58.75,66.25
2026-06-24 14:00:00,R301,Residential,400,40.73,-73.98,233,26,Cloudy,22.0,0.0,0,58.25,58.75
2026-06-24 15:00:00,R301,Residential,400,40.73,-73.98,227,26,Cloudy,22.0,0.0,0,56.75,58.25
2026-06-24 16:00:00,R301,Residential,400,40.73,-73.98,350,16,Cloudy,22.0,0.0,0,87.5,56.75
2026-06-24 17:00:00,R301,Residential,400,40.73,-73.98,418,13,Cloudy,22.0,0.0,0,104.5,87.5
2026-06-24 18:00:00,R301,Residential,400,40.73,-73.98,393,5,Cloudy,22.0,0.0,1,98.25,104.5
2026-06-24 19:00:00,R301,Residential,400,40.73,-73.98,432,12,Cloudy,22.0,0.0,0,108.0,98.25
2026-06-24 20:00:00,R301,Residential,400,40.73,-73.98,82,40,Cloudy,22.0,0.0,0,20.5,108.0
2026-06-24 21:00:00,R301,Residential,400,40.73,-73.98,80,40,Cloudy,22.0,0.0,0,20.0,20.5
2026-06-24 22:00:00,R301,Residential,400,40.73,-73.98,83,40,Cloudy,22.0,0.0,0,20.75,20.0
2026-06-24 23:00:00,R301,Residential,400,40.73,-73.98,91,40,Cloudy,22.0,0.0,0,22.75,20.75
2026-06-25 00:00:00,R301,Residential,400,40.73,-73.98,75,40,Clear,32.0,0.0,0,18.75,22.75
2026-06-25 01:00:00,R301,Residential,400,40.73,-73.98,77,40,Clear,32.0,0.0,0,19.25,18.75
2026-06-25 02:00:00,R301,Residential,400,40.73,-73.98,89,40,Clear,32.0,0.0,0,22.25,19.25
2026-06-25 03:00:00,R301,Residential,400,40.73,-73.98,84,40,Clear,32.0,0.0,0,21.0,22.25
2026-06-25 04:00:00,R301,Residential,400,40.73,-73.98,73,40,Clear,32.0,0.0,0,18.25,21.0
2026-06-25 05:00:00,R301,Residential,400,40.73,-73.98,82,40,Clear,32.0,0.0,0,20.5,18.25
2026-06-25 06:00:00,R301,Residential,400,40.73,-73.98,78,40,Clear,32.0,0.0,0,19.5,20.5
2026-06-25 07:00:00,R301,Residential,400,40.73,-73.98,373,15,Clear,32.0,0.0,0,93.25,19.5
2026-06-25 08:00:00,R301,Residential,400,40.73,-73.98,362,16,Clear,32.0,0.0,0,90.5,93.25
2026-06-25 09:00:00,R301,Residential,400,40.73,-73.98,480,5,Clear,32.0,0.0,1,120.0,90.5
2026-06-25 10:00:00,R301,Residential,400,40.73,-73.98,214,28,Clear,32.0,0.0,0,53.5,120.0
2026-06-25 11:00:00,R301,Residential,400,40.73,-73.98,235,25,Clear,32.0,0.0,0,58.75,53.5
2026-06-25 12:00:00,R301,Residential,400,40.73,-73.98,265,23,Clear,32.0,0.0,0,66.25,58.75
2026-06-25 13:00:00,R301,Residential,400,40.73,-73.98,254,24,Clear,32.0,0.0,0,63.5,66.25
2026-06-25 14:00:00,R301,Residential,400,40.73,-73.98,236,25,Clear,32.0,0.0,0,59.0,63.5
2026-06-25 15:00:00,R301,Residential,400,40.73,-73.98,273,22,Clear,32.0,0.0,0,68.25,59.0
2026-06-25 16:00:00,R301,Residential,400,40.73,-73.98,364,16,Clear,32.0,0.0,0,91.0,68.25
2026-06-25 17:00:00,R301,Residential,400,40.73,-73.98,393,14,Clear,32.0,0.0,0,98.25,91.0
2026-06-25 18:00:00,R301,Residential,400,40.73,-73.98,360,16,Clear,32.0,0.0,0,90.0,98.25
2026-06-25 19:00:00,R301,Residential,400,40.73,-73.98,410,13,Clear,32.0,0.0,0,102.5,90.0
2026-06-25 20:00:00,R301,Residential,400,40.73,-73.98,88,40,Clear,32.0,0.0,0,22.0,102.5
2026-06-25 21:00:00,R301,Residential,400,40.73,-73.98,88,40,Clear,32.0,0.0,0,22.0,22.0
2026-06-25 22:00:00,R301,Residential,400,40.73,-73.98,83,40,Clear,32.0,0.0,0,20.75,22.0
2026-06-25 23:00:00,R301,Residential,400,40.73,-73.98,82,40,Clear,32.0,0.0,0,20.5,20.75
2026-06-26 00:00:00,R301,Residential,400,40.73,-73.98,71,40,Cloudy,20.0,0.0,0,17.75,20.5
2026-06-26 01:00:00,R301,Residential,400,40.73,-73.98,86,40,Cloudy,20.0,0.0,0,21.5,17.75
2026-06-26 02:00:00,R301,Residential,400,40.73,-73.98,74,40,Cloudy,20.0,0.0,0,18.5,21.5
2026-06-26 03:00:00,R301,Residential,400,40.73,-73.98,71,40,Cloudy,20.0,0.0,0,17.75,18.5
2026-06-26 04:00:00,R301,Residential,400,40.73,-73.98,88,40,Cloudy,20.0,0.0,0,22.0,17.75
2026-06-26 05:00:00,R301,Residential,400,40.73,-73.98,87,40,Cloudy,20.0,0.0,0,21.75,22.0
2026-06-26 06:00:00,R301,Residential,400,40.73,-73.98,80,40,Cloudy,20.0,0.0,0,20.0,21.75
2026-06-26 07:00:00,R301,Residential,400,40.73,-73.98,354,16,Cloudy,20.0,0.0,0,88.5,20.0
2026-06-26 08:00:00,R301,Residential,400,40.73,-73.98,314,19,Cloudy,20.0,0.0,0,78.5,88.5
2026-06-26 09:00:00,R301,Residential,400,40.73,-73.98,364,16,Cloudy,20.0,0.0,0,91.0,78.5
2026-06-26 10:00:00,R301,Residential,400,40.73,-73.98,273,22,Cloudy,20.0,0.0,0,68.25,91.0
2026-06-26 11:00:00,R301,Residential,400,40.73,-73.98,257,23,Cloudy,20.0,0.0,0,64.25,68.25
2026-06-26 12:00:00,R301,Residential,400,40.73,-73.98,260,23,Cloudy,20.0,0.0,0,65.0,64.25
2026-06-26 13:00:00,R301,Residential,400,40.73,-73.98,214,28,Cloudy,20.0,0.0,0,53.5,65.0
2026-06-26 14:00:00,R301,Residential,400,40.73,-73.98,248,24,Cloudy,20.0,0.0,0,62.0,53.5
2026-06-26 15:00:00,R301,Residential,400,40.73,-73.98,262,23,Cloudy,20.0,0.0,0,65.5,62.0
2026-06-26 16:00:00,R301,Residential,400,40.73,-73.98,363,16,Cloudy,20.0,0.0,0,90.75,65.5
2026-06-26 17:00:00,R301,Residential,400,40.73,-73.98,354,16,Cloudy,20.0,0.0,0,88.5,90.75
2026-06-26 18:00:00,R301,Residential,400,40.73,-73.98,340,17,Cloudy,20.0,0.0,0,85.0,88.5
2026-06-26 19:00:00,R301,Residential,400,40.73,-73.98,480,5,Cloudy,20.0,0.0,1,120.0,85.0
2026-06-26 20:00:00,R301,Residential,400,40.73,-73.98,88,40,Cloudy,20.0,0.0,0,22.0,120.0
2026-06-26 21:00:00,R301,Residential,400,40.73,-73.98,71,40,Cloudy,20.0,0.0,0,17.75,22.0
2026-06-26 22:00:00,R301,Residential,400,40.73,-73.98,70,40,Cloudy,20.0,0.0,0,17.5,17.75
2026-06-26 23:00:00,R301,Residential,400,40.73,-73.98,79,40,Cloudy,20.0,0.0,0,19.75,17.5
2026-06-27 00:00:00,R301,Residential,400,40.73,-73.98,94,9,Heavy Rain,11.5,6.9,1,23.5,19.75
2026-06-27 01:00:00,R301,Residential,400,40.73,-73.98,73,32,Heavy Rain,11.5,6.9,0,18.25,23.5
2026-06-27 02:00:00,R301,Residential,400,40.73,-73.98,66,32,Heavy Rain,11.5,6.9,0,16.5,18.25
2026-06-27 03:00:00,R301,Residential,400,40.73,-73.98,77,32,Heavy Rain,11.5,6.9,0,19.25,16.5
2026-06-27 04:00:00,R301,Residential,400,40.73,-73.98,76,32,Heavy Rain,11.5,6.9,0,19.0,19.25
2026-06-27 05:00:00,R301,Residential,400,40.73,-73.98,79,32,Heavy Rain,11.5,6.9,0,19.75,19.0
2026-06-27 06:00:00,R301,Residential,400,40.73,-73.98,66,32,Heavy Rain,11.5,6.9,0,16.5,19.75
2026-06-27 07:00:00,R301,Residential,400,40.73,-73.98,76,32,Heavy Rain,11.5,6.9,0,19.0,16.5
2026-06-27 08:00:00,R301,Residential,400,40.73,-73.98,80,32,Heavy Rain,11.5,6.9,0,20.0,19.0
2026-06-27 09:00:00,R301,Residential,400,40.73,-73.98,77,32,Heavy Rain,11.5,6.9,0,19.25,20.0
2026-06-27 10:00:00,R301,Residential,400,40.73,-73.98,71,32,Heavy Rain,11.5,6.9,0,17.75,19.25
2026-06-27 11:00:00,R301,Residential,400,40.73,-73.98,275,17,Heavy Rain,11.5,6.9,0,68.75,17.75
2026-06-27 12:00:00,R301,Residential,400,40.73,-73.98,252,19,Heavy Rain,11.5,6.9,0,63.0,68.75
2026-06-27 13:00:00,R301,Residential,400,40.73,-73.98,237,20,Heavy Rain,11.5,6.9,0,59.25,63.0
2026-06-27 14:00:00,R301,Residential,400,40.73,-73.98,264,18,Heavy Rain,11.5,6.9,0,66.0,59.25
2026-06-27 15:00:00,R301,Residential,400,40.73,-73.98,247,19,Heavy Rain,11.5,6.9,0,61.75,66.0
2026-06-27 16:00:00,R301,Residential,400,40.73,-73.98,222,21,Heavy Rain,11.5,6.9,0,55.5,61.75
2026-06-27 17:00:00,R301,Residential,400,40.73,-73.98,228,21,Heavy Rain,11.5,6.9,0,57.0,55.5
2026-06-27 18:00:00,R301,Residential,400,40.73,-73.98,218,22,Heavy Rain,11.5,6.9,0,54.5,57.0
2026-06-27 19:00:00,R301,Residential,400,40.73,-73.98,243,20,Heavy Rain,11.5,6.9,0,60.75,54.5
2026-06-27 20:00:00,R301,Residential,400,40.73,-73.98,214,22,Heavy Rain,11.5,6.9,0,53.5,60.75
2026-06-27 21:00:00,R301,Residential,400,40.73,-73.98,81,32,Heavy Rain,11.5,6.9,0,20.25,53.5
2026-06-27 22:00:00,R301,Residential,400,40.73,-73.98,76,32,Heavy Rain,11.5,6.9,0,19.0,20.25
2026-06-27 23:00:00,R301,Residential,400,40.73,-73.98,64,32,Heavy Rain,11.5,6.9,0,16.0,19.0
2026-06-28 00:00:00,R301,Residential,400,40.73,-73.98,83,40,Cloudy,21.6,0.0,0,20.75,16.0
2026-06-28 01:00:00,R301,Residential,400,40.73,-73.98,76,40,Cloudy,21.6,0.0,0,19.0,20.75
2026-06-28 02:00:00,R301,Residential,400,40.73,-73.98,72,40,Cloudy,21.6,0.0,0,18.0,19.0
2026-06-28 03:00:00,R301,Residential,400,40.73,-73.98,87,40,Cloudy,21.6,0.0,0,21.75,18.0
2026-06-28 04:00:00,R301,Residential,400,40.73,-73.98,89,40,Cloudy,21.6,0.0,0,22.25,21.75
2026-06-28 05:00:00,R301,Residential,400,40.73,-73.98,91,40,Cloudy,21.6,0.0,0,22.75,22.25
2026-06-28 06:00:00,R301,Residential,400,40.73,-73.98,83,40,Cloudy,21.6,0.0,0,20.75,22.75
2026-06-28 07:00:00,R301,Residential,400,40.73,-73.98,74,40,Cloudy,21.6,0.0,0,18.5,20.75
2026-06-28 08:00:00,R301,Residential,400,40.73,-73.98,71,40,Cloudy,21.6,0.0,0,17.75,18.5
2026-06-28 09:00:00,R301,Residential,400,40.73,-73.98,87,40,Cloudy,21.6,0.0,0,21.75,17.75
2026-06-28 10:00:00,R301,Residential,400,40.73,-73.98,73,40,Cloudy,21.6,0.0,0,18.25,21.75
2026-06-28 11:00:00,R301,Residential,400,40.73,-73.98,255,24,Cloudy,21.6,0.0,0,63.75,18.25
2026-06-28 12:00:00,R301,Residential,400,40.73,-73.98,314,19,Cloudy,21.6,0.0,0,78.5,63.75
2026-06-28 13:00:00,R301,Residential,400,40.73,-73.98,240,25,Cloudy,21.6,0.0,0,60.0,78.5
2026-06-28 14:00:00,R301,Residential,400,40.73,-73.98,367,5,Cloudy,21.6,0.0,1,91.75,60.0
2026-06-28 15:00:00,R301,Residential,400,40.73,-73.98,272,22,Cloudy,21.6,0.0,0,68.0,91.75
2026-06-28 16:00:00,R301,Residential,400,40.73,-73.98,271,22,Cloudy,21.6,0.0,0,67.75,68.0
2026-06-28 17:00:00,R301,Residential,400,40.73,-73.98,268,22,Cloudy,21.6,0.0,0,67.0,67.75
2026-06-28 18:00:00,R301,Residential,400,40.73,-73.98,242,25,Cloudy,21.6,0.0,0,60.5,67.0
2026-06-28 19:00:00,R301,Residential,400,40.73,-73.98,261,23,Cloudy,21.6,0.0,0,65.25,60.5
2026-06-28 20:00:00,R301,Residential,400,40.73,-73.98,239,25,Cloudy,21.6,0.0,0,59.75,65.25
2026-06-28 21:00:00,R301,Residential,400,40.73,-73.98,87,40,Cloudy,21.6,0.0,0,21.75,59.75
2026-06-28 22:00:00,R301,Residential,400,40.73,-73.98,85,40,Cloudy,21.6,0.0,0,21.25,21.75
2026-06-28 23:00:00,R301,Residential,400,40.73,-73.98,90,40,Cloudy,21.6,0.0,0,22.5,21.25
2026-06-29 00:00:00,R301,Residential,400,40.73,-73.98,83,40,Clear,27.3,0.0,0,20.75,22.5
2026-06-29 01:00:00,R301,Residential,400,40.73,-73.98,72,40,Clear,27.3,0.0,0,18.0,20.75
2026-06-29 02:00:00,R301,Residential,400,40.73,-73.98,86,40,Clear,27.3,0.0,0,21.5,18.0
2026-06-29 03:00:00,R301,Residential,400,40.73,-73.98,73,40,Clear,27.3,0.0,0,18.25,21.5
2026-06-29 04:00:00,R301,Residential,400,40.73,-73.98,83,40,Clear,27.3,0.0,0,20.75,18.25
2026-06-29 05:00:00,R301,Residential,400,40.73,-73.98,76,40,Clear,27.3,0.0,0,19.0,20.75
2026-06-29 06:00:00,R301,Residential,400,40.73,-73.98,73,40,Clear,27.3,0.0,0,18.25,19.0
2026-06-29 07:00:00,R301,Residential,400,40.73,-73.98,406,13,Clear,27.3,0.0,0,101.5,18.25
2026-06-29 08:00:00,R301,Residential,400,40.73,-73.98,369,15,Clear,27.3,0.0,0,92.25,101.5
2026-06-29 09:00:00,R301,Residential,400,40.73,-73.98,329,18,Clear,27.3,0.0,0,82.25,92.25
2026-06-29 10:00:00,R301,Residential,400,40.73,-73.98,251,24,Clear,27.3,0.0,0,62.75,82.25
2026-06-29 11:00:00,R301,Residential,400,40.73,-73.98,221,27,Clear,27.3,0.0,0,55.25,62.75
2026-06-29 12:00:00,R301,Residential,400,40.73,-73.98,266,23,Clear,27.3,0.0,0,66.5,55.25
2026-06-29 13:00:00,R301,Residential,400,40.73,-73.98,232,26,Clear,27.3,0.0,0,58.0,66.5
2026-06-29 14:00:00,R301,Residential,400,40.73,-73.98,227,26,Clear,27.3,0.0,0,56.75,58.0
2026-06-29 15:00:00,R301,Residential,400,40.73,-73.98,273,22,Clear,27.3,0.0,0,68.25,56.75
2026-06-29 16:00:00,R301,Residential,400,40.73,-73.98,337,17,Clear,27.3,0.0,0,84.25,68.25
2026-06-29 17:00:00,R301,Residential,400,40.73,-73.98,385,14,Clear,27.3,0.0,0,96.25,84.25
2026-06-29 18:00:00,R301,Residential,400,40.73,-73.98,333,17,Clear,27.3,0.0,0,83.25,96.25
2026-06-29 19:00:00,R301,Residential,400,40.73,-73.98,381,15,Clear,27.3,0.0,0,95.25,83.25
2026-06-29 20:00:00,R301,Residential,400,40.73,-73.98,71,40,Clear,27.3,0.0,0,17.75,95.25
2026-06-29 21:00:00,R301,Residential,400,40.73,-73.98,80,40,Clear,27.3,0.0,0,20.0,17.75
2026-06-29 22:00:00,R301,Residential,400,40.73,-73.98,90,40,Clear,27.3,0.0,0,22.5,20.0
2026-06-29 23:00:00,R301,Residential,400,40.73,-73.98,79,40,Clear,27.3,0.0,0,19.75,22.5
2026-06-30 00:00:00,R301,Residential,400,40.73,-73.98,88,40,Clear,25.9,0.0,0,22.0,19.75
2026-06-30 01:00:00,R301,Residential,400,40.73,-73.98,68,40,Clear,25.9,0.0,0,17.0,22.0
2026-06-30 02:00:00,R301,Residential,400,40.73,-73.98,88,40,Clear,25.9,0.0,0,22.0,17.0
2026-06-30 03:00:00,R301,Residential,400,40.73,-73.98,79,40,Clear,25.9,0.0,0,19.75,22.0
2026-06-30 04:00:00,R301,Residential,400,40.73,-73.98,80,40,Clear,25.9,0.0,0,20.0,19.75
2026-06-30 05:00:00,R301,Residential,400,40.73,-73.98,72,40,Clear,25.9,0.0,0,18.0,20.0
2026-06-30 06:00:00,R301,Residential,400,40.73,-73.98,77,40,Clear,25.9,0.0,0,19.25,18.0
2026-06-30 07:00:00,R301,Residential,400,40.73,-73.98,362,16,Clear,25.9,0.0,0,90.5,19.25
2026-06-30 08:00:00,R301,Residential,400,40.73,-73.98,387,14,Clear,25.9,0.0,0,96.75,90.5
2026-06-30 09:00:00,R301,Residential,400,40.73,-73.98,316,19,Clear,25.9,0.0,0,79.0,96.75
2026-06-30 10:00:00,R301,Residential,400,40.73,-73.98,215,28,Clear,25.9,0.0,0,53.75,79.0
2026-06-30 11:00:00,R301,Residential,400,40.73,-73.98,274,22,Clear,25.9,0.0,0,68.5,53.75
2026-06-30 12:00:00,R301,Residential,400,40.73,-73.98,227,26,Clear,25.9,0.0,0,56.75,68.5
2026-06-30 13:00:00,R301,Residential,400,40.73,-73.98,241,25,Clear,25.9,0.0,0,60.25,56.75
2026-06-30 14:00:00,R301,Residential,400,40.73,-73.98,236,25,Clear,25.9,0.0,0,59.0,60.25
2026-06-30 15:00:00,R301,Residential,400,40.73,-73.98,228,26,Clear,25.9,0.0,0,57.0,59.0
2026-06-30 16:00:00,R301,Residential,400,40.73,-73.98,345,17,Clear,25.9,0.0,0,86.25,57.0
2026-06-30 17:00:00,R301,Residential,400,40.73,-73.98,353,16,Clear,25.9,0.0,0,88.25,86.25
2026-06-30 18:00:00,R301,Residential,400,40.73,-73.98,324,18,Clear,25.9,0.0,0,81.0,88.25
2026-06-30 19:00:00,R301,Residential,400,40.73,-73.98,412,5,Clear,25.9,0.0,1,103.0,81.0
2026-06-30 20:00:00,R301,Residential,400,40.73,-73.98,72,40,Clear,25.9,0.0,0,18.0,103.0
2026-06-30 21:00:00,R301,Residential,400,40.73,-73.98,69,40,Clear,25.9,0.0,0,17.25,18.0
2026-06-30 22:00:00,R301,Residential,400,40.73,-73.98,87,40,Clear,25.9,0.0,0,21.75,17.25
2026-06-30 23:00:00,R301,Residential,400,40.73,-73.98,81,40,Clear,25.9,0.0,0,20.25,21.75
2026-07-01 00:00:00,R301,Residential,400,40.73,-73.98,85,40,Clear,24.7,0.0,0,21.25,20.25
2026-07-01 01:00:00,R301,Residential,400,40.73,-73.98,90,40,Clear,24.7,0.0,0,22.5,21.25
2026-07-01 02:00:00,R301,Residential,400,40.73,-73.98,78,40,Clear,24.7,0.0,0,19.5,22.5
2026-07-01 03:00:00,R301,Residential,400,40.73,-73.98,74,40,Clear,24.7,0.0,0,18.5,19.5
2026-07-01 04:00:00,R301,Residential,400,40.73,-73.98,70,40,Clear,24.7,0.0,0,17.5,18.5
2026-07-01 05:00:00,R301,Residential,400,40.73,-73.98,89,40,Clear,24.7,0.0,0,22.25,17.5
2026-07-01 06:00:00,R301,Residential,400,40.73,-73.98,70,40,Clear,24.7,0.0,0,17.5,22.25
2026-07-01 07:00:00,R301,Residential,400,40.73,-73.98,346,17,Clear,24.7,0.0,0,86.5,17.5
2026-07-01 08:00:00,R301,Residential,400,40.73,-73.98,343,17,Clear,24.7,0.0,0,85.75,86.5
2026-07-01 09:00:00,R301,Residential,400,40.73,-73.98,396,14,Clear,24.7,0.0,0,99.0,85.75
2026-07-01 10:00:00,R301,Residential,400,40.73,-73.98,204,29,Clear,24.7,0.0,0,51.0,99.0
2026-07-01 11:00:00,R301,Residential,400,40.73,-73.98,269,22,Clear,24.7,0.0,0,67.25,51.0
2026-07-01 12:00:00,R301,Residential,400,40.73,-73.98,241,25,Clear,24.7,0.0,0,60.25,67.25
2026-07-01 13:00:00,R301,Residential,400,40.73,-73.98,248,24,Clear,24.7,0.0,0,62.0,60.25
2026-07-01 14:00:00,R301,Residential,400,40.73,-73.98,210,28,Clear,24.7,0.0,0,52.5,62.0
2026-07-01 15:00:00,R301,Residential,400,40.73,-73.98,271,22,Clear,24.7,0.0,0,67.75,52.5
2026-07-01 16:00:00,R301,Residential,400,40.73,-73.98,376,15,Clear,24.7,0.0,0,94.0,67.75
2026-07-01 17:00:00,R301,Residential,400,40.73,-73.98,339,17,Clear,24.7,0.0,0,84.75,94.0
2026-07-01 18:00:00,R301,Residential,400,40.73,-73.98,394,14,Clear,24.7,0.0,0,98.5,84.75
2026-07-01 19:00:00,R301,Residential,400,40.73,-73.98,376,15,Clear,24.7,0.0,0,94.0,98.5
2026-07-01 20:00:00,R301,Residential,400,40.73,-73.98,78,40,Clear,24.7,0.0,0,19.5,94.0
2026-07-01 21:00:00,R301,Residential,400,40.73,-73.98,70,40,Clear,24.7,0.0,0,17.5,19.5
2026-07-01 22:00:00,R301,Residential,400,40.73,-73.98,75,40,Clear,24.7,0.0,0,18.75,17.5
2026-07-01 23:00:00,R301,Residential,400,40.73,-73.98,73,40,Clear,24.7,0.0,0,18.25,18.75
2026-07-02 00:00:00,R301,Residential,400,40.73,-73.98,90,40,Cloudy,18.9,0.0,0,22.5,18.25
2026-07-02 01:00:00,R301,Residential,400,40.73,-73.98,85,40,Cloudy,18.9,0.0,0,21.25,22.5
2026-07-02 02:00:00,R301,Residential,400,40.73,-73.98,85,40,Cloudy,18.9,0.0,0,21.25,21.25
2026-07-02 03:00:00,R301,Residential,400,40.73,-73.98,89,40,Cloudy,18.9,0.0,0,22.25,21.25
2026-07-02 04:00:00,R301,Residential,400,40.73,-73.98,75,40,Cloudy,18.9,0.0,0,18.75,22.25
2026-07-02 05:00:00,R301,Residential,400,40.73,-73.98,71,40,Cloudy,18.9,0.0,0,17.75,18.75
2026-07-02 06:00:00,R301,Residential,400,40.73,-73.98,69,40,Cloudy,18.9,0.0,0,17.25,17.75
2026-07-02 07:00:00,R301,Residential,400,40.73,-73.98,335,17,Cloudy,18.9,0.0,0,83.75,17.25
2026-07-02 08:00:00,R301,Residential,400,40.73,-73.98,393,14,Cloudy,18.9,0.0,0,98.25,83.75
2026-07-02 09:00:00,R301,Residential,400,40.73,-73.98,382,14,Cloudy,18.9,0.0,0,95.5,98.25
2026-07-02 10:00:00,R301,Residential,400,40.73,-73.98,208,28,Cloudy,18.9,0.0,0,52.0,95.5
2026-07-02 11:00:00,R301,Residential,400,40.73,-73.98,275,22,Cloudy,18.9,0.0,0,68.75,52.0
2026-07-02 12:00:00,R301,Residential,400,40.73,-73.98,216,27,Cloudy,18.9,0.0,0,54.0,68.75
2026-07-02 13:00:00,R301,Residential,400,40.73,-73.98,233,26,Cloudy,18.9,0.0,0,58.25,54.0
2026-07-02 14:00:00,R301,Residential,400,40.73,-73.98,266,23,Cloudy,18.9,0.0,0,66.5,58.25
2026-07-02 15:00:00,R301,Residential,400,40.73,-73.98,209,28,Cloudy,18.9,0.0,0,52.25,66.5
2026-07-02 16:00:00,R301,Residential,400,40.73,-73.98,335,17,Cloudy,18.9,0.0,0,83.75,52.25
2026-07-02 17:00:00,R301,Residential,400,40.73,-73.98,391,14,Cloudy,18.9,0.0,0,97.75,83.75
2026-07-02 18:00:00,R301,Residential,400,40.73,-73.98,348,17,Cloudy,18.9,0.0,0,87.0,97.75
2026-07-02 19:00:00,R301,Residential,400,40.73,-73.98,390,14,Cloudy,18.9,0.0,0,97.5,87.0
2026-07-02 20:00:00,R301,Residential,400,40.73,-73.98,85,40,Cloudy,18.9,0.0,0,21.25,97.5
2026-07-02 21:00:00,R301,Residential,400,40.73,-73.98,76,40,Cloudy,18.9,0.0,0,19.0,21.25
2026-07-02 22:00:00,R301,Residential,400,40.73,-73.98,87,40,Cloudy,18.9,0.0,0,21.75,19.0
2026-07-02 23:00:00,R301,Residential,400,40.73,-73.98,69,40,Cloudy,18.9,0.0,0,17.25,21.75
2026-07-03 00:00:00,R301,Residential,400,40.73,-73.98,90,40,Clear,34.5,0.0,0,22.5,17.25
2026-07-03 01:00:00,R301,Residential,400,40.73,-73.98,72,40,Clear,34.5,0.0,0,18.0,22.5
2026-07-03 02:00:00,R301,Residential,400,40.73,-73.98,80,40,Clear,34.5,0.0,0,20.0,18.0
2026-07-03 03:00:00,R301,Residential,400,40.73,-73.98,76,40,Clear,34.5,0.0,0,19.0,20.0
2026-07-03 04:00:00,R301,Residential,400,40.73,-73.98,80,40,Clear,34.5,0.0,0,20.0,19.0
2026-07-03 05:00:00,R301,Residential,400,40.73,-73.98,70,40,Clear,34.5,0.0,0,17.5,20.0
2026-07-03 06:00:00,R301,Residential,400,40.73,-73.98,78,40,Clear,34.5,0.0,0,19.5,17.5
2026-07-03 07:00:00,R301,Residential,400,40.73,-73.98,413,13,Clear,34.5,0.0,0,103.25,19.5
2026-07-03 08:00:00,R301,Residential,400,40.73,-73.98,313,19,Clear,34.5,0.0,0,78.25,103.25
2026-07-03 09:00:00,R301,Residential,400,40.73,-73.98,349,16,Clear,34.5,0.0,0,87.25,78.25
2026-07-03 10:00:00,R301,Residential,400,40.73,-73.98,235,25,Clear,34.5,0.0,0,58.75,87.25
2026-07-03 11:00:00,R301,Residential,400,40.73,-73.98,223,27,Clear,34.5,0.0,0,55.75,58.75
2026-07-03 12:00:00,R301,Residential,400,40.73,-73.98,211,28,Clear,34.5,0.0,0,52.75,55.75
2026-07-03 13:00:00,R301,Residential,400,40.73,-73.98,205,29,Clear,34.5,0.0,0,51.25,52.75
2026-07-03 14:00:00,R301,Residential,400,40.73,-73.98,260,23,Clear,34.5,0.0,0,65.0,51.25
2026-07-03 15:00:00,R301,Residential,400,40.73,-73.98,236,25,Clear,34.5,0.0,0,59.0,65.0
2026-07-03 16:00:00,R301,Residential,400,40.73,-73.98,411,13,Clear,34.5,0.0,0,102.75,59.0
2026-07-03 17:00:00,R301,Residential,400,40.73,-73.98,386,14,Clear,34.5,0.0,0,96.5,102.75
2026-07-03 18:00:00,R301,Residential,400,40.73,-73.98,417,13,Clear,34.5,0.0,0,104.25,96.5
2026-07-03 19:00:00,R301,Residential,400,40.73,-73.98,384,14,Clear,34.5,0.0,0,96.0,104.25
2026-07-03 20:00:00,R301,Residential,400,40.73,-73.98,70,40,Clear,34.5,0.0,0,17.5,96.0
2026-07-03 21:00:00,R301,Residential,400,40.73,-73.98,68,40,Clear,34.5,0.0,0,17.0,17.5
2026-07-03 22:00:00,R301,Residential,400,40.73,-73.98,73,40,Clear,34.5,0.0,0,18.25,17.0
2026-07-03 23:00:00,R301,Residential,400,40.73,-73.98,68,40,Clear,34.5,0.0,0,17.0,18.25
2026-07-04 00:00:00,R301,Residential,400,40.73,-73.98,76,40,Cloudy,24.4,0.0,0,19.0,17.0
2026-07-04 01:00:00,R301,Residential,400,40.73,-73.98,69,40,Cloudy,24.4,0.0,0,17.25,19.0
2026-07-04 02:00:00,R301,Residential,400,40.73,-73.98,72,40,Cloudy,24.4,0.0,0,18.0,17.25
2026-07-04 03:00:00,R301,Residential,400,40.73,-73.98,73,40,Cloudy,24.4,0.0,0,18.25,18.0
2026-07-04 04:00:00,R301,Residential,400,40.73,-73.98,86,40,Cloudy,24.4,0.0,0,21.5,18.25
2026-07-04 05:00:00,R301,Residential,400,40.73,-73.98,79,40,Cloudy,24.4,0.0,0,19.75,21.5
2026-07-04 06:00:00,R301,Residential,400,40.73,-73.98,86,40,Cloudy,24.4,0.0,0,21.5,19.75
2026-07-04 07:00:00,R301,Residential,400,40.73,-73.98,86,40,Cloudy,24.4,0.0,0,21.5,21.5
2026-07-04 08:00:00,R301,Residential,400,40.73,-73.98,90,40,Cloudy,24.4,0.0,0,22.5,21.5
2026-07-04 09:00:00,R301,Residential,400,40.73,-73.98,76,40,Cloudy,24.4,0.0,0,19.0,22.5
2026-07-04 10:00:00,R301,Residential,400,40.73,-73.98,70,40,Cloudy,24.4,0.0,0,17.5,19.0
2026-07-04 11:00:00,R301,Residential,400,40.73,-73.98,253,24,Cloudy,24.4,0.0,0,63.25,17.5
2026-07-04 12:00:00,R301,Residential,400,40.73,-73.98,266,23,Cloudy,24.4,0.0,0,66.5,63.25
2026-07-04 13:00:00,R301,Residential,400,40.73,-73.98,267,23,Cloudy,24.4,0.0,0,66.75,66.5
2026-07-04 14:00:00,R301,Residential,400,40.73,-73.98,283,21,Cloudy,24.4,0.0,0,70.75,66.75
2026-07-04 15:00:00,R301,Residential,400,40.73,-73.98,260,23,Cloudy,24.4,0.0,0,65.0,70.75
2026-07-04 16:00:00,R301,Residential,400,40.73,-73.98,232,26,Cloudy,24.4,0.0,0,58.0,65.0
2026-07-04 17:00:00,R301,Residential,400,40.73,-73.98,246,24,Cloudy,24.4,0.0,0,61.5,58.0
2026-07-04 18:00:00,R301,Residential,400,40.73,-73.98,263,23,Cloudy,24.4,0.0,0,65.75,61.5
2026-07-04 19:00:00,R301,Residential,400,40.73,-73.98,229,26,Cloudy,24.4,0.0,0,57.25,65.75
2026-07-04 20:00:00,R301,Residential,400,40.73,-73.98,255,24,Cloudy,24.4,0.0,0,63.75,57.25
2026-07-04 21:00:00,R301,Residential,400,40.73,-73.98,74,40,Cloudy,24.4,0.0,0,18.5,63.75
2026-07-04 22:00:00,R301,Residential,400,40.73,-73.98,89,40,Cloudy,24.4,0.0,0,22.25,18.5
2026-07-04 23:00:00,R301,Residential,400,40.73,-73.98,70,40,Cloudy,24.4,0.0,0,17.5,22.25
2026-07-05 00:00:00,R301,Residential,400,40.73,-73.98,79,40,Clear,25.8,0.0,0,19.75,17.5
2026-07-05 01:00:00,R301,Residential,400,40.73,-73.98,87,40,Clear,25.8,0.0,0,21.75,19.75
2026-07-05 02:00:00,R301,Residential,400,40.73,-73.98,82,40,Clear,25.8,0.0,0,20.5,21.75
2026-07-05 03:00:00,R301,Residential,400,40.73,-73.98,83,40,Clear,25.8,0.0,0,20.75,20.5
2026-07-05 04:00:00,R301,Residential,400,40.73,-73.98,91,40,Clear,25.8,0.0,0,22.75,20.75
2026-07-05 05:00:00,R301,Residential,400,40.73,-73.98,78,40,Clear,25.8,0.0,0,19.5,22.75
2026-07-05 06:00:00,R301,Residential,400,40.73,-73.98,80,40,Clear,25.8,0.0,0,20.0,19.5
2026-07-05 07:00:00,R301,Residential,400,40.73,-73.98,91,40,Clear,25.8,0.0,0,22.75,20.0
2026-07-05 08:00:00,R301,Residential,400,40.73,-73.98,75,40,Clear,25.8,0.0,0,18.75,22.75
2026-07-05 09:00:00,R301,Residential,400,40.73,-73.98,85,40,Clear,25.8,0.0,0,21.25,18.75
2026-07-05 10:00:00,R301,Residential,400,40.73,-73.98,79,40,Clear,25.8,0.0,0,19.75,21.25
2026-07-05 11:00:00,R301,Residential,400,40.73,-73.98,314,19,Clear,25.8,0.0,0,78.5,19.75
2026-07-05 12:00:00,R301,Residential,400,40.73,-73.98,307,19,Clear,25.8,0.0,0,76.75,78.5
2026-07-05 13:00:00,R301,Residential,400,40.73,-73.98,278,22,Clear,25.8,0.0,0,69.5,76.75
2026-07-05 14:00:00,R301,Residential,400,40.73,-73.98,285,21,Clear,25.8,0.0,0,71.25,69.5
2026-07-05 15:00:00,R301,Residential,400,40.73,-73.98,293,20,Clear,25.8,0.0,0,73.25,71.25
2026-07-05 16:00:00,R301,Residential,400,40.73,-73.98,246,24,Clear,25.8,0.0,0,61.5,73.25
2026-07-05 17:00:00,R301,Residential,400,40.73,-73.98,258,23,Clear,25.8,0.0,0,64.5,61.5
2026-07-05 18:00:00,R301,Residential,400,40.73,-73.98,259,23,Clear,25.8,0.0,0,64.75,64.5
2026-07-05 19:00:00,R301,Residential,400,40.73,-73.98,208,28,Clear,25.8,0.0,0,52.0,64.75
2026-07-05 20:00:00,R301,Residential,400,40.73,-73.98,242,25,Clear,25.8,0.0,0,60.5,52.0
2026-07-05 21:00:00,R301,Residential,400,40.73,-73.98,74,40,Clear,25.8,0.0,0,18.5,60.5
2026-07-05 22:00:00,R301,Residential,400,40.73,-73.98,87,40,Clear,25.8,0.0,0,21.75,18.5
2026-07-05 23:00:00,R301,Residential,400,40.73,-73.98,90,40,Clear,25.8,0.0,0,22.5,21.75
2026-07-06 00:00:00,R301,Residential,400,40.73,-73.98,88,40,Clear,31.4,0.0,0,22.0,22.5
2026-07-06 01:00:00,R301,Residential,400,40.73,-73.98,73,40,Clear,31.4,0.0,0,18.25,22.0
2026-07-06 02:00:00,R301,Residential,400,40.73,-73.98,72,40,Clear,31.4,0.0,0,18.0,18.25
2026-07-06 03:00:00,R301,Residential,400,40.73,-73.98,76,40,Clear,31.4,0.0,0,19.0,18.0
2026-07-06 04:00:00,R301,Residential,400,40.73,-73.98,74,40,Clear,31.4,0.0,0,18.5,19.0
2026-07-06 05:00:00,R301,Residential,400,40.73,-73.98,69,40,Clear,31.4,0.0,0,17.25,18.5
2026-07-06 06:00:00,R301,Residential,400,40.73,-73.98,73,40,Clear,31.4,0.0,0,18.25,17.25
2026-07-06 07:00:00,R301,Residential,400,40.73,-73.98,348,17,Clear,31.4,0.0,0,87.0,18.25
2026-07-06 08:00:00,R301,Residential,400,40.73,-73.98,401,13,Clear,31.4,0.0,0,100.25,87.0
2026-07-06 09:00:00,R301,Residential,400,40.73,-73.98,367,15,Clear,31.4,0.0,0,91.75,100.25
2026-07-06 10:00:00,R301,Residential,400,40.73,-73.98,258,23,Clear,31.4,0.0,0,64.5,91.75
2026-07-06 11:00:00,R301,Residential,400,40.73,-73.98,216,27,Clear,31.4,0.0,0,54.0,64.5
2026-07-06 12:00:00,R301,Residential,400,40.73,-73.98,210,28,Clear,31.4,0.0,0,52.5,54.0
2026-07-06 13:00:00,R301,Residential,400,40.73,-73.98,235,25,Clear,31.4,0.0,0,58.75,52.5
2026-07-06 14:00:00,R301,Residential,400,40.73,-73.98,234,26,Clear,31.4,0.0,0,58.5,58.75
2026-07-06 15:00:00,R301,Residential,400,40.73,-73.98,274,22,Clear,31.4,0.0,0,68.5,58.5
2026-07-06 16:00:00,R301,Residential,400,40.73,-73.98,418,13,Clear,31.4,0.0,0,104.5,68.5
2026-07-06 17:00:00,R301,Residential,400,40.73,-73.98,480,5,Clear,31.4,0.0,1,120.0,104.5
2026-07-06 18:00:00,R301,Residential,400,40.73,-73.98,334,17,Clear,31.4,0.0,0,83.5,120.0
2026-07-06 19:00:00,R301,Residential,400,40.73,-73.98,347,17,Clear,31.4,0.0,0,86.75,83.5
2026-07-06 20:00:00,R301,Residential,400,40.73,-73.98,81,40,Clear,31.4,0.0,0,20.25,86.75
2026-07-06 21:00:00,R301,Residential,400,40.73,-73.98,84,40,Clear,31.4,0.0,0,21.0,20.25
2026-07-06 22:00:00,R301,Residential,400,40.73,-73.98,87,40,Clear,31.4,0.0,0,21.75,21.0
2026-07-06 23:00:00,R301,Residential,400,40.73,-73.98,84,40,Clear,31.4,0.0,0,21.0,21.75
2026-07-07 00:00:00,R301,Residential,400,40.73,-73.98,89,40,Clear,26.4,0.0,0,22.25,21.0
2026-07-07 01:00:00,R301,Residential,400,40.73,-73.98,90,40,Clear,26.4,0.0,0,22.5,22.25
2026-07-07 02:00:00,R301,Residential,400,40.73,-73.98,72,40,Clear,26.4,0.0,0,18.0,22.5
2026-07-07 03:00:00,R301,Residential,400,40.73,-73.98,85,40,Clear,26.4,0.0,0,21.25,18.0
2026-07-07 04:00:00,R301,Residential,400,40.73,-73.98,76,40,Clear,26.4,0.0,0,19.0,21.25
2026-07-07 05:00:00,R301,Residential,400,40.73,-73.98,86,40,Clear,26.4,0.0,0,21.5,19.0
2026-07-07 06:00:00,R301,Residential,400,40.73,-73.98,85,40,Clear,26.4,0.0,0,21.25,21.5
2026-07-07 07:00:00,R301,Residential,400,40.73,-73.98,320,18,Clear,26.4,0.0,0,80.0,21.25
2026-07-07 08:00:00,R301,Residential,400,40.73,-73.98,321,18,Clear,26.4,0.0,0,80.25,80.0
2026-07-07 09:00:00,R301,Residential,400,40.73,-73.98,338,17,Clear,26.4,0.0,0,84.5,80.25
2026-07-07 10:00:00,R301,Residential,400,40.73,-73.98,230,26,Clear,26.4,0.0,0,57.5,84.5
2026-07-07 11:00:00,R301,Residential,400,40.73,-73.98,243,25,Clear,26.4,0.0,0,60.75,57.5
2026-07-07 12:00:00,R301,Residential,400,40.73,-73.98,264,23,Clear,26.4,0.0,0,66.0,60.75
2026-07-07 13:00:00,R301,Residential,400,40.73,-73.98,272,22,Clear,26.4,0.0,0,68.0,66.0
2026-07-07 14:00:00,R301,Residential,400,40.73,-73.98,241,25,Clear,26.4,0.0,0,60.25,68.0
2026-07-07 15:00:00,R301,Residential,400,40.73,-73.98,270,22,Clear,26.4,0.0,0,67.5,60.25
2026-07-07 16:00:00,R301,Residential,400,40.73,-73.98,346,17,Clear,26.4,0.0,0,86.5,67.5
2026-07-07 17:00:00,R301,Residential,400,40.73,-73.98,431,12,Clear,26.4,0.0,0,107.75,86.5
2026-07-07 18:00:00,R301,Residential,400,40.73,-73.98,421,12,Clear,26.4,0.0,0,105.25,107.75
2026-07-07 19:00:00,R301,Residential,400,40.73,-73.98,374,15,Clear,26.4,0.0,0,93.5,105.25
2026-07-07 20:00:00,R301,Residential,400,40.73,-73.98,91,40,Clear,26.4,0.0,0,22.75,93.5
2026-07-07 21:00:00,R301,Residential,400,40.73,-73.98,85,40,Clear,26.4,0.0,0,21.25,22.75
2026-07-07 22:00:00,R301,Residential,400,40.73,-73.98,89,40,Clear,26.4,0.0,0,22.25,21.25
2026-07-07 23:00:00,R301,Residential,400,40.73,-73.98,73,40,Clear,26.4,0.0,0,18.25,22.25
2026-07-08 00:00:00,R301,Residential,400,40.73,-73.98,69,40,Cloudy,24.7,0.0,0,17.25,18.25
2026-07-08 01:00:00,R301,Residential,400,40.73,-73.98,86,40,Cloudy,24.7,0.0,0,21.5,17.25
2026-07-08 02:00:00,R301,Residential,400,40.73,-73.98,81,40,Cloudy,24.7,0.0,0,20.25,21.5
2026-07-08 03:00:00,R301,Residential,400,40.73,-73.98,77,40,Cloudy,24.7,0.0,0,19.25,20.25
2026-07-08 04:00:00,R301,Residential,400,40.73,-73.98,69,40,Cloudy,24.7,0.0,0,17.25,19.25
2026-07-08 05:00:00,R301,Residential,400,40.73,-73.98,76,40,Cloudy,24.7,0.0,0,19.0,17.25
2026-07-08 06:00:00,R301,Residential,400,40.73,-73.98,68,40,Cloudy,24.7,0.0,0,17.0,19.0
2026-07-08 07:00:00,R301,Residential,400,40.73,-73.98,335,17,Cloudy,24.7,0.0,0,83.75,17.0
2026-07-08 08:00:00,R301,Residential,400,40.73,-73.98,313,19,Cloudy,24.7,0.0,0,78.25,83.75
2026-07-08 09:00:00,R301,Residential,400,40.73,-73.98,399,14,Cloudy,24.7,0.0,0,99.75,78.25
2026-07-08 10:00:00,R301,Residential,400,40.73,-73.98,208,28,Cloudy,24.7,0.0,0,52.0,99.75
2026-07-08 11:00:00,R301,Residential,400,40.73,-73.98,235,25,Cloudy,24.7,0.0,0,58.75,52.0
2026-07-08 12:00:00,R301,Residential,400,40.73,-73.98,231,26,Cloudy,24.7,0.0,0,57.75,58.75
2026-07-08 13:00:00,R301,Residential,400,40.73,-73.98,246,24,Cloudy,24.7,0.0,0,61.5,57.75
2026-07-08 14:00:00,R301,Residential,400,40.73,-73.98,242,25,Cloudy,24.7,0.0,0,60.5,61.5
2026-07-08 15:00:00,R301,Residential,400,40.73,-73.98,212,28,Cloudy,24.7,0.0,0,53.0,60.5
2026-07-08 16:00:00,R301,Residential,400,40.73,-73.98,422,12,Cloudy,24.7,0.0,0,105.5,53.0
2026-07-08 17:00:00,R301,Residential,400,40.73,-73.98,427,12,Cloudy,24.7,0.0,0,106.75,105.5
2026-07-08 18:00:00,R301,Residential,400,40.73,-73.98,342,17,Cloudy,24.7,0.0,0,85.5,106.75
2026-07-08 19:00:00,R301,Residential,400,40.73,-73.98,377,15,Cloudy,24.7,0.0,0,94.25,85.5
2026-07-08 20:00:00,R301,Residential,400,40.73,-73.98,77,40,Cloudy,24.7,0.0,0,19.25,94.25
2026-07-08 21:00:00,R301,Residential,400,40.73,-73.98,91,40,Cloudy,24.7,0.0,0,22.75,19.25
2026-07-08 22:00:00,R301,Residential,400,40.73,-73.98,82,40,Cloudy,24.7,0.0,0,20.5,22.75
2026-07-08 23:00:00,R301,Residential,400,40.73,-73.98,76,40,Cloudy,24.7,0.0,0,19.0,20.5
2026-07-09 00:00:00,R301,Residential,400,40.73,-73.98,85,40,Cloudy,15.5,0.0,0,21.25,19.0
2026-07-09 01:00:00,R301,Residential,400,40.73,-73.98,74,40,Cloudy,15.5,0.0,0,18.5,21.25
2026-07-09 02:00:00,R301,Residential,400,40.73,-73.98,87,40,Cloudy,15.5,0.0,0,21.75,18.5
2026-07-09 03:00:00,R301,Residential,400,40.73,-73.98,69,40,Cloudy,15.5,0.0,0,17.25,21.75
2026-07-09 04:00:00,R301,Residential,400,40.73,-73.98,86,40,Cloudy,15.5,0.0,0,21.5,17.25
2026-07-09 05:00:00,R301,Residential,400,40.73,-73.98,86,40,Cloudy,15.5,0.0,0,21.5,21.5
2026-07-09 06:00:00,R301,Residential,400,40.73,-73.98,80,40,Cloudy,15.5,0.0,0,20.0,21.5
2026-07-09 07:00:00,R301,Residential,400,40.73,-73.98,329,18,Cloudy,15.5,0.0,0,82.25,20.0
2026-07-09 08:00:00,R301,Residential,400,40.73,-73.98,335,17,Cloudy,15.5,0.0,0,83.75,82.25
2026-07-09 09:00:00,R301,Residential,400,40.73,-73.98,368,15,Cloudy,15.5,0.0,0,92.0,83.75
2026-07-09 10:00:00,R301,Residential,400,40.73,-73.98,244,25,Cloudy,15.5,0.0,0,61.0,92.0
2026-07-09 11:00:00,R301,Residential,400,40.73,-73.98,231,26,Cloudy,15.5,0.0,0,57.75,61.0
2026-07-09 12:00:00,R301,Residential,400,40.73,-73.98,229,26,Cloudy,15.5,0.0,0,57.25,57.75
2026-07-09 13:00:00,R301,Residential,400,40.73,-73.98,226,26,Cloudy,15.5,0.0,0,56.5,57.25
2026-07-09 14:00:00,R301,Residential,400,40.73,-73.98,275,22,Cloudy,15.5,0.0,0,68.75,56.5
2026-07-09 15:00:00,R301,Residential,400,40.73,-73.98,237,25,Cloudy,15.5,0.0,0,59.25,68.75
2026-07-09 16:00:00,R301,Residential,400,40.73,-73.98,343,17,Cloudy,15.5,0.0,0,85.75,59.25
2026-07-09 17:00:00,R301,Residential,400,40.73,-73.98,378,15,Cloudy,15.5,0.0,0,94.5,85.75
2026-07-09 18:00:00,R301,Residential,400,40.73,-73.98,414,13,Cloudy,15.5,0.0,0,103.5,94.5
2026-07-09 19:00:00,R301,Residential,400,40.73,-73.98,379,15,Cloudy,15.5,0.0,0,94.75,103.5
2026-07-09 20:00:00,R301,Residential,400,40.73,-73.98,85,40,Cloudy,15.5,0.0,0,21.25,94.75
2026-07-09 21:00:00,R301,Residential,400,40.73,-73.98,87,40,Cloudy,15.5,0.0,0,21.75,21.25
2026-07-09 22:00:00,R301,Residential,400,40.73,-73.98,89,40,Cloudy,15.5,0.0,0,22.25,21.75
2026-07-09 23:00:00,R301,Residential,400,40.73,-73.98,77,40,Cloudy,15.5,0.0,0,19.25,22.25
2026-07-10 00:00:00,R301,Residential,400,40.73,-73.98,91,40,Cloudy,21.6,0.0,0,22.75,19.25
2026-07-10 01:00:00,R301,Residential,400,40.73,-73.98,70,40,Cloudy,21.6,0.0,0,17.5,22.75
2026-07-10 02:00:00,R301,Residential,400,40.73,-73.98,69,40,Cloudy,21.6,0.0,0,17.25,17.5
2026-07-10 03:00:00,R301,Residential,400,40.73,-73.98,87,40,Cloudy,21.6,0.0,0,21.75,17.25
2026-07-10 04:00:00,R301,Residential,400,40.73,-73.98,83,40,Cloudy,21.6,0.0,0,20.75,21.75
2026-07-10 05:00:00,R301,Residential,400,40.73,-73.98,71,40,Cloudy,21.6,0.0,0,17.75,20.75
2026-07-10 06:00:00,R301,Residential,400,40.73,-73.98,72,40,Cloudy,21.6,0.0,0,18.0,17.75
2026-07-10 07:00:00,R301,Residential,400,40.73,-73.98,412,13,Cloudy,21.6,0.0,0,103.0,18.0
2026-07-10 08:00:00,R301,Residential,400,40.73,-73.98,318,19,Cloudy,21.6,0.0,0,79.5,103.0
2026-07-10 09:00:00,R301,Residential,400,40.73,-73.98,344,17,Cloudy,21.6,0.0,0,86.0,79.5
2026-07-10 10:00:00,R301,Residential,400,40.73,-73.98,260,23,Cloudy,21.6,0.0,0,65.0,86.0
2026-07-10 11:00:00,R301,Residential,400,40.73,-73.98,233,26,Cloudy,21.6,0.0,0,58.25,65.0
2026-07-10 12:00:00,R301,Residential,400,40.73,-73.98,241,25,Cloudy,21.6,0.0,0,60.25,58.25
2026-07-10 13:00:00,R301,Residential,400,40.73,-73.98,263,23,Cloudy,21.6,0.0,0,65.75,60.25
2026-07-10 14:00:00,R301,Residential,400,40.73,-73.98,240,25,Cloudy,21.6,0.0,0,60.0,65.75
2026-07-10 15:00:00,R301,Residential,400,40.73,-73.98,237,25,Cloudy,21.6,0.0,0,59.25,60.0
2026-07-10 16:00:00,R301,Residential,400,40.73,-73.98,427,12,Cloudy,21.6,0.0,0,106.75,59.25
2026-07-10 17:00:00,R301,Residential,400,40.73,-73.98,435,12,Cloudy,21.6,0.0,0,108.75,106.75
2026-07-10 18:00:00,R301,Residential,400,40.73,-73.98,364,16,Cloudy,21.6,0.0,0,91.0,108.75
2026-07-10 19:00:00,R301,Residential,400,40.73,-73.98,344,17,Cloudy,21.6,0.0,0,86.0,91.0
2026-07-10 20:00:00,R301,Residential,400,40.73,-73.98,86,40,Cloudy,21.6,0.0,0,21.5,86.0
2026-07-10 21:00:00,R301,Residential,400,40.73,-73.98,86,40,Cloudy,21.6,0.0,0,21.5,21.5
2026-07-10 22:00:00,R301,Residential,400,40.73,-73.98,80,40,Cloudy,21.6,0.0,0,20.0,21.5
2026-07-10 23:00:00,R301,Residential,400,40.73,-73.98,72,40,Cloudy,21.6,0.0,0,18.0,20.0
2026-07-11 00:00:00,R301,Residential,400,40.73,-73.98,71,40,Cloudy,16.4,0.0,0,17.75,18.0
2026-07-11 01:00:00,R301,Residential,400,40.73,-73.98,88,40,Cloudy,16.4,0.0,0,22.0,17.75
2026-07-11 02:00:00,R301,Residential,400,40.73,-73.98,73,40,Cloudy,16.4,0.0,0,18.25,22.0
2026-07-11 03:00:00,R301,Residential,400,40.73,-73.98,91,40,Cloudy,16.4,0.0,0,22.75,18.25
2026-07-11 04:00:00,R301,Residential,400,40.73,-73.98,74,40,Cloudy,16.4,0.0,0,18.5,22.75
2026-07-11 05:00:00,R301,Residential,400,40.73,-73.98,68,40,Cloudy,16.4,0.0,0,17.0,18.5
2026-07-11 06:00:00,R301,Residential,400,40.73,-73.98,71,40,Cloudy,16.4,0.0,0,17.75,17.0
2026-07-11 07:00:00,R301,Residential,400,40.73,-73.98,73,40,Cloudy,16.4,0.0,0,18.25,17.75
2026-07-11 08:00:00,R301,Residential,400,40.73,-73.98,82,40,Cloudy,16.4,0.0,0,20.5,18.25
2026-07-11 09:00:00,R301,Residential,400,40.73,-73.98,75,40,Cloudy,16.4,0.0,0,18.75,20.5
2026-07-11 10:00:00,R301,Residential,400,40.73,-73.98,71,40,Cloudy,16.4,0.0,0,17.75,18.75
2026-07-11 11:00:00,R301,Residential,400,40.73,-73.98,297,20,Cloudy,16.4,0.0,0,74.25,17.75
2026-07-11 12:00:00,R301,Residential,400,40.73,-73.98,239,25,Cloudy,16.4,0.0,0,59.75,74.25
2026-07-11 13:00:00,R301,Residential,400,40.73,-73.98,276,22,Cloudy,16.4,0.0,0,69.0,59.75
2026-07-11 14:00:00,R301,Residential,400,40.73,-73.98,290,21,Cloudy,16.4,0.0,0,72.5,69.0
2026-07-11 15:00:00,R301,Residential,400,40.73,-73.98,251,24,Cloudy,16.4,0.0,0,62.75,72.5
2026-07-11 16:00:00,R301,Residential,400,40.73,-73.98,220,27,Cloudy,16.4,0.0,0,55.0,62.75
2026-07-11 17:00:00,R301,Residential,400,40.73,-73.98,242,25,Cloudy,16.4,0.0,0,60.5,55.0
2026-07-11 18:00:00,R301,Residential,400,40.73,-73.98,204,29,Cloudy,16.4,0.0,0,51.0,60.5
2026-07-11 19:00:00,R301,Residential,400,40.73,-73.98,258,23,Cloudy,16.4,0.0,0,64.5,51.0
2026-07-11 20:00:00,R301,Residential,400,40.73,-73.98,204,29,Cloudy,16.4,0.0,0,51.0,64.5
2026-07-11 21:00:00,R301,Residential,400,40.73,-73.98,77,40,Cloudy,16.4,0.0,0,19.25,51.0
2026-07-11 22:00:00,R301,Residential,400,40.73,-73.98,90,40,Cloudy,16.4,0.0,0,22.5,19.25
2026-07-11 23:00:00,R301,Residential,400,40.73,-73.98,75,40,Cloudy,16.4,0.0,0,18.75,22.5
2026-07-12 00:00:00,R301,Residential,400,40.73,-73.98,71,40,Clear,32.1,0.0,0,17.75,18.75
2026-07-12 01:00:00,R301,Residential,400,40.73,-73.98,90,40,Clear,32.1,0.0,0,22.5,17.75
2026-07-12 02:00:00,R301,Residential,400,40.73,-73.98,85,40,Clear,32.1,0.0,0,21.25,22.5
2026-07-12 03:00:00,R301,Residential,400,40.73,-73.98,72,40,Clear,32.1,0.0,0,18.0,21.25
2026-07-12 04:00:00,R301,Residential,400,40.73,-73.98,74,40,Clear,32.1,0.0,0,18.5,18.0
2026-07-12 05:00:00,R301,Residential,400,40.73,-73.98,84,40,Clear,32.1,0.0,0,21.0,18.5
2026-07-12 06:00:00,R301,Residential,400,40.73,-73.98,90,40,Clear,32.1,0.0,0,22.5,21.0
2026-07-12 07:00:00,R301,Residential,400,40.73,-73.98,85,40,Clear,32.1,0.0,0,21.25,22.5
2026-07-12 08:00:00,R301,Residential,400,40.73,-73.98,70,40,Clear,32.1,0.0,0,17.5,21.25
2026-07-12 09:00:00,R301,Residential,400,40.73,-73.98,81,40,Clear,32.1,0.0,0,20.25,17.5
2026-07-12 10:00:00,R301,Residential,400,40.73,-73.98,74,40,Clear,32.1,0.0,0,18.5,20.25
2026-07-12 11:00:00,R301,Residential,400,40.73,-73.98,241,25,Clear,32.1,0.0,0,60.25,18.5
2026-07-12 12:00:00,R301,Residential,400,40.73,-73.98,254,24,Clear,32.1,0.0,0,63.5,60.25
2026-07-12 13:00:00,R301,Residential,400,40.73,-73.98,275,22,Clear,32.1,0.0,0,68.75,63.5
2026-07-12 14:00:00,R301,Residential,400,40.73,-73.98,245,25,Clear,32.1,0.0,0,61.25,68.75
2026-07-12 15:00:00,R301,Residential,400,40.73,-73.98,304,20,Clear,32.1,0.0,0,76.0,61.25
2026-07-12 16:00:00,R301,Residential,400,40.73,-73.98,211,28,Clear,32.1,0.0,0,52.75,76.0
2026-07-12 17:00:00,R301,Residential,400,40.73,-73.98,230,26,Clear,32.1,0.0,0,57.5,52.75
2026-07-12 18:00:00,R301,Residential,400,40.73,-73.98,264,23,Clear,32.1,0.0,0,66.0,57.5
2026-07-12 19:00:00,R301,Residential,400,40.73,-73.98,225,26,Clear,32.1,0.0,0,56.25,66.0
2026-07-12 20:00:00,R301,Residential,400,40.73,-73.98,274,22,Clear,32.1,0.0,0,68.5,56.25
2026-07-12 21:00:00,R301,Residential,400,40.73,-73.98,80,40,Clear,32.1,0.0,0,20.0,68.5
2026-07-12 22:00:00,R301,Residential,400,40.73,-73.98,84,40,Clear,32.1,0.0,0,21.0,20.0
2026-07-12 23:00:00,R301,Residential,400,40.73,-73.98,80,40,Clear,32.1,0.0,0,20.0,21.0
2026-07-13 00:00:00,R301,Residential,400,40.73,-73.98,85,40,Clear,24.9,0.0,0,21.25,20.0
2026-07-13 01:00:00,R301,Residential,400,40.73,-73.98,87,40,Clear,24.9,0.0,0,21.75,21.25
2026-07-13 02:00:00,R301,Residential,400,40.73,-73.98,91,40,Clear,24.9,0.0,0,22.75,21.75
2026-07-13 03:00:00,R301,Residential,400,40.73,-73.98,85,40,Clear,24.9,0.0,0,21.25,22.75
2026-07-13 04:00:00,R301,Residential,400,40.73,-73.98,81,40,Clear,24.9,0.0,0,20.25,21.25
2026-07-13 05:00:00,R301,Residential,400,40.73,-73.98,78,40,Clear,24.9,0.0,0,19.5,20.25
2026-07-13 06:00:00,R301,Residential,400,40.73,-73.98,77,40,Clear,24.9,0.0,0,19.25,19.5
2026-07-13 07:00:00,R301,Residential,400,40.73,-73.98,346,17,Clear,24.9,0.0,0,86.5,19.25
2026-07-13 08:00:00,R301,Residential,400,40.73,-73.98,403,13,Clear,24.9,0.0,0,100.75,86.5
2026-07-13 09:00:00,R301,Residential,400,40.73,-73.98,322,18,Clear,24.9,0.0,0,80.5,100.75
2026-07-13 10:00:00,R301,Residential,400,40.73,-73.98,230,26,Clear,24.9,0.0,0,57.5,80.5
2026-07-13 11:00:00,R301,Residential,400,40.73,-73.98,222,27,Clear,24.9,0.0,0,55.5,57.5
2026-07-13 12:00:00,R301,Residential,400,40.73,-73.98,206,28,Clear,24.9,0.0,0,51.5,55.5
2026-07-13 13:00:00,R301,Residential,400,40.73,-73.98,252,24,Clear,24.9,0.0,0,63.0,51.5
2026-07-13 14:00:00,R301,Residential,400,40.73,-73.98,223,27,Clear,24.9,0.0,0,55.75,63.0
2026-07-13 15:00:00,R301,Residential,400,40.73,-73.98,260,23,Clear,24.9,0.0,0,65.0,55.75
2026-07-13 16:00:00,R301,Residential,400,40.73,-73.98,359,16,Clear,24.9,0.0,0,89.75,65.0
2026-07-13 17:00:00,R301,Residential,400,40.73,-73.98,398,14,Clear,24.9,0.0,0,99.5,89.75
2026-07-13 18:00:00,R301,Residential,400,40.73,-73.98,331,18,Clear,24.9,0.0,0,82.75,99.5
2026-07-13 19:00:00,R301,Residential,400,40.73,-73.98,324,18,Clear,24.9,0.0,0,81.0,82.75
2026-07-13 20:00:00,R301,Residential,400,40.73,-73.98,75,40,Clear,24.9,0.0,0,18.75,81.0
2026-07-13 21:00:00,R301,Residential,400,40.73,-73.98,71,40,Clear,24.9,0.0,0,17.75,18.75
2026-07-13 22:00:00,R301,Residential,400,40.73,-73.98,82,40,Clear,24.9,0.0,0,20.5,17.75
2026-07-13 23:00:00,R301,Residential,400,40.73,-73.98,76,40,Clear,24.9,0.0,0,19.0,20.5
2026-07-14 00:00:00,R301,Residential,400,40.73,-73.98,78,40,Clear,22.5,0.0,0,19.5,19.0
2026-07-14 01:00:00,R301,Residential,400,40.73,-73.98,84,40,Clear,22.5,0.0,0,21.0,19.5
2026-07-14 02:00:00,R301,Residential,400,40.73,-73.98,70,40,Clear,22.5,0.0,0,17.5,21.0
2026-07-14 03:00:00,R301,Residential,400,40.73,-73.98,69,40,Clear,22.5,0.0,0,17.25,17.5
2026-07-14 04:00:00,R301,Residential,400,40.73,-73.98,68,40,Clear,22.5,0.0,0,17.0,17.25
2026-07-14 05:00:00,R301,Residential,400,40.73,-73.98,91,40,Clear,22.5,0.0,0,22.75,17.0
2026-07-14 06:00:00,R301,Residential,400,40.73,-73.98,88,40,Clear,22.5,0.0,0,22.0,22.75
2026-07-14 07:00:00,R301,Residential,400,40.73,-73.98,395,14,Clear,22.5,0.0,0,98.75,22.0
2026-07-14 08:00:00,R301,Residential,400,40.73,-73.98,306,19,Clear,22.5,0.0,0,76.5,98.75
2026-07-14 09:00:00,R301,Residential,400,40.73,-73.98,387,14,Clear,22.5,0.0,0,96.75,76.5
2026-07-14 10:00:00,R301,Residential,400,40.73,-73.98,234,26,Clear,22.5,0.0,0,58.5,96.75
2026-07-14 11:00:00,R301,Residential,400,40.73,-73.98,239,25,Clear,22.5,0.0,0,59.75,58.5
2026-07-14 12:00:00,R301,Residential,400,40.73,-73.98,246,24,Clear,22.5,0.0,0,61.5,59.75
2026-07-14 13:00:00,R301,Residential,400,40.73,-73.98,226,26,Clear,22.5,0.0,0,56.5,61.5
2026-07-14 14:00:00,R301,Residential,400,40.73,-73.98,272,22,Clear,22.5,0.0,0,68.0,56.5
2026-07-14 15:00:00,R301,Residential,400,40.73,-73.98,233,26,Clear,22.5,0.0,0,58.25,68.0
2026-07-14 16:00:00,R301,Residential,400,40.73,-73.98,424,12,Clear,22.5,0.0,0,106.0,58.25
2026-07-14 17:00:00,R301,Residential,400,40.73,-73.98,358,16,Clear,22.5,0.0,0,89.5,106.0
2026-07-14 18:00:00,R301,Residential,400,40.73,-73.98,380,15,Clear,22.5,0.0,0,95.0,89.5
2026-07-14 19:00:00,R301,Residential,400,40.73,-73.98,411,13,Clear,22.5,0.0,0,102.75,95.0
2026-07-14 20:00:00,R301,Residential,400,40.73,-73.98,78,40,Clear,22.5,0.0,0,19.5,102.75
2026-07-14 21:00:00,R301,Residential,400,40.73,-73.98,74,40,Clear,22.5,0.0,0,18.5,19.5
2026-07-14 22:00:00,R301,Residential,400,40.73,-73.98,75,40,Clear,22.5,0.0,0,18.75,18.5
2026-07-14 23:00:00,R301,Residential,400,40.73,-73.98,69,40,Clear,22.5,0.0,0,17.25,18.75
2026-07-15 00:00:00,R301,Residential,400,40.73,-73.98,69,32,Heavy Rain,12.5,10.1,0,17.25,17.25
2026-07-15 01:00:00,R301,Residential,400,40.73,-73.98,61,32,Heavy Rain,12.5,10.1,0,15.25,17.25
2026-07-15 02:00:00,R301,Residential,400,40.73,-73.98,80,32,Heavy Rain,12.5,10.1,0,20.0,15.25
2026-07-15 03:00:00,R301,Residential,400,40.73,-73.98,67,32,Heavy Rain,12.5,10.1,0,16.75,20.0
2026-07-15 04:00:00,R301,Residential,400,40.73,-73.98,81,32,Heavy Rain,12.5,10.1,0,20.25,16.75
2026-07-15 05:00:00,R301,Residential,400,40.73,-73.98,62,32,Heavy Rain,12.5,10.1,0,15.5,20.25
2026-07-15 06:00:00,R301,Residential,400,40.73,-73.98,63,32,Heavy Rain,12.5,10.1,0,15.75,15.5
2026-07-15 07:00:00,R301,Residential,400,40.73,-73.98,367,12,Heavy Rain,12.5,10.1,0,91.75,15.75
2026-07-15 08:00:00,R301,Residential,400,40.73,-73.98,319,15,Heavy Rain,12.5,10.1,0,79.75,91.75
2026-07-15 09:00:00,R301,Residential,400,40.73,-73.98,328,14,Heavy Rain,12.5,10.1,0,82.0,79.75
2026-07-15 10:00:00,R301,Residential,400,40.73,-73.98,241,20,Heavy Rain,12.5,10.1,0,60.25,82.0
2026-07-15 11:00:00,R301,Residential,400,40.73,-73.98,222,21,Heavy Rain,12.5,10.1,0,55.5,60.25
2026-07-15 12:00:00,R301,Residential,400,40.73,-73.98,218,22,Heavy Rain,12.5,10.1,0,54.5,55.5
2026-07-15 13:00:00,R301,Residential,400,40.73,-73.98,196,24,Heavy Rain,12.5,10.1,0,49.0,54.5
2026-07-15 14:00:00,R301,Residential,400,40.73,-73.98,221,21,Heavy Rain,12.5,10.1,0,55.25,49.0
2026-07-15 15:00:00,R301,Residential,400,40.73,-73.98,190,24,Heavy Rain,12.5,10.1,0,47.5,55.25
2026-07-15 16:00:00,R301,Residential,400,40.73,-73.98,366,5,Heavy Rain,12.5,10.1,1,91.5,47.5
2026-07-15 17:00:00,R301,Residential,400,40.73,-73.98,402,5,Heavy Rain,12.5,10.1,1,100.5,91.5
2026-07-15 18:00:00,R301,Residential,400,40.73,-73.98,333,14,Heavy Rain,12.5,10.1,0,83.25,100.5
2026-07-15 19:00:00,R301,Residential,400,40.73,-73.98,342,13,Heavy Rain,12.5,10.1,0,85.5,83.25
2026-07-15 20:00:00,R301,Residential,400,40.73,-73.98,75,32,Heavy Rain,12.5,10.1,0,18.75,85.5
2026-07-15 21:00:00,R301,Residential,400,40.73,-73.98,68,32,Heavy Rain,12.5,10.1,0,17.0,18.75
2026-07-15 22:00:00,R301,Residential,400,40.73,-73.98,65,32,Heavy Rain,12.5,10.1,0,16.25,17.0
2026-07-15 23:00:00,R301,Residential,400,40.73,-73.98,67,32,Heavy Rain,12.5,10.1,0,16.75,16.25
2026-07-16 00:00:00,R301,Residential,400,40.73,-73.98,72,40,Clear,31.0,0.0,0,18.0,16.75
2026-07-16 01:00:00,R301,Residential,400,40.73,-73.98,87,40,Clear,31.0,0.0,0,21.75,18.0
2026-07-16 02:00:00,R301,Residential,400,40.73,-73.98,78,40,Clear,31.0,0.0,0,19.5,21.75
2026-07-16 03:00:00,R301,Residential,400,40.73,-73.98,75,40,Clear,31.0,0.0,0,18.75,19.5
2026-07-16 04:00:00,R301,Residential,400,40.73,-73.98,69,40,Clear,31.0,0.0,0,17.25,18.75
2026-07-16 05:00:00,R301,Residential,400,40.73,-73.98,83,40,Clear,31.0,0.0,0,20.75,17.25
2026-07-16 06:00:00,R301,Residential,400,40.73,-73.98,90,40,Clear,31.0,0.0,0,22.5,20.75
2026-07-16 07:00:00,R301,Residential,400,40.73,-73.98,324,18,Clear,31.0,0.0,0,81.0,22.5
2026-07-16 08:00:00,R301,Residential,400,40.73,-73.98,396,14,Clear,31.0,0.0,0,99.0,81.0
2026-07-16 09:00:00,R301,Residential,400,40.73,-73.98,377,15,Clear,31.0,0.0,0,94.25,99.0
2026-07-16 10:00:00,R301,Residential,400,40.73,-73.98,270,22,Clear,31.0,0.0,0,67.5,94.25
2026-07-16 11:00:00,R301,Residential,400,40.73,-73.98,247,24,Clear,31.0,0.0,0,61.75,67.5
2026-07-16 12:00:00,R301,Residential,400,40.73,-73.98,246,24,Clear,31.0,0.0,0,61.5,61.75
2026-07-16 13:00:00,R301,Residential,400,40.73,-73.98,247,24,Clear,31.0,0.0,0,61.75,61.5
2026-07-16 14:00:00,R301,Residential,400,40.73,-73.98,261,23,Clear,31.0,0.0,0,65.25,61.75
2026-07-16 15:00:00,R301,Residential,400,40.73,-73.98,261,23,Clear,31.0,0.0,0,65.25,65.25
2026-07-16 16:00:00,R301,Residential,400,40.73,-73.98,339,17,Clear,31.0,0.0,0,84.75,65.25
2026-07-16 17:00:00,R301,Residential,400,40.73,-73.98,419,13,Clear,31.0,0.0,0,104.75,84.75
2026-07-16 18:00:00,R301,Residential,400,40.73,-73.98,416,13,Clear,31.0,0.0,0,104.0,104.75
2026-07-16 19:00:00,R301,Residential,400,40.73,-73.98,436,12,Clear,31.0,0.0,0,109.0,104.0
2026-07-16 20:00:00,R301,Residential,400,40.73,-73.98,90,40,Clear,31.0,0.0,0,22.5,109.0
2026-07-16 21:00:00,R301,Residential,400,40.73,-73.98,86,40,Clear,31.0,0.0,0,21.5,22.5
2026-07-16 22:00:00,R301,Residential,400,40.73,-73.98,73,40,Clear,31.0,0.0,0,18.25,21.5
2026-07-16 23:00:00,R301,Residential,400,40.73,-73.98,69,40,Clear,31.0,0.0,0,17.25,18.25
2026-07-17 00:00:00,R301,Residential,400,40.73,-73.98,77,40,Clear,32.2,0.0,0,19.25,17.25
2026-07-17 01:00:00,R301,Residential,400,40.73,-73.98,73,40,Clear,32.2,0.0,0,18.25,19.25
2026-07-17 02:00:00,R301,Residential,400,40.73,-73.98,71,40,Clear,32.2,0.0,0,17.75,18.25
2026-07-17 03:00:00,R301,Residential,400,40.73,-73.98,68,40,Clear,32.2,0.0,0,17.0,17.75
2026-07-17 04:00:00,R301,Residential,400,40.73,-73.98,68,40,Clear,32.2,0.0,0,17.0,17.0
2026-07-17 05:00:00,R301,Residential,400,40.73,-73.98,78,40,Clear,32.2,0.0,0,19.5,17.0
2026-07-17 06:00:00,R301,Residential,400,40.73,-73.98,76,40,Clear,32.2,0.0,0,19.0,19.5
2026-07-17 07:00:00,R301,Residential,400,40.73,-73.98,389,14,Clear,32.2,0.0,0,97.25,19.0
2026-07-17 08:00:00,R301,Residential,400,40.73,-73.98,330,18,Clear,32.2,0.0,0,82.5,97.25
2026-07-17 09:00:00,R301,Residential,400,40.73,-73.98,384,14,Clear,32.2,0.0,0,96.0,82.5
2026-07-17 10:00:00,R301,Residential,400,40.73,-73.98,275,22,Clear,32.2,0.0,0,68.75,96.0
2026-07-17 11:00:00,R301,Residential,400,40.73,-73.98,231,26,Clear,32.2,0.0,0,57.75,68.75
2026-07-17 12:00:00,R301,Residential,400,40.73,-73.98,249,24,Clear,32.2,0.0,0,62.25,57.75
2026-07-17 13:00:00,R301,Residential,400,40.73,-73.98,258,23,Clear,32.2,0.0,0,64.5,62.25
2026-07-17 14:00:00,R301,Residential,400,40.73,-73.98,268,22,Clear,32.2,0.0,0,67.0,64.5
2026-07-17 15:00:00,R301,Residential,400,40.73,-73.98,246,24,Clear,32.2,0.0,0,61.5,67.0
2026-07-17 16:00:00,R301,Residential,400,40.73,-73.98,347,17,Clear,32.2,0.0,0,86.75,61.5
2026-07-17 17:00:00,R301,Residential,400,40.73,-73.98,420,12,Clear,32.2,0.0,0,105.0,86.75
2026-07-17 18:00:00,R301,Residential,400,40.73,-73.98,341,17,Clear,32.2,0.0,0,85.25,105.0
2026-07-17 19:00:00,R301,Residential,400,40.73,-73.98,384,14,Clear,32.2,0.0,0,96.0,85.25
2026-07-17 20:00:00,R301,Residential,400,40.73,-73.98,91,40,Clear,32.2,0.0,0,22.75,96.0
2026-07-17 21:00:00,R301,Residential,400,40.73,-73.98,82,40,Clear,32.2,0.0,0,20.5,22.75
2026-07-17 22:00:00,R301,Residential,400,40.73,-73.98,88,40,Clear,32.2,0.0,0,22.0,20.5
2026-07-17 23:00:00,R301,Residential,400,40.73,-73.98,88,40,Clear,32.2,0.0,0,22.0,22.0
2026-07-18 00:00:00,R301,Residential,400,40.73,-73.98,91,9,Rainy,16.5,12.3,1,22.75,22.0
2026-07-18 01:00:00,R301,Residential,400,40.73,-73.98,81,32,Rainy,16.5,12.3,0,20.25,22.75
2026-07-18 02:00:00,R301,Residential,400,40.73,-73.98,88,32,Rainy,16.5,12.3,0,22.0,20.25
2026-07-18 03:00:00,R301,Residential,400,40.73,-73.98,80,32,Rainy,16.5,12.3,0,20.0,22.0
2026-07-18 04:00:00,R301,Residential,400,40.73,-73.98,70,32,Rainy,16.5,12.3,0,17.5,20.0
2026-07-18 05:00:00,R301,Residential,400,40.73,-73.98,72,32,Rainy,16.5,12.3,0,18.0,17.5
2026-07-18 06:00:00,R301,Residential,400,40.73,-73.98,88,32,Rainy,16.5,12.3,0,22.0,18.0
2026-07-18 07:00:00,R301,Residential,400,40.73,-73.98,79,32,Rainy,16.5,12.3,0,19.75,22.0
2026-07-18 08:00:00,R301,Residential,400,40.73,-73.98,76,32,Rainy,16.5,12.3,0,19.0,19.75
2026-07-18 09:00:00,R301,Residential,400,40.73,-73.98,90,32,Rainy,16.5,12.3,0,22.5,19.0
2026-07-18 10:00:00,R301,Residential,400,40.73,-73.98,90,32,Rainy,16.5,12.3,0,22.5,22.5
2026-07-18 11:00:00,R301,Residential,400,40.73,-73.98,274,17,Rainy,16.5,12.3,0,68.5,22.5
2026-07-18 12:00:00,R301,Residential,400,40.73,-73.98,298,16,Rainy,16.5,12.3,0,74.5,68.5
2026-07-18 13:00:00,R301,Residential,400,40.73,-73.98,261,18,Rainy,16.5,12.3,0,65.25,74.5
2026-07-18 14:00:00,R301,Residential,400,40.73,-73.98,267,18,Rainy,16.5,12.3,0,66.75,65.25
2026-07-18 15:00:00,R301,Residential,400,40.73,-73.98,319,15,Rainy,16.5,12.3,0,79.75,66.75
2026-07-18 16:00:00,R301,Residential,400,40.73,-73.98,224,21,Rainy,16.5,12.3,0,56.0,79.75
2026-07-18 17:00:00,R301,Residential,400,40.73,-73.98,252,19,Rainy,16.5,12.3,0,63.0,56.0
2026-07-18 18:00:00,R301,Residential,400,40.73,-73.98,209,22,Rainy,16.5,12.3,0,52.25,63.0
2026-07-18 19:00:00,R301,Residential,400,40.73,-73.98,228,21,Rainy,16.5,12.3,0,57.0,52.25
2026-07-18 20:00:00,R301,Residential,400,40.73,-73.98,270,18,Rainy,16.5,12.3,0,67.5,57.0
2026-07-18 21:00:00,R301,Residential,400,40.73,-73.98,71,32,Rainy,16.5,12.3,0,17.75,67.5
2026-07-18 22:00:00,R301,Residential,400,40.73,-73.98,85,9,Rainy,16.5,12.3,1,21.25,17.75
2026-07-18 23:00:00,R301,Residential,400,40.73,-73.98,87,32,Rainy,16.5,12.3,0,21.75,21.25
2026-07-19 00:00:00,R301,Residential,400,40.73,-73.98,79,32,Heavy Rain,11.0,2.9,0,19.75,21.75
2026-07-19 01:00:00,R301,Residential,400,40.73,-73.98,70,32,Heavy Rain,11.0,2.9,0,17.5,19.75
2026-07-19 02:00:00,R301,Residential,400,40.73,-73.98,80,9,Heavy Rain,11.0,2.9,1,20.0,17.5
2026-07-19 03:00:00,R301,Residential,400,40.73,-73.98,72,32,Heavy Rain,11.0,2.9,0,18.0,20.0
2026-07-19 04:00:00,R301,Residential,400,40.73,-73.98,79,32,Heavy Rain,11.0,2.9,0,19.75,18.0
2026-07-19 05:00:00,R301,Residential,400,40.73,-73.98,74,32,Heavy Rain,11.0,2.9,0,18.5,19.75
2026-07-19 06:00:00,R301,Residential,400,40.73,-73.98,62,32,Heavy Rain,11.0,2.9,0,15.5,18.5
2026-07-19 07:00:00,R301,Residential,400,40.73,-73.98,78,32,Heavy Rain,11.0,2.9,0,19.5,15.5
2026-07-19 08:00:00,R301,Residential,400,40.73,-73.98,66,32,Heavy Rain,11.0,2.9,0,16.5,19.5
2026-07-19 09:00:00,R301,Residential,400,40.73,-73.98,67,32,Heavy Rain,11.0,2.9,0,16.75,16.5
2026-07-19 10:00:00,R301,Residential,400,40.73,-73.98,62,32,Heavy Rain,11.0,2.9,0,15.5,16.75
2026-07-19 11:00:00,R301,Residential,400,40.73,-73.98,234,20,Heavy Rain,11.0,2.9,0,58.5,15.5
2026-07-19 12:00:00,R301,Residential,400,40.73,-73.98,244,20,Heavy Rain,11.0,2.9,0,61.0,58.5
2026-07-19 13:00:00,R301,Residential,400,40.73,-73.98,266,5,Heavy Rain,11.0,2.9,1,66.5,61.0
2026-07-19 14:00:00,R301,Residential,400,40.73,-73.98,287,17,Heavy Rain,11.0,2.9,0,71.75,66.5
2026-07-19 15:00:00,R301,Residential,400,40.73,-73.98,223,21,Heavy Rain,11.0,2.9,0,55.75,71.75
2026-07-19 16:00:00,R301,Residential,400,40.73,-73.98,193,24,Heavy Rain,11.0,2.9,0,48.25,55.75
2026-07-19 17:00:00,R301,Residential,400,40.73,-73.98,200,23,Heavy Rain,11.0,2.9,0,50.0,48.25
2026-07-19 18:00:00,R301,Residential,400,40.73,-73.98,193,24,Heavy Rain,11.0,2.9,0,48.25,50.0
2026-07-19 19:00:00,R301,Residential,400,40.73,-73.98,234,20,Heavy Rain,11.0,2.9,0,58.5,48.25
2026-07-19 20:00:00,R301,Residential,400,40.73,-73.98,213,22,Heavy Rain,11.0,2.9,0,53.25,58.5
2026-07-19 21:00:00,R301,Residential,400,40.73,-73.98,67,32,Heavy Rain,11.0,2.9,0,16.75,53.25
2026-07-19 22:00:00,R301,Residential,400,40.73,-73.98,64,32,Heavy Rain,11.0,2.9,0,16.0,16.75
2026-07-19 23:00:00,R301,Residential,400,40.73,-73.98,69,32,Heavy Rain,11.0,2.9,0,17.25,16.0
2026-07-20 00:00:00,R301,Residential,400,40.73,-73.98,82,32,Rainy,10.5,13.6,0,20.5,17.25
2026-07-20 01:00:00,R301,Residential,400,40.73,-73.98,91,32,Rainy,10.5,13.6,0,22.75,20.5
2026-07-20 02:00:00,R301,Residential,400,40.73,-73.98,70,32,Rainy,10.5,13.6,0,17.5,22.75
2026-07-20 03:00:00,R301,Residential,400,40.73,-73.98,68,32,Rainy,10.5,13.6,0,17.0,17.5
2026-07-20 04:00:00,R301,Residential,400,40.73,-73.98,83,32,Rainy,10.5,13.6,0,20.75,17.0
2026-07-20 05:00:00,R301,Residential,400,40.73,-73.98,72,32,Rainy,10.5,13.6,0,18.0,20.75
2026-07-20 06:00:00,R301,Residential,400,40.73,-73.98,79,32,Rainy,10.5,13.6,0,19.75,18.0
2026-07-20 07:00:00,R301,Residential,400,40.73,-73.98,410,10,Rainy,10.5,13.6,0,102.5,19.75
2026-07-20 08:00:00,R301,Residential,400,40.73,-73.98,377,12,Rainy,10.5,13.6,0,94.25,102.5
2026-07-20 09:00:00,R301,Residential,400,40.73,-73.98,343,13,Rainy,10.5,13.6,0,85.75,94.25
2026-07-20 10:00:00,R301,Residential,400,40.73,-73.98,271,18,Rainy,10.5,13.6,0,67.75,85.75
2026-07-20 11:00:00,R301,Residential,400,40.73,-73.98,230,21,Rainy,10.5,13.6,0,57.5,67.75
2026-07-20 12:00:00,R301,Residential,400,40.73,-73.98,252,19,Rainy,10.5,13.6,0,63.0,57.5
2026-07-20 13:00:00,R301,Residential,400,40.73,-73.98,257,19,Rainy,10.5,13.6,0,64.25,63.0
2026-07-20 14:00:00,R301,Residential,400,40.73,-73.98,211,22,Rainy,10.5,13.6,0,52.75,64.25
2026-07-20 15:00:00,R301,Residential,400,40.73,-73.98,255,19,Rainy,10.5,13.6,0,63.75,52.75
2026-07-20 16:00:00,R301,Residential,400,40.73,-73.98,426,10,Rainy,10.5,13.6,0,106.5,63.75
2026-07-20 17:00:00,R301,Residential,400,40.73,-73.98,419,10,Rainy,10.5,13.6,0,104.75,106.5
2026-07-20 18:00:00,R301,Residential,400,40.73,-73.98,420,10,Rainy,10.5,13.6,0,105.0,104.75
2026-07-20 19:00:00,R301,Residential,400,40.73,-73.98,344,13,Rainy,10.5,13.6,0,86.0,105.0
2026-07-20 20:00:00,R301,Residential,400,40.73,-73.98,83,32,Rainy,10.5,13.6,0,20.75,86.0
2026-07-20 21:00:00,R301,Residential,400,40.73,-73.98,85,32,Rainy,10.5,13.6,0,21.25,20.75
2026-07-20 22:00:00,R301,Residential,400,40.73,-73.98,72,32,Rainy,10.5,13.6,0,18.0,21.25
2026-07-20 23:00:00,R301,Residential,400,40.73,-73.98,94,9,Rainy,10.5,13.6,1,23.5,18.0
2026-07-21 00:00:00,R301,Residential,400,40.73,-73.98,88,40,Clear,29.5,0.0,0,22.0,23.5
2026-07-21 01:00:00,R301,Residential,400,40.73,-73.98,91,40,Clear,29.5,0.0,0,22.75,22.0
2026-07-21 02:00:00,R301,Residential,400,40.73,-73.98,87,40,Clear,29.5,0.0,0,21.75,22.75
2026-07-21 03:00:00,R301,Residential,400,40.73,-73.98,90,40,Clear,29.5,0.0,0,22.5,21.75
2026-07-21 04:00:00,R301,Residential,400,40.73,-73.98,81,40,Clear,29.5,0.0,0,20.25,22.5
2026-07-21 05:00:00,R301,Residential,400,40.73,-73.98,85,40,Clear,29.5,0.0,0,21.25,20.25
2026-07-21 06:00:00,R301,Residential,400,40.73,-73.98,83,40,Clear,29.5,0.0,0,20.75,21.25
2026-07-21 07:00:00,R301,Residential,400,40.73,-73.98,480,5,Clear,29.5,0.0,1,120.0,20.75
2026-07-21 08:00:00,R301,Residential,400,40.73,-73.98,355,16,Clear,29.5,0.0,0,88.75,120.0
2026-07-21 09:00:00,R301,Residential,400,40.73,-73.98,368,15,Clear,29.5,0.0,0,92.0,88.75
2026-07-21 10:00:00,R301,Residential,400,40.73,-73.98,253,24,Clear,29.5,0.0,0,63.25,92.0
2026-07-21 11:00:00,R301,Residential,400,40.73,-73.98,214,28,Clear,29.5,0.0,0,53.5,63.25
2026-07-21 12:00:00,R301,Residential,400,40.73,-73.98,213,28,Clear,29.5,0.0,0,53.25,53.5
2026-07-21 13:00:00,R301,Residential,400,40.73,-73.98,222,27,Clear,29.5,0.0,0,55.5,53.25
2026-07-21 14:00:00,R301,Residential,400,40.73,-73.98,212,28,Clear,29.5,0.0,0,53.0,55.5
2026-07-21 15:00:00,R301,Residential,400,40.73,-73.98,219,27,Clear,29.5,0.0,0,54.75,53.0
2026-07-21 16:00:00,R301,Residential,400,40.73,-73.98,373,15,Clear,29.5,0.0,0,93.25,54.75
2026-07-21 17:00:00,R301,Residential,400,40.73,-73.98,410,13,Clear,29.5,0.0,0,102.5,93.25
2026-07-21 18:00:00,R301,Residential,400,40.73,-73.98,331,18,Clear,29.5,0.0,0,82.75,102.5
2026-07-21 19:00:00,R301,Residential,400,40.73,-73.98,433,12,Clear,29.5,0.0,0,108.25,82.75
2026-07-21 20:00:00,R301,Residential,400,40.73,-73.98,81,40,Clear,29.5,0.0,0,20.25,108.25
2026-07-21 21:00:00,R301,Residential,400,40.73,-73.98,83,40,Clear,29.5,0.0,0,20.75,20.25
2026-07-21 22:00:00,R301,Residential,400,40.73,-73.98,87,40,Clear,29.5,0.0,0,21.75,20.75
2026-07-21 23:00:00,R301,Residential,400,40.73,-73.98,82,40,Clear,29.5,0.0,0,20.5,21.75
2026-07-22 00:00:00,R301,Residential,400,40.73,-73.98,76,32,Rainy,17.2,4.6,0,19.0,20.5
2026-07-22 01:00:00,R301,Residential,400,40.73,-73.98,85,9,Rainy,17.2,4.6,1,21.25,19.0
2026-07-22 02:00:00,R301,Residential,400,40.73,-73.98,105,9,Rainy,17.2,4.6,1,26.25,21.25
2026-07-22 03:00:00,R301,Residential,400,40.73,-73.98,82,32,Rainy,17.2,4.6,0,20.5,26.25
2026-07-22 04:00:00,R301,Residential,400,40.73,-73.98,71,32,Rainy,17.2,4.6,0,17.75,20.5
2026-07-22 05:00:00,R301,Residential,400,40.73,-73.98,71,32,Rainy,17.2,4.6,0,17.75,17.75
2026-07-22 06:00:00,R301,Residential,400,40.73,-73.98,72,32,Rainy,17.2,4.6,0,18.0,17.75
2026-07-22 07:00:00,R301,Residential,400,40.73,-73.98,383,11,Rainy,17.2,4.6,0,95.75,18.0
2026-07-22 08:00:00,R301,Residential,400,40.73,-73.98,400,11,Rainy,17.2,4.6,0,100.0,95.75
2026-07-22 09:00:00,R301,Residential,400,40.73,-73.98,407,10,Rainy,17.2,4.6,0,101.75,100.0
2026-07-22 10:00:00,R301,Residential,400,40.73,-73.98,231,21,Rainy,17.2,4.6,0,57.75,101.75
2026-07-22 11:00:00,R301,Residential,400,40.73,-73.98,308,5,Rainy,17.2,4.6,1,77.0,57.75
2026-07-22 12:00:00,R301,Residential,400,40.73,-73.98,214,22,Rainy,17.2,4.6,0,53.5,77.0
2026-07-22 13:00:00,R301,Residential,400,40.73,-73.98,231,21,Rainy,17.2,4.6,0,57.75,53.5
2026-07-22 14:00:00,R301,Residential,400,40.73,-73.98,252,19,Rainy,17.2,4.6,0,63.0,57.75
2026-07-22 15:00:00,R301,Residential,400,40.73,-73.98,254,19,Rainy,17.2,4.6,0,63.5,63.0
2026-07-22 16:00:00,R301,Residential,400,40.73,-73.98,383,11,Rainy,17.2,4.6,0,95.75,63.5
2026-07-22 17:00:00,R301,Residential,400,40.73,-73.98,365,12,Rainy,17.2,4.6,0,91.25,95.75
2026-07-22 18:00:00,R301,Residential,400,40.73,-73.98,435,9,Rainy,17.2,4.6,0,108.75,91.25
2026-07-22 19:00:00,R301,Residential,400,40.73,-73.98,358,13,Rainy,17.2,4.6,0,89.5,108.75
2026-07-22 20:00:00,R301,Residential,400,40.73,-73.98,82,32,Rainy,17.2,4.6,0,20.5,89.5
2026-07-22 21:00:00,R301,Residential,400,40.73,-73.98,87,32,Rainy,17.2,4.6,0,21.75,20.5
2026-07-22 22:00:00,R301,Residential,400,40.73,-73.98,69,32,Rainy,17.2,4.6,0,17.25,21.75
2026-07-22 23:00:00,R301,Residential,400,40.73,-73.98,76,32,Rainy,17.2,4.6,0,19.0,17.25
2026-07-23 00:00:00,R301,Residential,400,40.73,-73.98,81,40,Cloudy,17.2,13.4,0,20.25,19.0
2026-07-23 01:00:00,R301,Residential,400,40.73,-73.98,87,40,Cloudy,17.2,13.4,0,21.75,20.25
2026-07-23 02:00:00,R301,Residential,400,40.73,-73.98,76,40,Cloudy,17.2,13.4,0,19.0,21.75
2026-07-23 03:00:00,R301,Residential,400,40.73,-73.98,90,40,Cloudy,17.2,13.4,0,22.5,19.0
2026-07-23 04:00:00,R301,Residential,400,40.73,-73.98,72,40,Cloudy,17.2,13.4,0,18.0,22.5
2026-07-23 05:00:00,R301,Residential,400,40.73,-73.98,85,40,Cloudy,17.2,13.4,0,21.25,18.0
2026-07-23 06:00:00,R301,Residential,400,40.73,-73.98,72,40,Cloudy,17.2,13.4,0,18.0,21.25
2026-07-23 07:00:00,R301,Residential,400,40.73,-73.98,311,19,Cloudy,17.2,13.4,0,77.75,18.0
2026-07-23 08:00:00,R301,Residential,400,40.73,-73.98,334,17,Cloudy,17.2,13.4,0,83.5,77.75
2026-07-23 09:00:00,R301,Residential,400,40.73,-73.98,363,16,Cloudy,17.2,13.4,0,90.75,83.5
2026-07-23 10:00:00,R301,Residential,400,40.73,-73.98,239,25,Cloudy,17.2,13.4,0,59.75,90.75
2026-07-23 11:00:00,R301,Residential,400,40.73,-73.98,266,23,Cloudy,17.2,13.4,0,66.5,59.75
2026-07-23 12:00:00,R301,Residential,400,40.73,-73.98,242,25,Cloudy,17.2,13.4,0,60.5,66.5
2026-07-23 13:00:00,R301,Residential,400,40.73,-73.98,214,28,Cloudy,17.2,13.4,0,53.5,60.5
2026-07-23 14:00:00,R301,Residential,400,40.73,-73.98,221,27,Cloudy,17.2,13.4,0,55.25,53.5
2026-07-23 15:00:00,R301,Residential,400,40.73,-73.98,236,25,Cloudy,17.2,13.4,0,59.0,55.25
2026-07-23 16:00:00,R301,Residential,400,40.73,-73.98,340,17,Cloudy,17.2,13.4,0,85.0,59.0
2026-07-23 17:00:00,R301,Residential,400,40.73,-73.98,397,14,Cloudy,17.2,13.4,0,99.25,85.0
2026-07-23 18:00:00,R301,Residential,400,40.73,-73.98,340,17,Cloudy,17.2,13.4,0,85.0,99.25
2026-07-23 19:00:00,R301,Residential,400,40.73,-73.98,359,16,Cloudy,17.2,13.4,0,89.75,85.0
2026-07-23 20:00:00,R301,Residential,400,40.73,-73.98,77,40,Cloudy,17.2,13.4,0,19.25,89.75
2026-07-23 21:00:00,R301,Residential,400,40.73,-73.98,78,40,Cloudy,17.2,13.4,0,19.5,19.25
2026-07-23 22:00:00,R301,Residential,400,40.73,-73.98,84,40,Cloudy,17.2,13.4,0,21.0,19.5
2026-07-23 23:00:00,R301,Residential,400,40.73,-73.98,91,40,Cloudy,17.2,13.4,0,22.75,21.0
2026-07-24 00:00:00,R301,Residential,400,40.73,-73.98,72,40,Clear,22.9,0.0,0,18.0,22.75
2026-07-24 01:00:00,R301,Residential,400,40.73,-73.98,90,40,Clear,22.9,0.0,0,22.5,18.0
2026-07-24 02:00:00,R301,Residential,400,40.73,-73.98,99,12,Clear,22.9,0.0,1,24.75,22.5
2026-07-24 03:00:00,R301,Residential,400,40.73,-73.98,90,40,Clear,22.9,0.0,0,22.5,24.75
2026-07-24 04:00:00,R301,Residential,400,40.73,-73.98,88,40,Clear,22.9,0.0,0,22.0,22.5
2026-07-24 05:00:00,R301,Residential,400,40.73,-73.98,74,40,Clear,22.9,0.0,0,18.5,22.0
2026-07-24 06:00:00,R301,Residential,400,40.73,-73.98,79,40,Clear,22.9,0.0,0,19.75,18.5
2026-07-24 07:00:00,R301,Residential,400,40.73,-73.98,406,13,Clear,22.9,0.0,0,101.5,19.75
2026-07-24 08:00:00,R301,Residential,400,40.73,-73.98,338,17,Clear,22.9,0.0,0,84.5,101.5
2026-07-24 09:00:00,R301,Residential,400,40.73,-73.98,387,14,Clear,22.9,0.0,0,96.75,84.5
2026-07-24 10:00:00,R301,Residential,400,40.73,-73.98,235,25,Clear,22.9,0.0,0,58.75,96.75
2026-07-24 11:00:00,R301,Residential,400,40.73,-73.98,216,27,Clear,22.9,0.0,0,54.0,58.75
2026-07-24 12:00:00,R301,Residential,400,40.73,-73.98,250,24,Clear,22.9,0.0,0,62.5,54.0
2026-07-24 13:00:00,R301,Residential,400,40.73,-73.98,216,27,Clear,22.9,0.0,0,54.0,62.5
2026-07-24 14:00:00,R301,Residential,400,40.73,-73.98,241,25,Clear,22.9,0.0,0,60.25,54.0
2026-07-24 15:00:00,R301,Residential,400,40.73,-73.98,213,28,Clear,22.9,0.0,0,53.25,60.25
2026-07-24 16:00:00,R301,Residential,400,40.73,-73.98,434,12,Clear,22.9,0.0,0,108.5,53.25
2026-07-24 17:00:00,R301,Residential,400,40.73,-73.98,383,14,Clear,22.9,0.0,0,95.75,108.5
2026-07-24 18:00:00,R301,Residential,400,40.73,-73.98,377,15,Clear,22.9,0.0,0,94.25,95.75
2026-07-24 19:00:00,R301,Residential,400,40.73,-73.98,394,14,Clear,22.9,0.0,0,98.5,94.25
2026-07-24 20:00:00,R301,Residential,400,40.73,-73.98,75,40,Clear,22.9,0.0,0,18.75,98.5
2026-07-24 21:00:00,R301,Residential,400,40.73,-73.98,88,40,Clear,22.9,0.0,0,22.0,18.75
2026-07-24 22:00:00,R301,Residential,400,40.73,-73.98,90,40,Clear,22.9,0.0,0,22.5,22.0
2026-07-24 23:00:00,R301,Residential,400,40.73,-73.98,91,40,Clear,22.9,0.0,0,22.75,22.5
2026-07-25 00:00:00,R301,Residential,400,40.73,-73.98,77,40,Clear,25.7,0.0,0,19.25,22.75
2026-07-25 01:00:00,R301,Residential,400,40.73,-73.98,68,40,Clear,25.7,0.0,0,17.0,19.25
2026-07-25 02:00:00,R301,Residential,400,40.73,-73.98,68,40,Clear,25.7,0.0,0,17.0,17.0
2026-07-25 03:00:00,R301,Residential,400,40.73,-73.98,79,40,Clear,25.7,0.0,0,19.75,17.0
2026-07-25 04:00:00,R301,Residential,400,40.73,-73.98,81,40,Clear,25.7,0.0,0,20.25,19.75
2026-07-25 05:00:00,R301,Residential,400,40.73,-73.98,82,40,Clear,25.7,0.0,0,20.5,20.25
2026-07-25 06:00:00,R301,Residential,400,40.73,-73.98,86,40,Clear,25.7,0.0,0,21.5,20.5
2026-07-25 07:00:00,R301,Residential,400,40.73,-73.98,68,40,Clear,25.7,0.0,0,17.0,21.5
2026-07-25 08:00:00,R301,Residential,400,40.73,-73.98,91,40,Clear,25.7,0.0,0,22.75,17.0
2026-07-25 09:00:00,R301,Residential,400,40.73,-73.98,73,40,Clear,25.7,0.0,0,18.25,22.75
2026-07-25 10:00:00,R301,Residential,400,40.73,-73.98,85,40,Clear,25.7,0.0,0,21.25,18.25
2026-07-25 11:00:00,R301,Residential,400,40.73,-73.98,303,20,Clear,25.7,0.0,0,75.75,21.25
2026-07-25 12:00:00,R301,Residential,400,40.73,-73.98,256,24,Clear,25.7,0.0,0,64.0,75.75
2026-07-25 13:00:00,R301,Residential,400,40.73,-73.98,264,23,Clear,25.7,0.0,0,66.0,64.0
2026-07-25 14:00:00,R301,Residential,400,40.73,-73.98,295,20,Clear,25.7,0.0,0,73.75,66.0
2026-07-25 15:00:00,R301,Residential,400,40.73,-73.98,277,22,Clear,25.7,0.0,0,69.25,73.75
2026-07-25 16:00:00,R301,Residential,400,40.73,-73.98,242,25,Clear,25.7,0.0,0,60.5,69.25
2026-07-25 17:00:00,R301,Residential,400,40.73,-73.98,208,28,Clear,25.7,0.0,0,52.0,60.5
2026-07-25 18:00:00,R301,Residential,400,40.73,-73.98,216,27,Clear,25.7,0.0,0,54.0,52.0
2026-07-25 19:00:00,R301,Residential,400,40.73,-73.98,221,27,Clear,25.7,0.0,0,55.25,54.0
2026-07-25 20:00:00,R301,Residential,400,40.73,-73.98,259,23,Clear,25.7,0.0,0,64.75,55.25
2026-07-25 21:00:00,R301,Residential,400,40.73,-73.98,77,40,Clear,25.7,0.0,0,19.25,64.75
2026-07-25 22:00:00,R301,Residential,400,40.73,-73.98,68,40,Clear,25.7,0.0,0,17.0,19.25
2026-07-25 23:00:00,R301,Residential,400,40.73,-73.98,68,40,Clear,25.7,0.0,0,17.0,17.0
2026-07-26 00:00:00,R301,Residential,400,40.73,-73.98,73,40,Clear,24.4,0.0,0,18.25,17.0
2026-07-26 01:00:00,R301,Residential,400,40.73,-73.98,71,40,Clear,24.4,0.0,0,17.75,18.25
2026-07-26 02:00:00,R301,Residential,400,40.73,-73.98,68,40,Clear,24.4,0.0,0,17.0,17.75
2026-07-26 03:00:00,R301,Residential,400,40.73,-73.98,77,40,Clear,24.4,0.0,0,19.25,17.0
2026-07-26 04:00:00,R301,Residential,400,40.73,-73.98,76,40,Clear,24.4,0.0,0,19.0,19.25
2026-07-26 05:00:00,R301,Residential,400,40.73,-73.98,91,40,Clear,24.4,0.0,0,22.75,19.0
2026-07-26 06:00:00,R301,Residential,400,40.73,-73.98,68,40,Clear,24.4,0.0,0,17.0,22.75
2026-07-26 07:00:00,R301,Residential,400,40.73,-73.98,69,40,Clear,24.4,0.0,0,17.25,17.0
2026-07-26 08:00:00,R301,Residential,400,40.73,-73.98,75,40,Clear,24.4,0.0,0,18.75,17.25
2026-07-26 09:00:00,R301,Residential,400,40.73,-73.98,74,40,Clear,24.4,0.0,0,18.5,18.75
2026-07-26 10:00:00,R301,Residential,400,40.73,-73.98,90,40,Clear,24.4,0.0,0,22.5,18.5
2026-07-26 11:00:00,R301,Residential,400,40.73,-73.98,291,21,Clear,24.4,0.0,0,72.75,22.5
2026-07-26 12:00:00,R301,Residential,400,40.73,-73.98,256,24,Clear,24.4,0.0,0,64.0,72.75
2026-07-26 13:00:00,R301,Residential,400,40.73,-73.98,295,20,Clear,24.4,0.0,0,73.75,64.0
2026-07-26 14:00:00,R301,Residential,400,40.73,-73.98,262,23,Clear,24.4,0.0,0,65.5,73.75
2026-07-26 15:00:00,R301,Residential,400,40.73,-73.98,290,21,Clear,24.4,0.0,0,72.5,65.5
2026-07-26 16:00:00,R301,Residential,400,40.73,-73.98,261,23,Clear,24.4,0.0,0,65.25,72.5
2026-07-26 17:00:00,R301,Residential,400,40.73,-73.98,259,23,Clear,24.4,0.0,0,64.75,65.25
2026-07-26 18:00:00,R301,Residential,400,40.73,-73.98,235,25,Clear,24.4,0.0,0,58.75,64.75
2026-07-26 19:00:00,R301,Residential,400,40.73,-73.98,221,27,Clear,24.4,0.0,0,55.25,58.75
2026-07-26 20:00:00,R301,Residential,400,40.73,-73.98,223,27,Clear,24.4,0.0,0,55.75,55.25
2026-07-26 21:00:00,R301,Residential,400,40.73,-73.98,91,40,Clear,24.4,0.0,0,22.75,55.75
2026-07-26 22:00:00,R301,Residential,400,40.73,-73.98,74,40,Clear,24.4,0.0,0,18.5,22.75
2026-07-26 23:00:00,R301,Residential,400,40.73,-73.98,88,40,Clear,24.4,0.0,0,22.0,18.5
2026-07-27 00:00:00,R301,Residential,400,40.73,-73.98,74,40,Cloudy,15.8,0.0,0,18.5,22.0
2026-07-27 01:00:00,R301,Residential,400,40.73,-73.98,79,40,Cloudy,15.8,0.0,0,19.75,18.5
2026-07-27 02:00:00,R301,Residential,400,40.73,-73.98,84,40,Cloudy,15.8,0.0,0,21.0,19.75
2026-07-27 03:00:00,R301,Residential,400,40.73,-73.98,76,40,Cloudy,15.8,0.0,0,19.0,21.0
2026-07-27 04:00:00,R301,Residential,400,40.73,-73.98,82,40,Cloudy,15.8,0.0,0,20.5,19.0
2026-07-27 05:00:00,R301,Residential,400,40.73,-73.98,89,40,Cloudy,15.8,0.0,0,22.25,20.5
2026-07-27 06:00:00,R301,Residential,400,40.73,-73.98,81,40,Cloudy,15.8,0.0,0,20.25,22.25
2026-07-27 07:00:00,R301,Residential,400,40.73,-73.98,411,13,Cloudy,15.8,0.0,0,102.75,20.25
2026-07-27 08:00:00,R301,Residential,400,40.73,-73.98,386,14,Cloudy,15.8,0.0,0,96.5,102.75
2026-07-27 09:00:00,R301,Residential,400,40.73,-73.98,401,13,Cloudy,15.8,0.0,0,100.25,96.5
2026-07-27 10:00:00,R301,Residential,400,40.73,-73.98,264,23,Cloudy,15.8,0.0,0,66.0,100.25
2026-07-27 11:00:00,R301,Residential,400,40.73,-73.98,223,27,Cloudy,15.8,0.0,0,55.75,66.0
2026-07-27 12:00:00,R301,Residential,400,40.73,-73.98,243,25,Cloudy,15.8,0.0,0,60.75,55.75
2026-07-27 13:00:00,R301,Residential,400,40.73,-73.98,248,24,Cloudy,15.8,0.0,0,62.0,60.75
2026-07-27 14:00:00,R301,Residential,400,40.73,-73.98,262,23,Cloudy,15.8,0.0,0,65.5,62.0
2026-07-27 15:00:00,R301,Residential,400,40.73,-73.98,214,28,Cloudy,15.8,0.0,0,53.5,65.5
2026-07-27 16:00:00,R301,Residential,400,40.73,-73.98,356,16,Cloudy,15.8,0.0,0,89.0,53.5
2026-07-27 17:00:00,R301,Residential,400,40.73,-73.98,429,12,Cloudy,15.8,0.0,0,107.25,89.0
2026-07-27 18:00:00,R301,Residential,400,40.73,-73.98,436,12,Cloudy,15.8,0.0,0,109.0,107.25
2026-07-27 19:00:00,R301,Residential,400,40.73,-73.98,364,16,Cloudy,15.8,0.0,0,91.0,109.0
2026-07-27 20:00:00,R301,Residential,400,40.73,-73.98,81,40,Cloudy,15.8,0.0,0,20.25,91.0
2026-07-27 21:00:00,R301,Residential,400,40.73,-73.98,90,40,Cloudy,15.8,0.0,0,22.5,20.25
2026-07-27 22:00:00,R301,Residential,400,40.73,-73.98,85,40,Cloudy,15.8,0.0,0,21.25,22.5
2026-07-27 23:00:00,R301,Residential,400,40.73,-73.98,72,40,Cloudy,15.8,0.0,0,18.0,21.25
2026-07-28 00:00:00,R301,Residential,400,40.73,-73.98,90,40,Clear,30.4,0.0,0,22.5,18.0
2026-07-28 01:00:00,R301,Residential,400,40.73,-73.98,74,40,Clear,30.4,0.0,0,18.5,22.5
2026-07-28 02:00:00,R301,Residential,400,40.73,-73.98,73,40,Clear,30.4,0.0,0,18.25,18.5
2026-07-28 03:00:00,R301,Residential,400,40.73,-73.98,69,40,Clear,30.4,0.0,0,17.25,18.25
2026-07-28 04:00:00,R301,Residential,400,40.73,-73.98,88,40,Clear,30.4,0.0,0,22.0,17.25
2026-07-28 05:00:00,R301,Residential,400,40.73,-73.98,88,40,Clear,30.4,0.0,0,22.0,22.0
2026-07-28 06:00:00,R301,Residential,400,40.73,-73.98,88,40,Clear,30.4,0.0,0,22.0,22.0
2026-07-28 07:00:00,R301,Residential,400,40.73,-73.98,319,18,Clear,30.4,0.0,0,79.75,22.0
2026-07-28 08:00:00,R301,Residential,400,40.73,-73.98,388,14,Clear,30.4,0.0,0,97.0,79.75
2026-07-28 09:00:00,R301,Residential,400,40.73,-73.98,374,15,Clear,30.4,0.0,0,93.5,97.0
2026-07-28 10:00:00,R301,Residential,400,40.73,-73.98,221,27,Clear,30.4,0.0,0,55.25,93.5
2026-07-28 11:00:00,R301,Residential,400,40.73,-73.98,246,24,Clear,30.4,0.0,0,61.5,55.25
2026-07-28 12:00:00,R301,Residential,400,40.73,-73.98,227,26,Clear,30.4,0.0,0,56.75,61.5
2026-07-28 13:00:00,R301,Residential,400,40.73,-73.98,235,25,Clear,30.4,0.0,0,58.75,56.75
2026-07-28 14:00:00,R301,Residential,400,40.73,-73.98,270,22,Clear,30.4,0.0,0,67.5,58.75
2026-07-28 15:00:00,R301,Residential,400,40.73,-73.98,218,27,Clear,30.4,0.0,0,54.5,67.5
2026-07-28 16:00:00,R301,Residential,400,40.73,-73.98,392,14,Clear,30.4,0.0,0,98.0,54.5
2026-07-28 17:00:00,R301,Residential,400,40.73,-73.98,433,12,Clear,30.4,0.0,0,108.25,98.0
2026-07-28 18:00:00,R301,Residential,400,40.73,-73.98,391,5,Clear,30.4,0.0,1,97.75,108.25
2026-07-28 19:00:00,R301,Residential,400,40.73,-73.98,422,12,Clear,30.4,0.0,0,105.5,97.75
2026-07-28 20:00:00,R301,Residential,400,40.73,-73.98,86,40,Clear,30.4,0.0,0,21.5,105.5
2026-07-28 21:00:00,R301,Residential,400,40.73,-73.98,72,40,Clear,30.4,0.0,0,18.0,21.5
2026-07-28 22:00:00,R301,Residential,400,40.73,-73.98,82,40,Clear,30.4,0.0,0,20.5,18.0
2026-07-28 23:00:00,R301,Residential,400,40.73,-73.98,70,40,Clear,30.4,0.0,0,17.5,20.5
2026-07-29 00:00:00,R301,Residential,400,40.73,-73.98,72,40,Cloudy,16.4,0.0,0,18.0,17.5
2026-07-29 01:00:00,R301,Residential,400,40.73,-73.98,70,40,Cloudy,16.4,0.0,0,17.5,18.0
2026-07-29 02:00:00,R301,Residential,400,40.73,-73.98,73,40,Cloudy,16.4,0.0,0,18.25,17.5
2026-07-29 03:00:00,R301,Residential,400,40.73,-73.98,76,40,Cloudy,16.4,0.0,0,19.0,18.25
2026-07-29 04:00:00,R301,Residential,400,40.73,-73.98,81,40,Cloudy,16.4,0.0,0,20.25,19.0
2026-07-29 05:00:00,R301,Residential,400,40.73,-73.98,75,40,Cloudy,16.4,0.0,0,18.75,20.25
2026-07-29 06:00:00,R301,Residential,400,40.73,-73.98,76,40,Cloudy,16.4,0.0,0,19.0,18.75
2026-07-29 07:00:00,R301,Residential,400,40.73,-73.98,377,15,Cloudy,16.4,0.0,0,94.25,19.0
2026-07-29 08:00:00,R301,Residential,400,40.73,-73.98,373,5,Cloudy,16.4,0.0,1,93.25,94.25
2026-07-29 09:00:00,R301,Residential,400,40.73,-73.98,408,13,Cloudy,16.4,0.0,0,102.0,93.25
2026-07-29 10:00:00,R301,Residential,400,40.73,-73.98,210,28,Cloudy,16.4,0.0,0,52.5,102.0
2026-07-29 11:00:00,R301,Residential,400,40.73,-73.98,227,26,Cloudy,16.4,0.0,0,56.75,52.5
2026-07-29 12:00:00,R301,Residential,400,40.73,-73.98,220,27,Cloudy,16.4,0.0,0,55.0,56.75
2026-07-29 13:00:00,R301,Residential,400,40.73,-73.98,253,24,Cloudy,16.4,0.0,0,63.25,55.0
2026-07-29 14:00:00,R301,Residential,400,40.73,-73.98,206,28,Cloudy,16.4,0.0,0,51.5,63.25
2026-07-29 15:00:00,R301,Residential,400,40.73,-73.98,216,27,Cloudy,16.4,0.0,0,54.0,51.5
2026-07-29 16:00:00,R301,Residential,400,40.73,-73.98,332,18,Cloudy,16.4,0.0,0,83.0,54.0
2026-07-29 17:00:00,R301,Residential,400,40.73,-73.98,428,12,Cloudy,16.4,0.0,0,107.0,83.0
2026-07-29 18:00:00,R301,Residential,400,40.73,-73.98,333,17,Cloudy,16.4,0.0,0,83.25,107.0
2026-07-29 19:00:00,R301,Residential,400,40.73,-73.98,400,13,Cloudy,16.4,0.0,0,100.0,83.25
2026-07-29 20:00:00,R301,Residential,400,40.73,-73.98,68,40,Cloudy,16.4,0.0,0,17.0,100.0
2026-07-29 21:00:00,R301,Residential,400,40.73,-73.98,90,40,Cloudy,16.4,0.0,0,22.5,17.0
2026-07-29 22:00:00,R301,Residential,400,40.73,-73.98,93,12,Cloudy,16.4,0.0,1,23.25,22.5
2026-07-29 23:00:00,R301,Residential,400,40.73,-73.98,69,40,Cloudy,16.4,0.0,0,17.25,23.25
2026-07-30 00:00:00,R301,Residential,400,40.73,-73.98,78,40,Clear,24.5,0.0,0,19.5,17.25
2026-07-30 01:00:00,R301,Residential,400,40.73,-73.98,88,40,Clear,24.5,0.0,0,22.0,19.5
2026-07-30 02:00:00,R301,Residential,400,40.73,-73.98,83,40,Clear,24.5,0.0,0,20.75,22.0
2026-07-30 03:00:00,R301,Residential,400,40.73,-73.98,71,40,Clear,24.5,0.0,0,17.75,20.75
2026-07-30 04:00:00,R301,Residential,400,40.73,-73.98,88,40,Clear,24.5,0.0,0,22.0,17.75
2026-07-30 05:00:00,R301,Residential,400,40.73,-73.98,74,40,Clear,24.5,0.0,0,18.5,22.0
2026-07-30 06:00:00,R301,Residential,400,40.73,-73.98,77,40,Clear,24.5,0.0,0,19.25,18.5
2026-07-30 07:00:00,R301,Residential,400,40.73,-73.98,375,15,Clear,24.5,0.0,0,93.75,19.25
2026-07-30 08:00:00,R301,Residential,400,40.73,-73.98,373,15,Clear,24.5,0.0,0,93.25,93.75
2026-07-30 09:00:00,R301,Residential,400,40.73,-73.98,389,14,Clear,24.5,0.0,0,97.25,93.25
2026-07-30 10:00:00,R301,Residential,400,40.73,-73.98,209,28,Clear,24.5,0.0,0,52.25,97.25
2026-07-30 11:00:00,R301,Residential,400,40.73,-73.98,224,27,Clear,24.5,0.0,0,56.0,52.25
2026-07-30 12:00:00,R301,Residential,400,40.73,-73.98,219,27,Clear,24.5,0.0,0,54.75,56.0
2026-07-30 13:00:00,R301,Residential,400,40.73,-73.98,242,25,Clear,24.5,0.0,0,60.5,54.75
2026-07-30 14:00:00,R301,Residential,400,40.73,-73.98,250,24,Clear,24.5,0.0,0,62.5,60.5
2026-07-30 15:00:00,R301,Residential,400,40.73,-73.98,234,26,Clear,24.5,0.0,0,58.5,62.5
2026-07-30 16:00:00,R301,Residential,400,40.73,-73.98,419,13,Clear,24.5,0.0,0,104.75,58.5
2026-07-30 17:00:00,R301,Residential,400,40.73,-73.98,389,14,Clear,24.5,0.0,0,97.25,104.75
2026-07-30 18:00:00,R301,Residential,400,40.73,-73.98,371,15,Clear,24.5,0.0,0,92.75,97.25
2026-07-30 19:00:00,R301,Residential,400,40.73,-73.98,365,15,Clear,24.5,0.0,0,91.25,92.75
2026-07-30 20:00:00,R301,Residential,400,40.73,-73.98,83,40,Clear,24.5,0.0,0,20.75,91.25
2026-07-30 21:00:00,R301,Residential,400,40.73,-73.98,73,40,Clear,24.5,0.0,0,18.25,20.75
2026-07-30 22:00:00,R301,Residential,400,40.73,-73.98,70,40,Clear,24.5,0.0,0,17.5,18.25
2026-07-30 23:00:00,R301,Residential,400,40.73,-73.98,82,40,Clear,24.5,0.0,0,20.5,17.5
2026-07-31 00:00:00,R301,Residential,400,40.73,-73.98,86,40,Clear,25.7,0.0,0,21.5,20.5
2026-07-31 01:00:00,R301,Residential,400,40.73,-73.98,72,40,Clear,25.7,0.0,0,18.0,21.5
2026-07-31 02:00:00,R301,Residential,400,40.73,-73.98,87,40,Clear,25.7,0.0,0,21.75,18.0
2026-07-31 03:00:00,R301,Residential,400,40.73,-73.98,78,40,Clear,25.7,0.0,0,19.5,21.75
2026-07-31 04:00:00,R301,Residential,400,40.73,-73.98,69,40,Clear,25.7,0.0,0,17.25,19.5
2026-07-31 05:00:00,R301,Residential,400,40.73,-73.98,85,40,Clear,25.7,0.0,0,21.25,17.25
2026-07-31 06:00:00,R301,Residential,400,40.73,-73.98,80,40,Clear,25.7,0.0,0,20.0,21.25
2026-07-31 07:00:00,R301,Residential,400,40.73,-73.98,412,13,Clear,25.7,0.0,0,103.0,20.0
2026-07-31 08:00:00,R301,Residential,400,40.73,-73.98,330,18,Clear,25.7,0.0,0,82.5,103.0
2026-07-31 09:00:00,R301,Residential,400,40.73,-73.98,404,13,Clear,25.7,0.0,0,101.0,82.5
2026-07-31 10:00:00,R301,Residential,400,40.73,-73.98,235,25,Clear,25.7,0.0,0,58.75,101.0
2026-07-31 11:00:00,R301,Residential,400,40.73,-73.98,215,28,Clear,25.7,0.0,0,53.75,58.75
2026-07-31 12:00:00,R301,Residential,400,40.73,-73.98,232,26,Clear,25.7,0.0,0,58.0,53.75
2026-07-31 13:00:00,R301,Residential,400,40.73,-73.98,211,28,Clear,25.7,0.0,0,52.75,58.0
2026-07-31 14:00:00,R301,Residential,400,40.73,-73.98,220,27,Clear,25.7,0.0,0,55.0,52.75
2026-07-31 15:00:00,R301,Residential,400,40.73,-73.98,209,28,Clear,25.7,0.0,0,52.25,55.0
2026-07-31 16:00:00,R301,Residential,400,40.73,-73.98,377,15,Clear,25.7,0.0,0,94.25,52.25
2026-07-31 17:00:00,R301,Residential,400,40.73,-73.98,397,14,Clear,25.7,0.0,0,99.25,94.25
2026-07-31 18:00:00,R301,Residential,400,40.73,-73.98,354,16,Clear,25.7,0.0,0,88.5,99.25
2026-07-31 19:00:00,R301,Residential,400,40.73,-73.98,332,18,Clear,25.7,0.0,0,83.0,88.5
2026-07-31 20:00:00,R301,Residential,400,40.73,-73.98,90,40,Clear,25.7,0.0,0,22.5,83.0
2026-07-31 21:00:00,R301,Residential,400,40.73,-73.98,84,40,Clear,25.7,0.0,0,21.0,22.5
2026-07-31 22:00:00,R301,Residential,400,40.73,-73.98,81,40,Clear,25.7,0.0,0,20.25,21.0
2026-07-31 23:00:00,R301,Residential,400,40.73,-73.98,71,40,Clear,25.7,0.0,0,17.75,20.25
2026-08-01 00:00:00,R301,Residential,400,40.73,-73.98,89,40,Clear,29.0,0.0,0,22.25,17.75
2026-08-01 01:00:00,R301,Residential,400,40.73,-73.98,85,40,Clear,29.0,0.0,0,21.25,22.25
2026-08-01 02:00:00,R301,Residential,400,40.73,-73.98,81,40,Clear,29.0,0.0,0,20.25,21.25
2026-08-01 03:00:00,R301,Residential,400,40.73,-73.98,83,40,Clear,29.0,0.0,0,20.75,20.25
2026-08-01 04:00:00,R301,Residential,400,40.73,-73.98,89,40,Clear,29.0,0.0,0,22.25,20.75
2026-08-01 05:00:00,R301,Residential,400,40.73,-73.98,71,40,Clear,29.0,0.0,0,17.75,22.25
2026-08-01 06:00:00,R301,Residential,400,40.73,-73.98,74,40,Clear,29.0,0.0,0,18.5,17.75
2026-08-01 07:00:00,R301,Residential,400,40.73,-73.98,72,40,Clear,29.0,0.0,0,18.0,18.5
2026-08-01 08:00:00,R301,Residential,400,40.73,-73.98,87,40,Clear,29.0,0.0,0,21.75,18.0
2026-08-01 09:00:00,R301,Residential,400,40.73,-73.98,73,40,Clear,29.0,0.0,0,18.25,21.75
2026-08-01 10:00:00,R301,Residential,400,40.73,-73.98,85,40,Clear,29.0,0.0,0,21.25,18.25
2026-08-01 11:00:00,R301,Residential,400,40.73,-73.98,262,23,Clear,29.0,0.0,0,65.5,21.25
2026-08-01 12:00:00,R301,Residential,400,40.73,-73.98,247,24,Clear,29.0,0.0,0,61.75,65.5
2026-08-01 13:00:00,R301,Residential,400,40.73,-73.98,297,20,Clear,29.0,0.0,0,74.25,61.75
2026-08-01 14:00:00,R301,Residential,400,40.73,-73.98,275,22,Clear,29.0,0.0,0,68.75,74.25
2026-08-01 15:00:00,R301,Residential,400,40.73,-73.98,314,19,Clear,29.0,0.0,0,78.5,68.75
2026-08-01 16:00:00,R301,Residential,400,40.73,-73.98,219,27,Clear,29.0,0.0,0,54.75,78.5
2026-08-01 17:00:00,R301,Residential,400,40.73,-73.98,253,24,Clear,29.0,0.0,0,63.25,54.75
2026-08-01 18:00:00,R301,Residential,400,40.73,-73.98,232,26,Clear,29.0,0.0,0,58.0,63.25
2026-08-01 19:00:00,R301,Residential,400,40.73,-73.98,244,25,Clear,29.0,0.0,0,61.0,58.0
2026-08-01 20:00:00,R301,Residential,400,40.73,-73.98,207,28,Clear,29.0,0.0,0,51.75,61.0
2026-08-01 21:00:00,R301,Residential,400,40.73,-73.98,74,40,Clear,29.0,0.0,0,18.5,51.75
2026-08-01 22:00:00,R301,Residential,400,40.73,-73.98,91,40,Clear,29.0,0.0,0,22.75,18.5
2026-08-01 23:00:00,R301,Residential,400,40.73,-73.98,90,40,Clear,29.0,0.0,0,22.5,22.75
2026-08-02 00:00:00,R301,Residential,400,40.73,-73.98,77,40,Clear,31.6,0.0,0,19.25,22.5
2026-08-02 01:00:00,R301,Residential,400,40.73,-73.98,68,40,Clear,31.6,0.0,0,17.0,19.25
2026-08-02 02:00:00,R301,Residential,400,40.73,-73.98,90,40,Clear,31.6,0.0,0,22.5,17.0
2026-08-02 03:00:00,R301,Residential,400,40.73,-73.98,75,40,Clear,31.6,0.0,0,18.75,22.5
2026-08-02 04:00:00,R301,Residential,400,40.73,-73.98,68,40,Clear,31.6,0.0,0,17.0,18.75
2026-08-02 05:00:00,R301,Residential,400,40.73,-73.98,73,40,Clear,31.6,0.0,0,18.25,17.0
2026-08-02 06:00:00,R301,Residential,400,40.73,-73.98,91,40,Clear,31.6,0.0,0,22.75,18.25
2026-08-02 07:00:00,R301,Residential,400,40.73,-73.98,75,40,Clear,31.6,0.0,0,18.75,22.75
2026-08-02 08:00:00,R301,Residential,400,40.73,-73.98,90,40,Clear,31.6,0.0,0,22.5,18.75
2026-08-02 09:00:00,R301,Residential,400,40.73,-73.98,91,40,Clear,31.6,0.0,0,22.75,22.5
2026-08-02 10:00:00,R301,Residential,400,40.73,-73.98,86,40,Clear,31.6,0.0,0,21.5,22.75
2026-08-02 11:00:00,R301,Residential,400,40.73,-73.98,290,21,Clear,31.6,0.0,0,72.5,21.5
2026-08-02 12:00:00,R301,Residential,400,40.73,-73.98,278,22,Clear,31.6,0.0,0,69.5,72.5
2026-08-02 13:00:00,R301,Residential,400,40.73,-73.98,238,25,Clear,31.6,0.0,0,59.5,69.5
2026-08-02 14:00:00,R301,Residential,400,40.73,-73.98,249,24,Clear,31.6,0.0,0,62.25,59.5
2026-08-02 15:00:00,R301,Residential,400,40.73,-73.98,279,22,Clear,31.6,0.0,0,69.75,62.25
2026-08-02 16:00:00,R301,Residential,400,40.73,-73.98,229,26,Clear,31.6,0.0,0,57.25,69.75
2026-08-02 17:00:00,R301,Residential,400,40.73,-73.98,247,24,Clear,31.6,0.0,0,61.75,57.25
2026-08-02 18:00:00,R301,Residential,400,40.73,-73.98,219,27,Clear,31.6,0.0,0,54.75,61.75
2026-08-02 19:00:00,R301,Residential,400,40.73,-73.98,268,22,Clear,31.6,0.0,0,67.0,54.75
2026-08-02 20:00:00,R301,Residential,400,40.73,-73.98,264,23,Clear,31.6,0.0,0,66.0,67.0
2026-08-02 21:00:00,R301,Residential,400,40.73,-73.98,91,40,Clear,31.6,0.0,0,22.75,66.0
2026-08-02 22:00:00,R301,Residential,400,40.73,-73.98,85,40,Clear,31.6,0.0,0,21.25,22.75
2026-08-02 23:00:00,R301,Residential,400,40.73,-73.98,87,12,Clear,31.6,0.0,1,21.75,21.25
2026-08-03 00:00:00,R301,Residential,400,40.73,-73.98,70,40,Cloudy,18.0,0.0,0,17.5,21.75
2026-08-03 01:00:00,R301,Residential,400,40.73,-73.98,91,40,Cloudy,18.0,0.0,0,22.75,17.5
2026-08-03 02:00:00,R301,Residential,400,40.73,-73.98,76,40,Cloudy,18.0,0.0,0,19.0,22.75
2026-08-03 03:00:00,R301,Residential,400,40.73,-73.98,70,40,Cloudy,18.0,0.0,0,17.5,19.0
2026-08-03 04:00:00,R301,Residential,400,40.73,-73.98,81,40,Cloudy,18.0,0.0,0,20.25,17.5
2026-08-03 05:00:00,R301,Residential,400,40.73,-73.98,88,40,Cloudy,18.0,0.0,0,22.0,20.25
2026-08-03 06:00:00,R301,Residential,400,40.73,-73.98,87,40,Cloudy,18.0,0.0,0,21.75,22.0
2026-08-03 07:00:00,R301,Residential,400,40.73,-73.98,311,19,Cloudy,18.0,0.0,0,77.75,21.75
2026-08-03 08:00:00,R301,Residential,400,40.73,-73.98,324,18,Cloudy,18.0,0.0,0,81.0,77.75
2026-08-03 09:00:00,R301,Residential,400,40.73,-73.98,340,17,Cloudy,18.0,0.0,0,85.0,81.0
2026-08-03 10:00:00,R301,Residential,400,40.73,-73.98,267,23,Cloudy,18.0,0.0,0,66.75,85.0
2026-08-03 11:00:00,R301,Residential,400,40.73,-73.98,234,26,Cloudy,18.0,0.0,0,58.5,66.75
2026-08-03 12:00:00,R301,Residential,400,40.73,-73.98,248,24,Cloudy,18.0,0.0,0,62.0,58.5
2026-08-03 13:00:00,R301,Residential,400,40.73,-73.98,256,24,Cloudy,18.0,0.0,0,64.0,62.0
2026-08-03 14:00:00,R301,Residential,400,40.73,-73.98,255,24,Cloudy,18.0,0.0,0,63.75,64.0
2026-08-03 15:00:00,R301,Residential,400,40.73,-73.98,246,7,Cloudy,18.0,0.0,1,61.5,63.75
2026-08-03 16:00:00,R301,Residential,400,40.73,-73.98,398,14,Cloudy,18.0,0.0,0,99.5,61.5
2026-08-03 17:00:00,R301,Residential,400,40.73,-73.98,431,12,Cloudy,18.0,0.0,0,107.75,99.5
2026-08-03 18:00:00,R301,Residential,400,40.73,-73.98,373,15,Cloudy,18.0,0.0,0,93.25,107.75
2026-08-03 19:00:00,R301,Residential,400,40.73,-73.98,361,16,Cloudy,18.0,0.0,0,90.25,93.25
2026-08-03 20:00:00,R301,Residential,400,40.73,-73.98,91,40,Cloudy,18.0,0.0,0,22.75,90.25
2026-08-03 21:00:00,R301,Residential,400,40.73,-73.98,86,40,Cloudy,18.0,0.0,0,21.5,22.75
2026-08-03 22:00:00,R301,Residential,400,40.73,-73.98,76,40,Cloudy,18.0,0.0,0,19.0,21.5
2026-08-03 23:00:00,R301,Residential,400,40.73,-73.98,79,40,Cloudy,18.0,0.0,0,19.75,19.0
2026-08-04 00:00:00,R301,Residential,400,40.73,-73.98,82,32,Rainy,10.1,3.0,0,20.5,19.75
2026-08-04 01:00:00,R301,Residential,400,40.73,-73.98,77,32,Rainy,10.1,3.0,0,19.25,20.5
2026-08-04 02:00:00,R301,Residential,400,40.73,-73.98,72,32,Rainy,10.1,3.0,0,18.0,19.25
2026-08-04 03:00:00,R301,Residential,400,40.73,-73.98,87,32,Rainy,10.1,3.0,0,21.75,18.0
2026-08-04 04:00:00,R301,Residential,400,40.73,-73.98,70,32,Rainy,10.1,3.0,0,17.5,21.75
2026-08-04 05:00:00,R301,Residential,400,40.73,-73.98,88,32,Rainy,10.1,3.0,0,22.0,17.5
2026-08-04 06:00:00,R301,Residential,400,40.73,-73.98,73,32,Rainy,10.1,3.0,0,18.25,22.0
2026-08-04 07:00:00,R301,Residential,400,40.73,-73.98,382,11,Rainy,10.1,3.0,0,95.5,18.25
2026-08-04 08:00:00,R301,Residential,400,40.73,-73.98,412,10,Rainy,10.1,3.0,0,103.0,95.5
2026-08-04 09:00:00,R301,Residential,400,40.73,-73.98,402,11,Rainy,10.1,3.0,0,100.5,103.0
2026-08-04 10:00:00,R301,Residential,400,40.73,-73.98,260,18,Rainy,10.1,3.0,0,65.0,100.5
2026-08-04 11:00:00,R301,Residential,400,40.73,-73.98,256,19,Rainy,10.1,3.0,0,64.0,65.0
2026-08-04 12:00:00,R301,Residential,400,40.73,-73.98,259,5,Rainy,10.1,3.0,1,64.75,64.0
2026-08-04 13:00:00,R301,Residential,400,40.73,-73.98,271,18,Rainy,10.1,3.0,0,67.75,64.75
2026-08-04 14:00:00,R301,Residential,400,40.73,-73.98,208,23,Rainy,10.1,3.0,0,52.0,67.75
2026-08-04 15:00:00,R301,Residential,400,40.73,-73.98,226,21,Rainy,10.1,3.0,0,56.5,52.0
2026-08-04 16:00:00,R301,Residential,400,40.73,-73.98,349,13,Rainy,10.1,3.0,0,87.25,56.5
2026-08-04 17:00:00,R301,Residential,400,40.73,-73.98,386,11,Rainy,10.1,3.0,0,96.5,87.25
2026-08-04 18:00:00,R301,Residential,400,40.73,-73.98,332,14,Rainy,10.1,3.0,0,83.0,96.5
2026-08-04 19:00:00,R301,Residential,400,40.73,-73.98,432,9,Rainy,10.1,3.0,0,108.0,83.0
2026-08-04 20:00:00,R301,Residential,400,40.73,-73.98,86,32,Rainy,10.1,3.0,0,21.5,108.0
2026-08-04 21:00:00,R301,Residential,400,40.73,-73.98,74,32,Rainy,10.1,3.0,0,18.5,21.5
2026-08-04 22:00:00,R301,Residential,400,40.73,-73.98,73,32,Rainy,10.1,3.0,0,18.25,18.5
2026-08-04 23:00:00,R301,Residential,400,40.73,-73.98,72,32,Rainy,10.1,3.0,0,18.0,18.25
2026-08-05 00:00:00,R301,Residential,400,40.73,-73.98,85,40,Clear,22.3,0.0,0,21.25,18.0
2026-08-05 01:00:00,R301,Residential,400,40.73,-73.98,80,40,Clear,22.3,0.0,0,20.0,21.25
2026-08-05 02:00:00,R301,Residential,400,40.73,-73.98,91,40,Clear,22.3,0.0,0,22.75,20.0
2026-08-05 03:00:00,R301,Residential,400,40.73,-73.98,79,40,Clear,22.3,0.0,0,19.75,22.75
2026-08-05 04:00:00,R301,Residential,400,40.73,-73.98,73,40,Clear,22.3,0.0,0,18.25,19.75
2026-08-05 05:00:00,R301,Residential,400,40.73,-73.98,87,40,Clear,22.3,0.0,0,21.75,18.25
2026-08-05 06:00:00,R301,Residential,400,40.73,-73.98,91,40,Clear,22.3,0.0,0,22.75,21.75
2026-08-05 07:00:00,R301,Residential,400,40.73,-73.98,342,17,Clear,22.3,0.0,0,85.5,22.75
2026-08-05 08:00:00,R301,Residential,400,40.73,-73.98,333,17,Clear,22.3,0.0,0,83.25,85.5
2026-08-05 09:00:00,R301,Residential,400,40.73,-73.98,397,14,Clear,22.3,0.0,0,99.25,83.25
2026-08-05 10:00:00,R301,Residential,400,40.73,-73.98,225,26,Clear,22.3,0.0,0,56.25,99.25
2026-08-05 11:00:00,R301,Residential,400,40.73,-73.98,264,23,Clear,22.3,0.0,0,66.0,56.25
2026-08-05 12:00:00,R301,Residential,400,40.73,-73.98,235,25,Clear,22.3,0.0,0,58.75,66.0
2026-08-05 13:00:00,R301,Residential,400,40.73,-73.98,212,28,Clear,22.3,0.0,0,53.0,58.75
2026-08-05 14:00:00,R301,Residential,400,40.73,-73.98,245,25,Clear,22.3,0.0,0,61.25,53.0
2026-08-05 15:00:00,R301,Residential,400,40.73,-73.98,246,24,Clear,22.3,0.0,0,61.5,61.25
2026-08-05 16:00:00,R301,Residential,400,40.73,-73.98,480,5,Clear,22.3,0.0,1,120.0,61.5
2026-08-05 17:00:00,R301,Residential,400,40.73,-73.98,327,18,Clear,22.3,0.0,0,81.75,120.0
2026-08-05 18:00:00,R301,Residential,400,40.73,-73.98,324,18,Clear,22.3,0.0,0,81.0,81.75
2026-08-05 19:00:00,R301,Residential,400,40.73,-73.98,344,17,Clear,22.3,0.0,0,86.0,81.0
2026-08-05 20:00:00,R301,Residential,400,40.73,-73.98,83,40,Clear,22.3,0.0,0,20.75,86.0
2026-08-05 21:00:00,R301,Residential,400,40.73,-73.98,74,40,Clear,22.3,0.0,0,18.5,20.75
2026-08-05 22:00:00,R301,Residential,400,40.73,-73.98,89,40,Clear,22.3,0.0,0,22.25,18.5
2026-08-05 23:00:00,R301,Residential,400,40.73,-73.98,79,40,Clear,22.3,0.0,0,19.75,22.25
2026-08-06 00:00:00,R301,Residential,400,40.73,-73.98,89,40,Cloudy,16.2,0.0,0,22.25,19.75
2026-08-06 01:00:00,R301,Residential,400,40.73,-73.98,69,40,Cloudy,16.2,0.0,0,17.25,22.25
2026-08-06 02:00:00,R301,Residential,400,40.73,-73.98,87,40,Cloudy,16.2,0.0,0,21.75,17.25
2026-08-06 03:00:00,R301,Residential,400,40.73,-73.98,91,40,Cloudy,16.2,0.0,0,22.75,21.75
2026-08-06 04:00:00,R301,Residential,400,40.73,-73.98,88,40,Cloudy,16.2,0.0,0,22.0,22.75
2026-08-06 05:00:00,R301,Residential,400,40.73,-73.98,69,40,Cloudy,16.2,0.0,0,17.25,22.0
2026-08-06 06:00:00,R301,Residential,400,40.73,-73.98,104,12,Cloudy,16.2,0.0,1,26.0,17.25
2026-08-06 07:00:00,R301,Residential,400,40.73,-73.98,386,14,Cloudy,16.2,0.0,0,96.5,26.0
2026-08-06 08:00:00,R301,Residential,400,40.73,-73.98,332,18,Cloudy,16.2,0.0,0,83.0,96.5
2026-08-06 09:00:00,R301,Residential,400,40.73,-73.98,390,14,Cloudy,16.2,0.0,0,97.5,83.0
2026-08-06 10:00:00,R301,Residential,400,40.73,-73.98,269,22,Cloudy,16.2,0.0,0,67.25,97.5
2026-08-06 11:00:00,R301,Residential,400,40.73,-73.98,225,26,Cloudy,16.2,0.0,0,56.25,67.25
2026-08-06 12:00:00,R301,Residential,400,40.73,-73.98,262,23,Cloudy,16.2,0.0,0,65.5,56.25
2026-08-06 13:00:00,R301,Residential,400,40.73,-73.98,244,25,Cloudy,16.2,0.0,0,61.0,65.5
2026-08-06 14:00:00,R301,Residential,400,40.73,-73.98,246,24,Cloudy,16.2,0.0,0,61.5,61.0
2026-08-06 15:00:00,R301,Residential,400,40.73,-73.98,242,25,Cloudy,16.2,0.0,0,60.5,61.5
2026-08-06 16:00:00,R301,Residential,400,40.73,-73.98,425,12,Cloudy,16.2,0.0,0,106.25,60.5
2026-08-06 17:00:00,R301,Residential,400,40.73,-73.98,351,16,Cloudy,16.2,0.0,0,87.75,106.25
2026-08-06 18:00:00,R301,Residential,400,40.73,-73.98,370,15,Cloudy,16.2,0.0,0,92.5,87.75
2026-08-06 19:00:00,R301,Residential,400,40.73,-73.98,337,17,Cloudy,16.2,0.0,0,84.25,92.5
2026-08-06 20:00:00,R301,Residential,400,40.73,-73.98,84,40,Cloudy,16.2,0.0,0,21.0,84.25
2026-08-06 21:00:00,R301,Residential,400,40.73,-73.98,75,40,Cloudy,16.2,0.0,0,18.75,21.0
2026-08-06 22:00:00,R301,Residential,400,40.73,-73.98,90,40,Cloudy,16.2,0.0,0,22.5,18.75
2026-08-06 23:00:00,R301,Residential,400,40.73,-73.98,79,40,Cloudy,16.2,0.0,0,19.75,22.5
2026-08-07 00:00:00,R301,Residential,400,40.73,-73.98,82,40,Clear,25.9,0.0,0,20.5,19.75
2026-08-07 01:00:00,R301,Residential,400,40.73,-73.98,76,40,Clear,25.9,0.0,0,19.0,20.5
2026-08-07 02:00:00,R301,Residential,400,40.73,-73.98,74,40,Clear,25.9,0.0,0,18.5,19.0
2026-08-07 03:00:00,R301,Residential,400,40.73,-73.98,90,40,Clear,25.9,0.0,0,22.5,18.5
2026-08-07 04:00:00,R301,Residential,400,40.73,-73.98,81,40,Clear,25.9,0.0,0,20.25,22.5
2026-08-07 05:00:00,R301,Residential,400,40.73,-73.98,77,40,Clear,25.9,0.0,0,19.25,20.25
2026-08-07 06:00:00,R301,Residential,400,40.73,-73.98,80,40,Clear,25.9,0.0,0,20.0,19.25
2026-08-07 07:00:00,R301,Residential,400,40.73,-73.98,380,5,Clear,25.9,0.0,1,95.0,20.0
2026-08-07 08:00:00,R301,Residential,400,40.73,-73.98,382,14,Clear,25.9,0.0,0,95.5,95.0
2026-08-07 09:00:00,R301,Residential,400,40.73,-73.98,404,5,Clear,25.9,0.0,1,101.0,95.5
2026-08-07 10:00:00,R301,Residential,400,40.73,-73.98,258,23,Clear,25.9,0.0,0,64.5,101.0
2026-08-07 11:00:00,R301,Residential,400,40.73,-73.98,211,28,Clear,25.9,0.0,0,52.75,64.5
2026-08-07 12:00:00,R301,Residential,400,40.73,-73.98,259,23,Clear,25.9,0.0,0,64.75,52.75
2026-08-07 13:00:00,R301,Residential,400,40.73,-73.98,204,29,Clear,25.9,0.0,0,51.0,64.75
2026-08-07 14:00:00,R301,Residential,400,40.73,-73.98,246,24,Clear,25.9,0.0,0,61.5,51.0
2026-08-07 15:00:00,R301,Residential,400,40.73,-73.98,262,23,Clear,25.9,0.0,0,65.5,61.5
2026-08-07 16:00:00,R301,Residential,400,40.73,-73.98,394,14,Clear,25.9,0.0,0,98.5,65.5
2026-08-07 17:00:00,R301,Residential,400,40.73,-73.98,388,14,Clear,25.9,0.0,0,97.0,98.5
2026-08-07 18:00:00,R301,Residential,400,40.73,-73.98,382,14,Clear,25.9,0.0,0,95.5,97.0
2026-08-07 19:00:00,R301,Residential,400,40.73,-73.98,352,16,Clear,25.9,0.0,0,88.0,95.5
2026-08-07 20:00:00,R301,Residential,400,40.73,-73.98,85,40,Clear,25.9,0.0,0,21.25,88.0
2026-08-07 21:00:00,R301,Residential,400,40.73,-73.98,74,40,Clear,25.9,0.0,0,18.5,21.25
2026-08-07 22:00:00,R301,Residential,400,40.73,-73.98,90,40,Clear,25.9,0.0,0,22.5,18.5
2026-08-07 23:00:00,R301,Residential,400,40.73,-73.98,87,40,Clear,25.9,0.0,0,21.75,22.5
2026-08-08 00:00:00,R301,Residential,400,40.73,-73.98,81,40,Clear,22.2,0.0,0,20.25,21.75
2026-08-08 01:00:00,R301,Residential,400,40.73,-73.98,73,40,Clear,22.2,0.0,0,18.25,20.25
2026-08-08 02:00:00,R301,Residential,400,40.73,-73.98,74,40,Clear,22.2,0.0,0,18.5,18.25
2026-08-08 03:00:00,R301,Residential,400,40.73,-73.98,70,40,Clear,22.2,0.0,0,17.5,18.5
2026-08-08 04:00:00,R301,Residential,400,40.73,-73.98,85,40,Clear,22.2,0.0,0,21.25,17.5
2026-08-08 05:00:00,R301,Residential,400,40.73,-73.98,75,40,Clear,22.2,0.0,0,18.75,21.25
2026-08-08 06:00:00,R301,Residential,400,40.73,-73.98,84,40,Clear,22.2,0.0,0,21.0,18.75
2026-08-08 07:00:00,R301,Residential,400,40.73,-73.98,78,40,Clear,22.2,0.0,0,19.5,21.0
2026-08-08 08:00:00,R301,Residential,400,40.73,-73.98,84,40,Clear,22.2,0.0,0,21.0,19.5
2026-08-08 09:00:00,R301,Residential,400,40.73,-73.98,68,40,Clear,22.2,0.0,0,17.0,21.0
2026-08-08 10:00:00,R301,Residential,400,40.73,-73.98,78,40,Clear,22.2,0.0,0,19.5,17.0
2026-08-08 11:00:00,R301,Residential,400,40.73,-73.98,302,20,Clear,22.2,0.0,0,75.5,19.5
2026-08-08 12:00:00,R301,Residential,400,40.73,-73.98,285,21,Clear,22.2,0.0,0,71.25,75.5
2026-08-08 13:00:00,R301,Residential,400,40.73,-73.98,285,21,Clear,22.2,0.0,0,71.25,71.25
2026-08-08 14:00:00,R301,Residential,400,40.73,-73.98,271,22,Clear,22.2,0.0,0,67.75,71.25
2026-08-08 15:00:00,R301,Residential,400,40.73,-73.98,317,19,Clear,22.2,0.0,0,79.25,67.75
2026-08-08 16:00:00,R301,Residential,400,40.73,-73.98,226,26,Clear,22.2,0.0,0,56.5,79.25
2026-08-08 17:00:00,R301,Residential,400,40.73,-73.98,227,26,Clear,22.2,0.0,0,56.75,56.5
2026-08-08 18:00:00,R301,Residential,400,40.73,-73.98,259,23,Clear,22.2,0.0,0,64.75,56.75
2026-08-08 19:00:00,R301,Residential,400,40.73,-73.98,257,23,Clear,22.2,0.0,0,64.25,64.75
2026-08-08 20:00:00,R301,Residential,400,40.73,-73.98,275,22,Clear,22.2,0.0,0,68.75,64.25
2026-08-08 21:00:00,R301,Residential,400,40.73,-73.98,90,40,Clear,22.2,0.0,0,22.5,68.75
2026-08-08 22:00:00,R301,Residential,400,40.73,-73.98,83,40,Clear,22.2,0.0,0,20.75,22.5
2026-08-08 23:00:00,R301,Residential,400,40.73,-73.98,91,40,Clear,22.2,0.0,0,22.75,20.75
2026-08-09 00:00:00,R301,Residential,400,40.73,-73.98,81,40,Clear,31.5,0.0,0,20.25,22.75
2026-08-09 01:00:00,R301,Residential,400,40.73,-73.98,81,40,Clear,31.5,0.0,0,20.25,20.25
2026-08-09 02:00:00,R301,Residential,400,40.73,-73.98,74,40,Clear,31.5,0.0,0,18.5,20.25
2026-08-09 03:00:00,R301,Residential,400,40.73,-73.98,84,40,Clear,31.5,0.0,0,21.0,18.5
2026-08-09 04:00:00,R301,Residential,400,40.73,-73.98,85,40,Clear,31.5,0.0,0,21.25,21.0
2026-08-09 05:00:00,R301,Residential,400,40.73,-73.98,70,40,Clear,31.5,0.0,0,17.5,21.25
2026-08-09 06:00:00,R301,Residential,400,40.73,-73.98,84,40,Clear,31.5,0.0,0,21.0,17.5
2026-08-09 07:00:00,R301,Residential,400,40.73,-73.98,74,40,Clear,31.5,0.0,0,18.5,21.0
2026-08-09 08:00:00,R301,Residential,400,40.73,-73.98,90,40,Clear,31.5,0.0,0,22.5,18.5
2026-08-09 09:00:00,R301,Residential,400,40.73,-73.98,90,40,Clear,31.5,0.0,0,22.5,22.5
2026-08-09 10:00:00,R301,Residential,400,40.73,-73.98,78,40,Clear,31.5,0.0,0,19.5,22.5
2026-08-09 11:00:00,R301,Residential,400,40.73,-73.98,266,23,Clear,31.5,0.0,0,66.5,19.5
2026-08-09 12:00:00,R301,Residential,400,40.73,-73.98,266,23,Clear,31.5,0.0,0,66.5,66.5
2026-08-09 13:00:00,R301,Residential,400,40.73,-73.98,284,21,Clear,31.5,0.0,0,71.0,66.5
2026-08-09 14:00:00,R301,Residential,400,40.73,-73.98,309,19,Clear,31.5,0.0,0,77.25,71.0
2026-08-09 15:00:00,R301,Residential,400,40.73,-73.98,256,24,Clear,31.5,0.0,0,64.0,77.25
2026-08-09 16:00:00,R301,Residential,400,40.73,-73.98,254,24,Clear,31.5,0.0,0,63.5,64.0
2026-08-09 17:00:00,R301,Residential,400,40.73,-73.98,267,23,Clear,31.5,0.0,0,66.75,63.5
2026-08-09 18:00:00,R301,Residential,400,40.73,-73.98,274,22,Clear,31.5,0.0,0,68.5,66.75
2026-08-09 19:00:00,R301,Residential,400,40.73,-73.98,217,27,Clear,31.5,0.0,0,54.25,68.5
2026-08-09 20:00:00,R301,Residential,400,40.73,-73.98,251,24,Clear,31.5,0.0,0,62.75,54.25
2026-08-09 21:00:00,R301,Residential,400,40.73,-73.98,82,40,Clear,31.5,0.0,0,20.5,62.75
2026-08-09 22:00:00,R301,Residential,400,40.73,-73.98,69,40,Clear,31.5,0.0,0,17.25,20.5
2026-08-09 23:00:00,R301,Residential,400,40.73,-73.98,70,40,Clear,31.5,0.0,0,17.5,17.25
2026-08-10 00:00:00,R301,Residential,400,40.73,-73.98,87,40,Cloudy,19.6,0.0,0,21.75,17.5
2026-08-10 01:00:00,R301,Residential,400,40.73,-73.98,74,40,Cloudy,19.6,0.0,0,18.5,21.75
2026-08-10 02:00:00,R301,Residential,400,40.73,-73.98,80,40,Cloudy,19.6,0.0,0,20.0,18.5
2026-08-10 03:00:00,R301,Residential,400,40.73,-73.98,91,40,Cloudy,19.6,0.0,0,22.75,20.0
2026-08-10 04:00:00,R301,Residential,400,40.73,-73.98,82,40,Cloudy,19.6,0.0,0,20.5,22.75
2026-08-10 05:00:00,R301,Residential,400,40.73,-73.98,89,40,Cloudy,19.6,0.0,0,22.25,20.5
2026-08-10 06:00:00,R301,Residential,400,40.73,-73.98,89,40,Cloudy,19.6,0.0,0,22.25,22.25
2026-08-10 07:00:00,R301,Residential,400,40.73,-73.98,339,17,Cloudy,19.6,0.0,0,84.75,22.25
2026-08-10 08:00:00,R301,Residential,400,40.73,-73.98,311,19,Cloudy,19.6,0.0,0,77.75,84.75
2026-08-10 09:00:00,R301,Residential,400,40.73,-73.98,380,15,Cloudy,19.6,0.0,0,95.0,77.75
2026-08-10 10:00:00,R301,Residential,400,40.73,-73.98,262,23,Cloudy,19.6,0.0,0,65.5,95.0
2026-08-10 11:00:00,R301,Residential,400,40.73,-73.98,254,24,Cloudy,19.6,0.0,0,63.5,65.5
2026-08-10 12:00:00,R301,Residential,400,40.73,-73.98,254,24,Cloudy,19.6,0.0,0,63.5,63.5
2026-08-10 13:00:00,R301,Residential,400,40.73,-73.98,253,24,Cloudy,19.6,0.0,0,63.25,63.5
2026-08-10 14:00:00,R301,Residential,400,40.73,-73.98,258,23,Cloudy,19.6,0.0,0,64.5,63.25
2026-08-10 15:00:00,R301,Residential,400,40.73,-73.98,224,27,Cloudy,19.6,0.0,0,56.0,64.5
2026-08-10 16:00:00,R301,Residential,400,40.73,-73.98,434,12,Cloudy,19.6,0.0,0,108.5,56.0
2026-08-10 17:00:00,R301,Residential,400,40.73,-73.98,395,14,Cloudy,19.6,0.0,0,98.75,108.5
2026-08-10 18:00:00,R301,Residential,400,40.73,-73.98,414,13,Cloudy,19.6,0.0,0,103.5,98.75
2026-08-10 19:00:00,R301,Residential,400,40.73,-73.98,341,17,Cloudy,19.6,0.0,0,85.25,103.5
2026-08-10 20:00:00,R301,Residential,400,40.73,-73.98,83,40,Cloudy,19.6,0.0,0,20.75,85.25
2026-08-10 21:00:00,R301,Residential,400,40.73,-73.98,82,40,Cloudy,19.6,0.0,0,20.5,20.75
2026-08-10 22:00:00,R301,Residential,400,40.73,-73.98,81,40,Cloudy,19.6,0.0,0,20.25,20.5
2026-08-10 23:00:00,R301,Residential,400,40.73,-73.98,84,40,Cloudy,19.6,0.0,0,21.0,20.25
2026-08-11 00:00:00,R301,Residential,400,40.73,-73.98,76,40,Clear,25.0,0.0,0,19.0,21.0
2026-08-11 01:00:00,R301,Residential,400,40.73,-73.98,98,12,Clear,25.0,0.0,1,24.5,19.0
2026-08-11 02:00:00,R301,Residential,400,40.73,-73.98,81,40,Clear,25.0,0.0,0,20.25,24.5
2026-08-11 03:00:00,R301,Residential,400,40.73,-73.98,87,40,Clear,25.0,0.0,0,21.75,20.25
2026-08-11 04:00:00,R301,Residential,400,40.73,-73.98,78,40,Clear,25.0,0.0,0,19.5,21.75
2026-08-11 05:00:00,R301,Residential,400,40.73,-73.98,82,40,Clear,25.0,0.0,0,20.5,19.5
2026-08-11 06:00:00,R301,Residential,400,40.73,-73.98,77,40,Clear,25.0,0.0,0,19.25,20.5
2026-08-11 07:00:00,R301,Residential,400,40.73,-73.98,396,14,Clear,25.0,0.0,0,99.0,19.25
2026-08-11 08:00:00,R301,Residential,400,40.73,-73.98,387,14,Clear,25.0,0.0,0,96.75,99.0
2026-08-11 09:00:00,R301,Residential,400,40.73,-73.98,376,15,Clear,25.0,0.0,0,94.0,96.75
2026-08-11 10:00:00,R301,Residential,400,40.73,-73.98,274,22,Clear,25.0,0.0,0,68.5,94.0
2026-08-11 11:00:00,R301,Residential,400,40.73,-73.98,253,24,Clear,25.0,0.0,0,63.25,68.5
2026-08-11 12:00:00,R301,Residential,400,40.73,-73.98,223,27,Clear,25.0,0.0,0,55.75,63.25
2026-08-11 13:00:00,R301,Residential,400,40.73,-73.98,257,23,Clear,25.0,0.0,0,64.25,55.75
2026-08-11 14:00:00,R301,Residential,400,40.73,-73.98,266,23,Clear,25.0,0.0,0,66.5,64.25
2026-08-11 15:00:00,R301,Residential,400,40.73,-73.98,232,26,Clear,25.0,0.0,0,58.0,66.5
2026-08-11 16:00:00,R301,Residential,400,40.73,-73.98,410,13,Clear,25.0,0.0,0,102.5,58.0
2026-08-11 17:00:00,R301,Residential,400,40.73,-73.98,430,12,Clear,25.0,0.0,0,107.5,102.5
2026-08-11 18:00:00,R301,Residential,400,40.73,-73.98,453,5,Clear,25.0,0.0,1,113.25,107.5
2026-08-11 19:00:00,R301,Residential,400,40.73,-73.98,338,17,Clear,25.0,0.0,0,84.5,113.25
2026-08-11 20:00:00,R301,Residential,400,40.73,-73.98,82,40,Clear,25.0,0.0,0,20.5,84.5
2026-08-11 21:00:00,R301,Residential,400,40.73,-73.98,77,40,Clear,25.0,0.0,0,19.25,20.5
2026-08-11 22:00:00,R301,Residential,400,40.73,-73.98,72,40,Clear,25.0,0.0,0,18.0,19.25
2026-08-11 23:00:00,R301,Residential,400,40.73,-73.98,90,40,Clear,25.0,0.0,0,22.5,18.0
2026-08-12 00:00:00,R301,Residential,400,40.73,-73.98,73,40,Clear,24.5,0.0,0,18.25,22.5
2026-08-12 01:00:00,R301,Residential,400,40.73,-73.98,71,40,Clear,24.5,0.0,0,17.75,18.25
2026-08-12 02:00:00,R301,Residential,400,40.73,-73.98,88,40,Clear,24.5,0.0,0,22.0,17.75
2026-08-12 03:00:00,R301,Residential,400,40.73,-73.98,73,40,Clear,24.5,0.0,0,18.25,22.0
2026-08-12 04:00:00,R301,Residential,400,40.73,-73.98,77,40,Clear,24.5,0.0,0,19.25,18.25
2026-08-12 05:00:00,R301,Residential,400,40.73,-73.98,87,40,Clear,24.5,0.0,0,21.75,19.25
2026-08-12 06:00:00,R301,Residential,400,40.73,-73.98,82,40,Clear,24.5,0.0,0,20.5,21.75
2026-08-12 07:00:00,R301,Residential,400,40.73,-73.98,308,19,Clear,24.5,0.0,0,77.0,20.5
2026-08-12 08:00:00,R301,Residential,400,40.73,-73.98,413,13,Clear,24.5,0.0,0,103.25,77.0
2026-08-12 09:00:00,R301,Residential,400,40.73,-73.98,399,14,Clear,24.5,0.0,0,99.75,103.25
2026-08-12 10:00:00,R301,Residential,400,40.73,-73.98,218,27,Clear,24.5,0.0,0,54.5,99.75
2026-08-12 11:00:00,R301,Residential,400,40.73,-73.98,216,27,Clear,24.5,0.0,0,54.0,54.5
2026-08-12 12:00:00,R301,Residential,400,40.73,-73.98,267,23,Clear,24.5,0.0,0,66.75,54.0
2026-08-12 13:00:00,R301,Residential,400,40.73,-73.98,271,22,Clear,24.5,0.0,0,67.75,66.75
2026-08-12 14:00:00,R301,Residential,400,40.73,-73.98,223,27,Clear,24.5,0.0,0,55.75,67.75
2026-08-12 15:00:00,R301,Residential,400,40.73,-73.98,242,25,Clear,24.5,0.0,0,60.5,55.75
2026-08-12 16:00:00,R301,Residential,400,40.73,-73.98,349,16,Clear,24.5,0.0,0,87.25,60.5
2026-08-12 17:00:00,R301,Residential,400,40.73,-73.98,367,15,Clear,24.5,0.0,0,91.75,87.25
2026-08-12 18:00:00,R301,Residential,400,40.73,-73.98,349,16,Clear,24.5,0.0,0,87.25,91.75
2026-08-12 19:00:00,R301,Residential,400,40.73,-73.98,382,14,Clear,24.5,0.0,0,95.5,87.25
2026-08-12 20:00:00,R301,Residential,400,40.73,-73.98,77,40,Clear,24.5,0.0,0,19.25,95.5
2026-08-12 21:00:00,R301,Residential,400,40.73,-73.98,83,40,Clear,24.5,0.0,0,20.75,19.25
2026-08-12 22:00:00,R301,Residential,400,40.73,-73.98,80,40,Clear,24.5,0.0,0,20.0,20.75
2026-08-12 23:00:00,R301,Residential,400,40.73,-73.98,91,40,Clear,24.5,0.0,0,22.75,20.0
2026-08-13 00:00:00,R301,Residential,400,40.73,-73.98,74,32,Heavy Rain,15.1,13.9,0,18.5,22.75
2026-08-13 01:00:00,R301,Residential,400,40.73,-73.98,78,32,Heavy Rain,15.1,13.9,0,19.5,18.5
2026-08-13 02:00:00,R301,Residential,400,40.73,-73.98,78,32,Heavy Rain,15.1,13.9,0,19.5,19.5
2026-08-13 03:00:00,R301,Residential,400,40.73,-73.98,71,32,Heavy Rain,15.1,13.9,0,17.75,19.5
2026-08-13 04:00:00,R301,Residential,400,40.73,-73.98,79,32,Heavy Rain,15.1,13.9,0,19.75,17.75
2026-08-13 05:00:00,R301,Residential,400,40.73,-73.98,69,32,Heavy Rain,15.1,13.9,0,17.25,19.75
2026-08-13 06:00:00,R301,Residential,400,40.73,-73.98,81,32,Heavy Rain,15.1,13.9,0,20.25,17.25
2026-08-13 07:00:00,R301,Residential,400,40.73,-73.98,364,5,Heavy Rain,15.1,13.9,1,91.0,20.25
2026-08-13 08:00:00,R301,Residential,400,40.73,-73.98,361,12,Heavy Rain,15.1,13.9,0,90.25,91.0
2026-08-13 09:00:00,R301,Residential,400,40.73,-73.98,334,14,Heavy Rain,15.1,13.9,0,83.5,90.25
2026-08-13 10:00:00,R301,Residential,400,40.73,-73.98,206,23,Heavy Rain,15.1,13.9,0,51.5,83.5
2026-08-13 11:00:00,R301,Residential,400,40.73,-73.98,247,19,Heavy Rain,15.1,13.9,0,61.75,51.5
2026-08-13 12:00:00,R301,Residential,400,40.73,-73.98,196,24,Heavy Rain,15.1,13.9,0,49.0,61.75
2026-08-13 13:00:00,R301,Residential,400,40.73,-73.98,184,25,Heavy Rain,15.1,13.9,0,46.0,49.0
2026-08-13 14:00:00,R301,Residential,400,40.73,-73.98,212,22,Heavy Rain,15.1,13.9,0,53.0,46.0
2026-08-13 15:00:00,R301,Residential,400,40.73,-73.98,213,22,Heavy Rain,15.1,13.9,0,53.25,53.0
2026-08-13 16:00:00,R301,Residential,400,40.73,-73.98,319,15,Heavy Rain,15.1,13.9,0,79.75,53.25
2026-08-13 17:00:00,R301,Residential,400,40.73,-73.98,293,16,Heavy Rain,15.1,13.9,0,73.25,79.75
2026-08-13 18:00:00,R301,Residential,400,40.73,-73.98,379,12,Heavy Rain,15.1,13.9,0,94.75,73.25
2026-08-13 19:00:00,R301,Residential,400,40.73,-73.98,387,11,Heavy Rain,15.1,13.9,0,96.75,94.75
2026-08-13 20:00:00,R301,Residential,400,40.73,-73.98,78,32,Heavy Rain,15.1,13.9,0,19.5,96.75
2026-08-13 21:00:00,R301,Residential,400,40.73,-73.98,72,32,Heavy Rain,15.1,13.9,0,18.0,19.5
2026-08-13 22:00:00,R301,Residential,400,40.73,-73.98,72,32,Heavy Rain,15.1,13.9,0,18.0,18.0
2026-08-13 23:00:00,R301,Residential,400,40.73,-73.98,70,32,Heavy Rain,15.1,13.9,0,17.5,18.0
2026-08-14 00:00:00,R301,Residential,400,40.73,-73.98,80,40,Cloudy,19.9,0.0,0,20.0,17.5
2026-08-14 01:00:00,R301,Residential,400,40.73,-73.98,73,40,Cloudy,19.9,0.0,0,18.25,20.0
2026-08-14 02:00:00,R301,Residential,400,40.73,-73.98,87,40,Cloudy,19.9,0.0,0,21.75,18.25
2026-08-14 03:00:00,R301,Residential,400,40.73,-73.98,71,40,Cloudy,19.9,0.0,0,17.75,21.75
2026-08-14 04:00:00,R301,Residential,400,40.73,-73.98,78,40,Cloudy,19.9,0.0,0,19.5,17.75
2026-08-14 05:00:00,R301,Residential,400,40.73,-73.98,73,40,Cloudy,19.9,0.0,0,18.25,19.5
2026-08-14 06:00:00,R301,Residential,400,40.73,-73.98,89,40,Cloudy,19.9,0.0,0,22.25,18.25
2026-08-14 07:00:00,R301,Residential,400,40.73,-73.98,318,19,Cloudy,19.9,0.0,0,79.5,22.25
2026-08-14 08:00:00,R301,Residential,400,40.73,-73.98,374,5,Cloudy,19.9,0.0,1,93.5,79.5
2026-08-14 09:00:00,R301,Residential,400,40.73,-73.98,380,15,Cloudy,19.9,0.0,0,95.0,93.5
2026-08-14 10:00:00,R301,Residential,400,40.73,-73.98,264,23,Cloudy,19.9,0.0,0,66.0,95.0
2026-08-14 11:00:00,R301,Residential,400,40.73,-73.98,270,22,Cloudy,19.9,0.0,0,67.5,66.0
2026-08-14 12:00:00,R301,Residential,400,40.73,-73.98,266,6,Cloudy,19.9,0.0,1,66.5,67.5
2026-08-14 13:00:00,R301,Residential,400,40.73,-73.98,241,25,Cloudy,19.9,0.0,0,60.25,66.5
2026-08-14 14:00:00,R301,Residential,400,40.73,-73.98,247,24,Cloudy,19.9,0.0,0,61.75,60.25
2026-08-14 15:00:00,R301,Residential,400,40.73,-73.98,214,28,Cloudy,19.9,0.0,0,53.5,61.75
2026-08-14 16:00:00,R301,Residential,400,40.73,-73.98,367,15,Cloudy,19.9,0.0,0,91.75,53.5
2026-08-14 17:00:00,R301,Residential,400,40.73,-73.98,328,18,Cloudy,19.9,0.0,0,82.0,91.75
2026-08-14 18:00:00,R301,Residential,400,40.73,-73.98,414,13,Cloudy,19.9,0.0,0,103.5,82.0
2026-08-14 19:00:00,R301,Residential,400,40.73,-73.98,334,17,Cloudy,19.9,0.0,0,83.5,103.5
2026-08-14 20:00:00,R301,Residential,400,40.73,-73.98,90,40,Cloudy,19.9,0.0,0,22.5,83.5
2026-08-14 21:00:00,R301,Residential,400,40.73,-73.98,79,40,Cloudy,19.9,0.0,0,19.75,22.5
2026-08-14 22:00:00,R301,Residential,400,40.73,-73.98,73,40,Cloudy,19.9,0.0,0,18.25,19.75
2026-08-14 23:00:00,R301,Residential,400,40.73,-73.98,87,40,Cloudy,19.9,0.0,0,21.75,18.25
2026-08-15 00:00:00,R301,Residential,400,40.73,-73.98,73,40,Clear,25.7,0.0,0,18.25,21.75
2026-08-15 01:00:00,R301,Residential,400,40.73,-73.98,75,40,Clear,25.7,0.0,0,18.75,18.25
2026-08-15 02:00:00,R301,Residential,400,40.73,-73.98,82,40,Clear,25.7,0.0,0,20.5,18.75
2026-08-15 03:00:00,R301,Residential,400,40.73,-73.98,85,40,Clear,25.7,0.0,0,21.25,20.5
2026-08-15 04:00:00,R301,Residential,400,40.73,-73.98,74,40,Clear,25.7,0.0,0,18.5,21.25
2026-08-15 05:00:00,R301,Residential,400,40.73,-73.98,78,40,Clear,25.7,0.0,0,19.5,18.5
2026-08-15 06:00:00,R301,Residential,400,40.73,-73.98,90,40,Clear,25.7,0.0,0,22.5,19.5
2026-08-15 07:00:00,R301,Residential,400,40.73,-73.98,71,40,Clear,25.7,0.0,0,17.75,22.5
2026-08-15 08:00:00,R301,Residential,400,40.73,-73.98,89,40,Clear,25.7,0.0,0,22.25,17.75
2026-08-15 09:00:00,R301,Residential,400,40.73,-73.98,73,40,Clear,25.7,0.0,0,18.25,22.25
2026-08-15 10:00:00,R301,Residential,400,40.73,-73.98,82,40,Clear,25.7,0.0,0,20.5,18.25
2026-08-15 11:00:00,R301,Residential,400,40.73,-73.98,298,20,Clear,25.7,0.0,0,74.5,20.5
2026-08-15 12:00:00,R301,Residential,400,40.73,-73.98,300,20,Clear,25.7,0.0,0,75.0,74.5
2026-08-15 13:00:00,R301,Residential,400,40.73,-73.98,286,21,Clear,25.7,0.0,0,71.5,75.0
2026-08-15 14:00:00,R301,Residential,400,40.73,-73.98,260,23,Clear,25.7,0.0,0,65.0,71.5
2026-08-15 15:00:00,R301,Residential,400,40.73,-73.98,240,25,Clear,25.7,0.0,0,60.0,65.0
2026-08-15 16:00:00,R301,Residential,400,40.73,-73.98,226,26,Clear,25.7,0.0,0,56.5,60.0
2026-08-15 17:00:00,R301,Residential,400,40.73,-73.98,263,23,Clear,25.7,0.0,0,65.75,56.5
2026-08-15 18:00:00,R301,Residential,400,40.73,-73.98,252,24,Clear,25.7,0.0,0,63.0,65.75
2026-08-15 19:00:00,R301,Residential,400,40.73,-73.98,251,24,Clear,25.7,0.0,0,62.75,63.0
2026-08-15 20:00:00,R301,Residential,400,40.73,-73.98,210,28,Clear,25.7,0.0,0,52.5,62.75
2026-08-15 21:00:00,R301,Residential,400,40.73,-73.98,85,40,Clear,25.7,0.0,0,21.25,52.5
2026-08-15 22:00:00,R301,Residential,400,40.73,-73.98,76,40,Clear,25.7,0.0,0,19.0,21.25
2026-08-15 23:00:00,R301,Residential,400,40.73,-73.98,87,40,Clear,25.7,0.0,0,21.75,19.0
2026-08-16 00:00:00,R301,Residential,400,40.73,-73.98,84,40,Clear,25.4,0.0,0,21.0,21.75
2026-08-16 01:00:00,R301,Residential,400,40.73,-73.98,86,40,Clear,25.4,0.0,0,21.5,21.0
2026-08-16 02:00:00,R301,Residential,400,40.73,-73.98,82,40,Clear,25.4,0.0,0,20.5,21.5
2026-08-16 03:00:00,R301,Residential,400,40.73,-73.98,81,40,Clear,25.4,0.0,0,20.25,20.5
2026-08-16 04:00:00,R301,Residential,400,40.73,-73.98,82,40,Clear,25.4,0.0,0,20.5,20.25
2026-08-16 05:00:00,R301,Residential,400,40.73,-73.98,79,40,Clear,25.4,0.0,0,19.75,20.5
2026-08-16 06:00:00,R301,Residential,400,40.73,-73.98,80,40,Clear,25.4,0.0,0,20.0,19.75
2026-08-16 07:00:00,R301,Residential,400,40.73,-73.98,79,40,Clear,25.4,0.0,0,19.75,20.0
2026-08-16 08:00:00,R301,Residential,400,40.73,-73.98,68,40,Clear,25.4,0.0,0,17.0,19.75
2026-08-16 09:00:00,R301,Residential,400,40.73,-73.98,85,40,Clear,25.4,0.0,0,21.25,17.0
2026-08-16 10:00:00,R301,Residential,400,40.73,-73.98,74,40,Clear,25.4,0.0,0,18.5,21.25
2026-08-16 11:00:00,R301,Residential,400,40.73,-73.98,267,23,Clear,25.4,0.0,0,66.75,18.5
2026-08-16 12:00:00,R301,Residential,400,40.73,-73.98,257,23,Clear,25.4,0.0,0,64.25,66.75
2026-08-16 13:00:00,R301,Residential,400,40.73,-73.98,321,18,Clear,25.4,0.0,0,80.25,64.25
2026-08-16 14:00:00,R301,Residential,400,40.73,-73.98,247,24,Clear,25.4,0.0,0,61.75,80.25
2026-08-16 15:00:00,R301,Residential,400,40.73,-73.98,315,19,Clear,25.4,0.0,0,78.75,61.75
2026-08-16 16:00:00,R301,Residential,400,40.73,-73.98,217,27,Clear,25.4,0.0,0,54.25,78.75
2026-08-16 17:00:00,R301,Residential,400,40.73,-73.98,204,29,Clear,25.4,0.0,0,51.0,54.25
2026-08-16 18:00:00,R301,Residential,400,40.73,-73.98,211,28,Clear,25.4,0.0,0,52.75,51.0
2026-08-16 19:00:00,R301,Residential,400,40.73,-73.98,219,27,Clear,25.4,0.0,0,54.75,52.75
2026-08-16 20:00:00,R301,Residential,400,40.73,-73.98,263,23,Clear,25.4,0.0,0,65.75,54.75
2026-08-16 21:00:00,R301,Residential,400,40.73,-73.98,68,40,Clear,25.4,0.0,0,17.0,65.75
2026-08-16 22:00:00,R301,Residential,400,40.73,-73.98,85,40,Clear,25.4,0.0,0,21.25,17.0
2026-08-16 23:00:00,R301,Residential,400,40.73,-73.98,85,40,Clear,25.4,0.0,0,21.25,21.25
2026-08-17 00:00:00,R301,Residential,400,40.73,-73.98,72,40,Cloudy,23.2,0.0,0,18.0,21.25
2026-08-17 01:00:00,R301,Residential,400,40.73,-73.98,79,40,Cloudy,23.2,0.0,0,19.75,18.0
2026-08-17 02:00:00,R301,Residential,400,40.73,-73.98,73,40,Cloudy,23.2,0.0,0,18.25,19.75
2026-08-17 03:00:00,R301,Residential,400,40.73,-73.98,80,40,Cloudy,23.2,0.0,0,20.0,18.25
2026-08-17 04:00:00,R301,Residential,400,40.73,-73.98,84,40,Cloudy,23.2,0.0,0,21.0,20.0
2026-08-17 05:00:00,R301,Residential,400,40.73,-73.98,86,40,Cloudy,23.2,0.0,0,21.5,21.0
2026-08-17 06:00:00,R301,Residential,400,40.73,-73.98,71,40,Cloudy,23.2,0.0,0,17.75,21.5
2026-08-17 07:00:00,R301,Residential,400,40.73,-73.98,389,14,Cloudy,23.2,0.0,0,97.25,17.75
2026-08-17 08:00:00,R301,Residential,400,40.73,-73.98,389,14,Cloudy,23.2,0.0,0,97.25,97.25
2026-08-17 09:00:00,R301,Residential,400,40.73,-73.98,384,14,Cloudy,23.2,0.0,0,96.0,97.25
2026-08-17 10:00:00,R301,Residential,400,40.73,-73.98,275,22,Cloudy,23.2,0.0,0,68.75,96.0
2026-08-17 11:00:00,R301,Residential,400,40.73,-73.98,228,26,Cloudy,23.2,0.0,0,57.0,68.75
2026-08-17 12:00:00,R301,Residential,400,40.73,-73.98,233,26,Cloudy,23.2,0.0,0,58.25,57.0
2026-08-17 13:00:00,R301,Residential,400,40.73,-73.98,261,23,Cloudy,23.2,0.0,0,65.25,58.25
2026-08-17 14:00:00,R301,Residential,400,40.73,-73.98,270,22,Cloudy,23.2,0.0,0,67.5,65.25
2026-08-17 15:00:00,R301,Residential,400,40.73,-73.98,262,23,Cloudy,23.2,0.0,0,65.5,67.5
2026-08-17 16:00:00,R301,Residential,400,40.73,-73.98,336,17,Cloudy,23.2,0.0,0,84.0,65.5
2026-08-17 17:00:00,R301,Residential,400,40.73,-73.98,406,13,Cloudy,23.2,0.0,0,101.5,84.0
2026-08-17 18:00:00,R301,Residential,400,40.73,-73.98,358,16,Cloudy,23.2,0.0,0,89.5,101.5
2026-08-17 19:00:00,R301,Residential,400,40.73,-73.98,334,17,Cloudy,23.2,0.0,0,83.5,89.5
2026-08-17 20:00:00,R301,Residential,400,40.73,-73.98,89,40,Cloudy,23.2,0.0,0,22.25,83.5
2026-08-17 21:00:00,R301,Residential,400,40.73,-73.98,71,40,Cloudy,23.2,0.0,0,17.75,22.25
2026-08-17 22:00:00,R301,Residential,400,40.73,-73.98,73,40,Cloudy,23.2,0.0,0,18.25,17.75
2026-08-17 23:00:00,R301,Residential,400,40.73,-73.98,77,40,Cloudy,23.2,0.0,0,19.25,18.25
2026-08-18 00:00:00,R301,Residential,400,40.73,-73.98,87,32,Rainy,10.1,12.7,0,21.75,19.25
2026-08-18 01:00:00,R301,Residential,400,40.73,-73.98,89,32,Rainy,10.1,12.7,0,22.25,21.75
2026-08-18 02:00:00,R301,Residential,400,40.73,-73.98,76,32,Rainy,10.1,12.7,0,19.0,22.25
2026-08-18 03:00:00,R301,Residential,400,40.73,-73.98,85,32,Rainy,10.1,12.7,0,21.25,19.0
2026-08-18 04:00:00,R301,Residential,400,40.73,-73.98,68,32,Rainy,10.1,12.7,0,17.0,21.25
2026-08-18 05:00:00,R301,Residential,400,40.73,-73.98,70,32,Rainy,10.1,12.7,0,17.5,17.0
2026-08-18 06:00:00,R301,Residential,400,40.73,-73.98,76,32,Rainy,10.1,12.7,0,19.0,17.5
2026-08-18 07:00:00,R301,Residential,400,40.73,-73.98,331,14,Rainy,10.1,12.7,0,82.75,19.0
2026-08-18 08:00:00,R301,Residential,400,40.73,-73.98,365,12,Rainy,10.1,12.7,0,91.25,82.75
2026-08-18 09:00:00,R301,Residential,400,40.73,-73.98,340,14,Rainy,10.1,12.7,0,85.0,91.25
2026-08-18 10:00:00,R301,Residential,400,40.73,-73.98,248,19,Rainy,10.1,12.7,0,62.0,85.0
2026-08-18 11:00:00,R301,Residential,400,40.73,-73.98,229,21,Rainy,10.1,12.7,0,57.25,62.0
2026-08-18 12:00:00,R301,Residential,400,40.73,-73.98,278,5,Rainy,10.1,12.7,1,69.5,57.25
2026-08-18 13:00:00,R301,Residential,400,40.73,-73.98,264,18,Rainy,10.1,12.7,0,66.0,69.5
2026-08-18 14:00:00,R301,Residential,400,40.73,-73.98,206,23,Rainy,10.1,12.7,0,51.5,66.0
2026-08-18 15:00:00,R301,Residential,400,40.73,-73.98,251,19,Rainy,10.1,12.7,0,62.75,51.5
2026-08-18 16:00:00,R301,Residential,400,40.73,-73.98,393,11,Rainy,10.1,12.7,0,98.25,62.75
2026-08-18 17:00:00,R301,Residential,400,40.73,-73.98,353,13,Rainy,10.1,12.7,0,88.25,98.25
2026-08-18 18:00:00,R301,Residential,400,40.73,-73.98,367,12,Rainy,10.1,12.7,0,91.75,88.25
2026-08-18 19:00:00,R301,Residential,400,40.73,-73.98,325,14,Rainy,10.1,12.7,0,81.25,91.75
2026-08-18 20:00:00,R301,Residential,400,40.73,-73.98,81,32,Rainy,10.1,12.7,0,20.25,81.25
2026-08-18 21:00:00,R301,Residential,400,40.73,-73.98,91,32,Rainy,10.1,12.7,0,22.75,20.25
2026-08-18 22:00:00,R301,Residential,400,40.73,-73.98,90,32,Rainy,10.1,12.7,0,22.5,22.75
2026-08-18 23:00:00,R301,Residential,400,40.73,-73.98,72,32,Rainy,10.1,12.7,0,18.0,22.5
2026-08-19 00:00:00,R301,Residential,400,40.73,-73.98,83,40,Cloudy,24.5,0.0,0,20.75,18.0
2026-08-19 01:00:00,R301,Residential,400,40.73,-73.98,73,40,Cloudy,24.5,0.0,0,18.25,20.75
2026-08-19 02:00:00,R301,Residential,400,40.73,-73.98,77,40,Cloudy,24.5,0.0,0,19.25,18.25
2026-08-19 03:00:00,R301,Residential,400,40.73,-73.98,89,40,Cloudy,24.5,0.0,0,22.25,19.25
2026-08-19 04:00:00,R301,Residential,400,40.73,-73.98,69,40,Cloudy,24.5,0.0,0,17.25,22.25
2026-08-19 05:00:00,R301,Residential,400,40.73,-73.98,80,40,Cloudy,24.5,0.0,0,20.0,17.25
2026-08-19 06:00:00,R301,Residential,400,40.73,-73.98,82,40,Cloudy,24.5,0.0,0,20.5,20.0
2026-08-19 07:00:00,R301,Residential,400,40.73,-73.98,345,17,Cloudy,24.5,0.0,0,86.25,20.5
2026-08-19 08:00:00,R301,Residential,400,40.73,-73.98,384,14,Cloudy,24.5,0.0,0,96.0,86.25
2026-08-19 09:00:00,R301,Residential,400,40.73,-73.98,306,19,Cloudy,24.5,0.0,0,76.5,96.0
2026-08-19 10:00:00,R301,Residential,400,40.73,-73.98,231,26,Cloudy,24.5,0.0,0,57.75,76.5
2026-08-19 11:00:00,R301,Residential,400,40.73,-73.98,268,22,Cloudy,24.5,0.0,0,67.0,57.75
2026-08-19 12:00:00,R301,Residential,400,40.73,-73.98,260,23,Cloudy,24.5,0.0,0,65.0,67.0
2026-08-19 13:00:00,R301,Residential,400,40.73,-73.98,257,23,Cloudy,24.5,0.0,0,64.25,65.0
2026-08-19 14:00:00,R301,Residential,400,40.73,-73.98,210,28,Cloudy,24.5,0.0,0,52.5,64.25
2026-08-19 15:00:00,R301,Residential,400,40.73,-73.98,228,26,Cloudy,24.5,0.0,0,57.0,52.5
2026-08-19 16:00:00,R301,Residential,400,40.73,-73.98,416,13,Cloudy,24.5,0.0,0,104.0,57.0
2026-08-19 17:00:00,R301,Residential,400,40.73,-73.98,418,13,Cloudy,24.5,0.0,0,104.5,104.0
2026-08-19 18:00:00,R301,Residential,400,40.73,-73.98,398,14,Cloudy,24.5,0.0,0,99.5,104.5
2026-08-19 19:00:00,R301,Residential,400,40.73,-73.98,340,17,Cloudy,24.5,0.0,0,85.0,99.5
2026-08-19 20:00:00,R301,Residential,400,40.73,-73.98,73,40,Cloudy,24.5,0.0,0,18.25,85.0
2026-08-19 21:00:00,R301,Residential,400,40.73,-73.98,69,40,Cloudy,24.5,0.0,0,17.25,18.25
2026-08-19 22:00:00,R301,Residential,400,40.73,-73.98,74,40,Cloudy,24.5,0.0,0,18.5,17.25
2026-08-19 23:00:00,R301,Residential,400,40.73,-73.98,73,40,Cloudy,24.5,0.0,0,18.25,18.5
2026-08-20 00:00:00,R301,Residential,400,40.73,-73.98,88,40,Clear,28.0,0.0,0,22.0,18.25
2026-08-20 01:00:00,R301,Residential,400,40.73,-73.98,83,40,Clear,28.0,0.0,0,20.75,22.0
2026-08-20 02:00:00,R301,Residential,400,40.73,-73.98,73,40,Clear,28.0,0.0,0,18.25,20.75
2026-08-20 03:00:00,R301,Residential,400,40.73,-73.98,81,40,Clear,28.0,0.0,0,20.25,18.25
2026-08-20 04:00:00,R301,Residential,400,40.73,-73.98,71,40,Clear,28.0,0.0,0,17.75,20.25
2026-08-20 05:00:00,R301,Residential,400,40.73,-73.98,80,40,Clear,28.0,0.0,0,20.0,17.75
2026-08-20 06:00:00,R301,Residential,400,40.73,-73.98,81,40,Clear,28.0,0.0,0,20.25,20.0
2026-08-20 07:00:00,R301,Residential,400,40.73,-73.98,318,19,Clear,28.0,0.0,0,79.5,20.25
2026-08-20 08:00:00,R301,Residential,400,40.73,-73.98,403,13,Clear,28.0,0.0,0,100.75,79.5
2026-08-20 09:00:00,R301,Residential,400,40.73,-73.98,355,16,Clear,28.0,0.0,0,88.75,100.75
2026-08-20 10:00:00,R301,Residential,400,40.73,-73.98,207,28,Clear,28.0,0.0,0,51.75,88.75
2026-08-20 11:00:00,R301,Residential,400,40.73,-73.98,213,28,Clear,28.0,0.0,0,53.25,51.75
2026-08-20 12:00:00,R301,Residential,400,40.73,-73.98,237,25,Clear,28.0,0.0,0,59.25,53.25
2026-08-20 13:00:00,R301,Residential,400,40.73,-73.98,250,24,Clear,28.0,0.0,0,62.5,59.25
2026-08-20 14:00:00,R301,Residential,400,40.73,-73.98,251,24,Clear,28.0,0.0,0,62.75,62.5
2026-08-20 15:00:00,R301,Residential,400,40.73,-73.98,208,28,Clear,28.0,0.0,0,52.0,62.75
2026-08-20 16:00:00,R301,Residential,400,40.73,-73.98,369,15,Clear,28.0,0.0,0,92.25,52.0
2026-08-20 17:00:00,R301,Residential,400,40.73,-73.98,362,16,Clear,28.0,0.0,0,90.5,92.25
2026-08-20 18:00:00,R301,Residential,400,40.73,-73.98,344,17,Clear,28.0,0.0,0,86.0,90.5
2026-08-20 19:00:00,R301,Residential,400,40.73,-73.98,385,14,Clear,28.0,0.0,0,96.25,86.0
2026-08-20 20:00:00,R301,Residential,400,40.73,-73.98,74,40,Clear,28.0,0.0,0,18.5,96.25
2026-08-20 21:00:00,R301,Residential,400,40.73,-73.98,87,40,Clear,28.0,0.0,0,21.75,18.5
2026-08-20 22:00:00,R301,Residential,400,40.73,-73.98,83,40,Clear,28.0,0.0,0,20.75,21.75
2026-08-20 23:00:00,R301,Residential,400,40.73,-73.98,86,40,Clear,28.0,0.0,0,21.5,20.75
2026-08-21 00:00:00,R301,Residential,400,40.73,-73.98,74,40,Cloudy,22.2,11.0,0,18.5,21.5
2026-08-21 01:00:00,R301,Residential,400,40.73,-73.98,72,40,Cloudy,22.2,11.0,0,18.0,18.5
2026-08-21 02:00:00,R301,Residential,400,40.73,-73.98,83,40,Cloudy,22.2,11.0,0,20.75,18.0
2026-08-21 03:00:00,R301,Residential,400,40.73,-73.98,79,40,Cloudy,22.2,11.0,0,19.75,20.75
2026-08-21 04:00:00,R301,Residential,400,40.73,-73.98,91,40,Cloudy,22.2,11.0,0,22.75,19.75
2026-08-21 05:00:00,R301,Residential,400,40.73,-73.98,81,40,Cloudy,22.2,11.0,0,20.25,22.75
2026-08-21 06:00:00,R301,Residential,400,40.73,-73.98,87,40,Cloudy,22.2,11.0,0,21.75,20.25
2026-08-21 07:00:00,R301,Residential,400,40.73,-73.98,340,17,Cloudy,22.2,11.0,0,85.0,21.75
2026-08-21 08:00:00,R301,Residential,400,40.73,-73.98,365,15,Cloudy,22.2,11.0,0,91.25,85.0
2026-08-21 09:00:00,R301,Residential,400,40.73,-73.98,337,17,Cloudy,22.2,11.0,0,84.25,91.25
2026-08-21 10:00:00,R301,Residential,400,40.73,-73.98,258,23,Cloudy,22.2,11.0,0,64.5,84.25
2026-08-21 11:00:00,R301,Residential,400,40.73,-73.98,272,22,Cloudy,22.2,11.0,0,68.0,64.5
2026-08-21 12:00:00,R301,Residential,400,40.73,-73.98,261,23,Cloudy,22.2,11.0,0,65.25,68.0
2026-08-21 13:00:00,R301,Residential,400,40.73,-73.98,261,23,Cloudy,22.2,11.0,0,65.25,65.25
2026-08-21 14:00:00,R301,Residential,400,40.73,-73.98,218,27,Cloudy,22.2,11.0,0,54.5,65.25
2026-08-21 15:00:00,R301,Residential,400,40.73,-73.98,270,22,Cloudy,22.2,11.0,0,67.5,54.5
2026-08-21 16:00:00,R301,Residential,400,40.73,-73.98,433,12,Cloudy,22.2,11.0,0,108.25,67.5
2026-08-21 17:00:00,R301,Residential,400,40.73,-73.98,365,15,Cloudy,22.2,11.0,0,91.25,108.25
2026-08-21 18:00:00,R301,Residential,400,40.73,-73.98,427,12,Cloudy,22.2,11.0,0,106.75,91.25
2026-08-21 19:00:00,R301,Residential,400,40.73,-73.98,412,13,Cloudy,22.2,11.0,0,103.0,106.75
2026-08-21 20:00:00,R301,Residential,400,40.73,-73.98,72,40,Cloudy,22.2,11.0,0,18.0,103.0
2026-08-21 21:00:00,R301,Residential,400,40.73,-73.98,89,40,Cloudy,22.2,11.0,0,22.25,18.0
2026-08-21 22:00:00,R301,Residential,400,40.73,-73.98,71,40,Cloudy,22.2,11.0,0,17.75,22.25
2026-08-21 23:00:00,R301,Residential,400,40.73,-73.98,89,40,Cloudy,22.2,11.0,0,22.25,17.75
2026-08-22 00:00:00,R301,Residential,400,40.73,-73.98,87,40,Clear,25.6,0.0,0,21.75,22.25
2026-08-22 01:00:00,R301,Residential,400,40.73,-73.98,88,40,Clear,25.6,0.0,0,22.0,21.75
2026-08-22 02:00:00,R301,Residential,400,40.73,-73.98,84,40,Clear,25.6,0.0,0,21.0,22.0
2026-08-22 03:00:00,R301,Residential,400,40.73,-73.98,74,40,Clear,25.6,0.0,0,18.5,21.0
2026-08-22 04:00:00,R301,Residential,400,40.73,-73.98,73,40,Clear,25.6,0.0,0,18.25,18.5
2026-08-22 05:00:00,R301,Residential,400,40.73,-73.98,87,40,Clear,25.6,0.0,0,21.75,18.25
2026-08-22 06:00:00,R301,Residential,400,40.73,-73.98,74,40,Clear,25.6,0.0,0,18.5,21.75
2026-08-22 07:00:00,R301,Residential,400,40.73,-73.98,82,40,Clear,25.6,0.0,0,20.5,18.5
2026-08-22 08:00:00,R301,Residential,400,40.73,-73.98,80,40,Clear,25.6,0.0,0,20.0,20.5
2026-08-22 09:00:00,R301,Residential,400,40.73,-73.98,80,40,Clear,25.6,0.0,0,20.0,20.0
2026-08-22 10:00:00,R301,Residential,400,40.73,-73.98,70,40,Clear,25.6,0.0,0,17.5,20.0
2026-08-22 11:00:00,R301,Residential,400,40.73,-73.98,297,20,Clear,25.6,0.0,0,74.25,17.5
2026-08-22 12:00:00,R301,Residential,400,40.73,-73.98,250,24,Clear,25.6,0.0,0,62.5,74.25
2026-08-22 13:00:00,R301,Residential,400,40.73,-73.98,314,19,Clear,25.6,0.0,0,78.5,62.5
2026-08-22 14:00:00,R301,Residential,400,40.73,-73.98,254,24,Clear,25.6,0.0,0,63.5,78.5
2026-08-22 15:00:00,R301,Residential,400,40.73,-73.98,294,20,Clear,25.6,0.0,0,73.5,63.5
2026-08-22 16:00:00,R301,Residential,400,40.73,-73.98,218,27,Clear,25.6,0.0,0,54.5,73.5
2026-08-22 17:00:00,R301,Residential,400,40.73,-73.98,274,22,Clear,25.6,0.0,0,68.5,54.5
2026-08-22 18:00:00,R301,Residential,400,40.73,-73.98,263,23,Clear,25.6,0.0,0,65.75,68.5
2026-08-22 19:00:00,R301,Residential,400,40.73,-73.98,259,23,Clear,25.6,0.0,0,64.75,65.75
2026-08-22 20:00:00,R301,Residential,400,40.73,-73.98,204,29,Clear,25.6,0.0,0,51.0,64.75
2026-08-22 21:00:00,R301,Residential,400,40.73,-73.98,80,40,Clear,25.6,0.0,0,20.0,51.0
2026-08-22 22:00:00,R301,Residential,400,40.73,-73.98,86,40,Clear,25.6,0.0,0,21.5,20.0
2026-08-22 23:00:00,R301,Residential,400,40.73,-73.98,69,40,Clear,25.6,0.0,0,17.25,21.5
2026-08-23 00:00:00,R301,Residential,400,40.73,-73.98,81,32,Rainy,17.6,3.5,0,20.25,17.25
2026-08-23 01:00:00,R301,Residential,400,40.73,-73.98,84,9,Rainy,17.6,3.5,1,21.0,20.25
2026-08-23 02:00:00,R301,Residential,400,40.73,-73.98,89,32,Rainy,17.6,3.5,0,22.25,21.0
2026-08-23 03:00:00,R301,Residential,400,40.73,-73.98,80,32,Rainy,17.6,3.5,0,20.0,22.25
2026-08-23 04:00:00,R301,Residential,400,40.73,-73.98,71,32,Rainy,17.6,3.5,0,17.75,20.0
2026-08-23 05:00:00,R301,Residential,400,40.73,-73.98,68,32,Rainy,17.6,3.5,0,17.0,17.75
2026-08-23 06:00:00,R301,Residential,400,40.73,-73.98,72,32,Rainy,17.6,3.5,0,18.0,17.0
2026-08-23 07:00:00,R301,Residential,400,40.73,-73.98,88,32,Rainy,17.6,3.5,0,22.0,18.0
2026-08-23 08:00:00,R301,Residential,400,40.73,-73.98,91,32,Rainy,17.6,3.5,0,22.75,22.0
2026-08-23 09:00:00,R301,Residential,400,40.73,-73.98,74,32,Rainy,17.6,3.5,0,18.5,22.75
2026-08-23 10:00:00,R301,Residential,400,40.73,-73.98,89,32,Rainy,17.6,3.5,0,22.25,18.5
2026-08-23 11:00:00,R301,Residential,400,40.73,-73.98,307,15,Rainy,17.6,3.5,0,76.75,22.25
2026-08-23 12:00:00,R301,Residential,400,40.73,-73.98,241,20,Rainy,17.6,3.5,0,60.25,76.75
2026-08-23 13:00:00,R301,Residential,400,40.73,-73.98,238,20,Rainy,17.6,3.5,0,59.5,60.25
2026-08-23 14:00:00,R301,Residential,400,40.73,-73.98,253,19,Rainy,17.6,3.5,0,63.25,59.5
2026-08-23 15:00:00,R301,Residential,400,40.73,-73.98,280,17,Rainy,17.6,3.5,0,70.0,63.25
2026-08-23 16:00:00,R301,Residential,400,40.73,-73.98,269,18,Rainy,17.6,3.5,0,67.25,70.0
2026-08-23 17:00:00,R301,Residential,400,40.73,-73.98,244,20,Rainy,17.6,3.5,0,61.0,67.25
2026-08-23 18:00:00,R301,Residential,400,40.73,-73.98,246,19,Rainy,17.6,3.5,0,61.5,61.0
2026-08-23 19:00:00,R301,Residential,400,40.73,-73.98,269,18,Rainy,17.6,3.5,0,67.25,61.5
2026-08-23 20:00:00,R301,Residential,400,40.73,-73.98,279,5,Rainy,17.6,3.5,1,69.75,67.25
2026-08-23 21:00:00,R301,Residential,400,40.73,-73.98,88,32,Rainy,17.6,3.5,0,22.0,69.75
2026-08-23 22:00:00,R301,Residential,400,40.73,-73.98,97,9,Rainy,17.6,3.5,1,24.25,22.0
2026-08-23 23:00:00,R301,Residential,400,40.73,-73.98,80,32,Rainy,17.6,3.5,0,20.0,24.25
2026-08-24 00:00:00,R301,Residential,400,40.73,-73.98,88,40,Cloudy,16.3,0.0,0,22.0,20.0
2026-08-24 01:00:00,R301,Residential,400,40.73,-73.98,75,40,Cloudy,16.3,0.0,0,18.75,22.0
2026-08-24 02:00:00,R301,Residential,400,40.73,-73.98,82,40,Cloudy,16.3,0.0,0,20.5,18.75
2026-08-24 03:00:00,R301,Residential,400,40.73,-73.98,72,40,Cloudy,16.3,0.0,0,18.0,20.5
2026-08-24 04:00:00,R301,Residential,400,40.73,-73.98,73,40,Cloudy,16.3,0.0,0,18.25,18.0
2026-08-24 05:00:00,R301,Residential,400,40.73,-73.98,85,40,Cloudy,16.3,0.0,0,21.25,18.25
2026-08-24 06:00:00,R301,Residential,400,40.73,-73.98,75,40,Cloudy,16.3,0.0,0,18.75,21.25
2026-08-24 07:00:00,R301,Residential,400,40.73,-73.98,387,14,Cloudy,16.3,0.0,0,96.75,18.75
2026-08-24 08:00:00,R301,Residential,400,40.73,-73.98,348,17,Cloudy,16.3,0.0,0,87.0,96.75
2026-08-24 09:00:00,R301,Residential,400,40.73,-73.98,375,15,Cloudy,16.3,0.0,0,93.75,87.0
2026-08-24 10:00:00,R301,Residential,400,40.73,-73.98,273,22,Cloudy,16.3,0.0,0,68.25,93.75
2026-08-24 11:00:00,R301,Residential,400,40.73,-73.98,231,26,Cloudy,16.3,0.0,0,57.75,68.25
2026-08-24 12:00:00,R301,Residential,400,40.73,-73.98,272,22,Cloudy,16.3,0.0,0,68.0,57.75
2026-08-24 13:00:00,R301,Residential,400,40.73,-73.98,229,26,Cloudy,16.3,0.0,0,57.25,68.0
2026-08-24 14:00:00,R301,Residential,400,40.73,-73.98,263,23,Cloudy,16.3,0.0,0,65.75,57.25
2026-08-24 15:00:00,R301,Residential,400,40.73,-73.98,247,24,Cloudy,16.3,0.0,0,61.75,65.75
2026-08-24 16:00:00,R301,Residential,400,40.73,-73.98,377,15,Cloudy,16.3,0.0,0,94.25,61.75
2026-08-24 17:00:00,R301,Residential,400,40.73,-73.98,433,12,Cloudy,16.3,0.0,0,108.25,94.25
2026-08-24 18:00:00,R301,Residential,400,40.73,-73.98,419,13,Cloudy,16.3,0.0,0,104.75,108.25
2026-08-24 19:00:00,R301,Residential,400,40.73,-73.98,357,16,Cloudy,16.3,0.0,0,89.25,104.75
2026-08-24 20:00:00,R301,Residential,400,40.73,-73.98,74,40,Cloudy,16.3,0.0,0,18.5,89.25
2026-08-24 21:00:00,R301,Residential,400,40.73,-73.98,74,40,Cloudy,16.3,0.0,0,18.5,18.5
2026-08-24 22:00:00,R301,Residential,400,40.73,-73.98,80,40,Cloudy,16.3,0.0,0,20.0,18.5
2026-08-24 23:00:00,R301,Residential,400,40.73,-73.98,84,40,Cloudy,16.3,0.0,0,21.0,20.0
2026-08-25 00:00:00,R301,Residential,400,40.73,-73.98,82,40,Clear,34.8,0.0,0,20.5,21.0
2026-08-25 01:00:00,R301,Residential,400,40.73,-73.98,83,40,Clear,34.8,0.0,0,20.75,20.5
2026-08-25 02:00:00,R301,Residential,400,40.73,-73.98,79,40,Clear,34.8,0.0,0,19.75,20.75
2026-08-25 03:00:00,R301,Residential,400,40.73,-73.98,88,40,Clear,34.8,0.0,0,22.0,19.75
2026-08-25 04:00:00,R301,Residential,400,40.73,-73.98,72,40,Clear,34.8,0.0,0,18.0,22.0
2026-08-25 05:00:00,R301,Residential,400,40.73,-73.98,76,40,Clear,34.8,0.0,0,19.0,18.0
2026-08-25 06:00:00,R301,Residential,400,40.73,-73.98,68,40,Clear,34.8,0.0,0,17.0,19.0
2026-08-25 07:00:00,R301,Residential,400,40.73,-73.98,400,13,Clear,34.8,0.0,0,100.0,17.0
2026-08-25 08:00:00,R301,Residential,400,40.73,-73.98,374,15,Clear,34.8,0.0,0,93.5,100.0
2026-08-25 09:00:00,R301,Residential,400,40.73,-73.98,366,15,Clear,34.8,0.0,0,91.5,93.5
2026-08-25 10:00:00,R301,Residential,400,40.73,-73.98,256,24,Clear,34.8,0.0,0,64.0,91.5
2026-08-25 11:00:00,R301,Residential,400,40.73,-73.98,248,24,Clear,34.8,0.0,0,62.0,64.0
2026-08-25 12:00:00,R301,Residential,400,40.73,-73.98,244,25,Clear,34.8,0.0,0,61.0,62.0
2026-08-25 13:00:00,R301,Residential,400,40.73,-73.98,253,24,Clear,34.8,0.0,0,63.25,61.0
2026-08-25 14:00:00,R301,Residential,400,40.73,-73.98,213,28,Clear,34.8,0.0,0,53.25,63.25
2026-08-25 15:00:00,R301,Residential,400,40.73,-73.98,262,23,Clear,34.8,0.0,0,65.5,53.25
2026-08-25 16:00:00,R301,Residential,400,40.73,-73.98,478,5,Clear,34.8,0.0,1,119.5,65.5
2026-08-25 17:00:00,R301,Residential,400,40.73,-73.98,402,13,Clear,34.8,0.0,0,100.5,119.5
2026-08-25 18:00:00,R301,Residential,400,40.73,-73.98,325,18,Clear,34.8,0.0,0,81.25,100.5
2026-08-25 19:00:00,R301,Residential,400,40.73,-73.98,361,16,Clear,34.8,0.0,0,90.25,81.25
2026-08-25 20:00:00,R301,Residential,400,40.73,-73.98,89,40,Clear,34.8,0.0,0,22.25,90.25
2026-08-25 21:00:00,R301,Residential,400,40.73,-73.98,75,40,Clear,34.8,0.0,0,18.75,22.25
2026-08-25 22:00:00,R301,Residential,400,40.73,-73.98,73,40,Clear,34.8,0.0,0,18.25,18.75
2026-08-25 23:00:00,R301,Residential,400,40.73,-73.98,78,40,Clear,34.8,0.0,0,19.5,18.25
2026-08-26 00:00:00,R301,Residential,400,40.73,-73.98,69,40,Clear,31.2,0.0,0,17.25,19.5
2026-08-26 01:00:00,R301,Residential,400,40.73,-73.98,91,40,Clear,31.2,0.0,0,22.75,17.25
2026-08-26 02:00:00,R301,Residential,400,40.73,-73.98,73,40,Clear,31.2,0.0,0,18.25,22.75
2026-08-26 03:00:00,R301,Residential,400,40.73,-73.98,79,40,Clear,31.2,0.0,0,19.75,18.25
2026-08-26 04:00:00,R301,Residential,400,40.73,-73.98,89,40,Clear,31.2,0.0,0,22.25,19.75
2026-08-26 05:00:00,R301,Residential,400,40.73,-73.98,70,40,Clear,31.2,0.0,0,17.5,22.25
2026-08-26 06:00:00,R301,Residential,400,40.73,-73.98,89,40,Clear,31.2,0.0,0,22.25,17.5
2026-08-26 07:00:00,R301,Residential,400,40.73,-73.98,323,18,Clear,31.2,0.0,0,80.75,22.25
2026-08-26 08:00:00,R301,Residential,400,40.73,-73.98,388,14,Clear,31.2,0.0,0,97.0,80.75
2026-08-26 09:00:00,R301,Residential,400,40.73,-73.98,375,15,Clear,31.2,0.0,0,93.75,97.0
2026-08-26 10:00:00,R301,Residential,400,40.73,-73.98,258,23,Clear,31.2,0.0,0,64.5,93.75
2026-08-26 11:00:00,R301,Residential,400,40.73,-73.98,226,26,Clear,31.2,0.0,0,56.5,64.5
2026-08-26 12:00:00,R301,Residential,400,40.73,-73.98,215,28,Clear,31.2,0.0,0,53.75,56.5
2026-08-26 13:00:00,R301,Residential,400,40.73,-73.98,212,28,Clear,31.2,0.0,0,53.0,53.75
2026-08-26 14:00:00,R301,Residential,400,40.73,-73.98,237,25,Clear,31.2,0.0,0,59.25,53.0
2026-08-26 15:00:00,R301,Residential,400,40.73,-73.98,206,28,Clear,31.2,0.0,0,51.5,59.25
2026-08-26 16:00:00,R301,Residential,400,40.73,-73.98,341,17,Clear,31.2,0.0,0,85.25,51.5
2026-08-26 17:00:00,R301,Residential,400,40.73,-73.98,323,18,Clear,31.2,0.0,0,80.75,85.25
2026-08-26 18:00:00,R301,Residential,400,40.73,-73.98,341,17,Clear,31.2,0.0,0,85.25,80.75
2026-08-26 19:00:00,R301,Residential,400,40.73,-73.98,324,18,Clear,31.2,0.0,0,81.0,85.25
2026-08-26 20:00:00,R301,Residential,400,40.73,-73.98,81,40,Clear,31.2,0.0,0,20.25,81.0
2026-08-26 21:00:00,R301,Residential,400,40.73,-73.98,71,40,Clear,31.2,0.0,0,17.75,20.25
2026-08-26 22:00:00,R301,Residential,400,40.73,-73.98,88,40,Clear,31.2,0.0,0,22.0,17.75
2026-08-26 23:00:00,R301,Residential,400,40.73,-73.98,84,40,Clear,31.2,0.0,0,21.0,22.0
2026-08-27 00:00:00,R301,Residential,400,40.73,-73.98,81,40,Clear,26.6,0.0,0,20.25,21.0
2026-08-27 01:00:00,R301,Residential,400,40.73,-73.98,71,40,Clear,26.6,0.0,0,17.75,20.25
2026-08-27 02:00:00,R301,Residential,400,40.73,-73.98,75,40,Clear,26.6,0.0,0,18.75,17.75
2026-08-27 03:00:00,R301,Residential,400,40.73,-73.98,78,40,Clear,26.6,0.0,0,19.5,18.75
2026-08-27 04:00:00,R301,Residential,400,40.73,-73.98,72,40,Clear,26.6,0.0,0,18.0,19.5
2026-08-27 05:00:00,R301,Residential,400,40.73,-73.98,79,40,Clear,26.6,0.0,0,19.75,18.0
2026-08-27 06:00:00,R301,Residential,400,40.73,-73.98,81,40,Clear,26.6,0.0,0,20.25,19.75
2026-08-27 07:00:00,R301,Residential,400,40.73,-73.98,466,5,Clear,26.6,0.0,1,116.5,20.25
2026-08-27 08:00:00,R301,Residential,400,40.73,-73.98,388,14,Clear,26.6,0.0,0,97.0,116.5
2026-08-27 09:00:00,R301,Residential,400,40.73,-73.98,338,17,Clear,26.6,0.0,0,84.5,97.0
2026-08-27 10:00:00,R301,Residential,400,40.73,-73.98,257,23,Clear,26.6,0.0,0,64.25,84.5
2026-08-27 11:00:00,R301,Residential,400,40.73,-73.98,257,23,Clear,26.6,0.0,0,64.25,64.25
2026-08-27 12:00:00,R301,Residential,400,40.73,-73.98,240,25,Clear,26.6,0.0,0,60.0,64.25
2026-08-27 13:00:00,R301,Residential,400,40.73,-73.98,264,23,Clear,26.6,0.0,0,66.0,60.0
2026-08-27 14:00:00,R301,Residential,400,40.73,-73.98,214,28,Clear,26.6,0.0,0,53.5,66.0
2026-08-27 15:00:00,R301,Residential,400,40.73,-73.98,272,22,Clear,26.6,0.0,0,68.0,53.5
2026-08-27 16:00:00,R301,Residential,400,40.73,-73.98,362,16,Clear,26.6,0.0,0,90.5,68.0
2026-08-27 17:00:00,R301,Residential,400,40.73,-73.98,419,13,Clear,26.6,0.0,0,104.75,90.5
2026-08-27 18:00:00,R301,Residential,400,40.73,-73.98,337,17,Clear,26.6,0.0,0,84.25,104.75
2026-08-27 19:00:00,R301,Residential,400,40.73,-73.98,351,16,Clear,26.6,0.0,0,87.75,84.25
2026-08-27 20:00:00,R301,Residential,400,40.73,-73.98,83,40,Clear,26.6,0.0,0,20.75,87.75
2026-08-27 21:00:00,R301,Residential,400,40.73,-73.98,72,40,Clear,26.6,0.0,0,18.0,20.75
2026-08-27 22:00:00,R301,Residential,400,40.73,-73.98,76,40,Clear,26.6,0.0,0,19.0,18.0
2026-08-27 23:00:00,R301,Residential,400,40.73,-73.98,78,40,Clear,26.6,0.0,0,19.5,19.0
2026-08-28 00:00:00,R301,Residential,400,40.73,-73.98,77,40,Cloudy,16.6,0.0,0,19.25,19.5
2026-08-28 01:00:00,R301,Residential,400,40.73,-73.98,69,40,Cloudy,16.6,0.0,0,17.25,19.25
2026-08-28 02:00:00,R301,Residential,400,40.73,-73.98,68,40,Cloudy,16.6,0.0,0,17.0,17.25
2026-08-28 03:00:00,R301,Residential,400,40.73,-73.98,83,40,Cloudy,16.6,0.0,0,20.75,17.0
2026-08-28 04:00:00,R301,Residential,400,40.73,-73.98,89,40,Cloudy,16.6,0.0,0,22.25,20.75
2026-08-28 05:00:00,R301,Residential,400,40.73,-73.98,79,40,Cloudy,16.6,0.0,0,19.75,22.25
2026-08-28 06:00:00,R301,Residential,400,40.73,-73.98,68,40,Cloudy,16.6,0.0,0,17.0,19.75
2026-08-28 07:00:00,R301,Residential,400,40.73,-73.98,347,17,Cloudy,16.6,0.0,0,86.75,17.0
2026-08-28 08:00:00,R301,Residential,400,40.73,-73.98,408,13,Cloudy,16.6,0.0,0,102.0,86.75
2026-08-28 09:00:00,R301,Residential,400,40.73,-73.98,394,14,Cloudy,16.6,0.0,0,98.5,102.0
2026-08-28 10:00:00,R301,Residential,400,40.73,-73.98,274,22,Cloudy,16.6,0.0,0,68.5,98.5
2026-08-28 11:00:00,R301,Residential,400,40.73,-73.98,227,26,Cloudy,16.6,0.0,0,56.75,68.5
2026-08-28 12:00:00,R301,Residential,400,40.73,-73.98,205,29,Cloudy,16.6,0.0,0,51.25,56.75
2026-08-28 13:00:00,R301,Residential,400,40.73,-73.98,265,23,Cloudy,16.6,0.0,0,66.25,51.25
2026-08-28 14:00:00,R301,Residential,400,40.73,-73.98,218,27,Cloudy,16.6,0.0,0,54.5,66.25
2026-08-28 15:00:00,R301,Residential,400,40.73,-73.98,227,26,Cloudy,16.6,0.0,0,56.75,54.5
2026-08-28 16:00:00,R301,Residential,400,40.73,-73.98,379,15,Cloudy,16.6,0.0,0,94.75,56.75
2026-08-28 17:00:00,R301,Residential,400,40.73,-73.98,369,15,Cloudy,16.6,0.0,0,92.25,94.75
2026-08-28 18:00:00,R301,Residential,400,40.73,-73.98,422,12,Cloudy,16.6,0.0,0,105.5,92.25
2026-08-28 19:00:00,R301,Residential,400,40.73,-73.98,329,18,Cloudy,16.6,0.0,0,82.25,105.5
2026-08-28 20:00:00,R301,Residential,400,40.73,-73.98,70,40,Cloudy,16.6,0.0,0,17.5,82.25
2026-08-28 21:00:00,R301,Residential,400,40.73,-73.98,81,40,Cloudy,16.6,0.0,0,20.25,17.5
2026-08-28 22:00:00,R301,Residential,400,40.73,-73.98,71,40,Cloudy,16.6,0.0,0,17.75,20.25
2026-08-28 23:00:00,R301,Residential,400,40.73,-73.98,71,40,Cloudy,16.6,0.0,0,17.75,17.75
2026-08-29 00:00:00,R301,Residential,400,40.73,-73.98,84,32,Rainy,14.4,14.4,0,21.0,17.75
2026-08-29 01:00:00,R301,Residential,400,40.73,-73.98,75,32,Rainy,14.4,14.4,0,18.75,21.0
2026-08-29 02:00:00,R301,Residential,400,40.73,-73.98,85,32,Rainy,14.4,14.4,0,21.25,18.75
2026-08-29 03:00:00,R301,Residential,400,40.73,-73.98,89,32,Rainy,14.4,14.4,0,22.25,21.25
2026-08-29 04:00:00,R301,Residential,400,40.73,-73.98,84,32,Rainy,14.4,14.4,0,21.0,22.25
2026-08-29 05:00:00,R301,Residential,400,40.73,-73.98,72,32,Rainy,14.4,14.4,0,18.0,21.0
2026-08-29 06:00:00,R301,Residential,400,40.73,-73.98,91,32,Rainy,14.4,14.4,0,22.75,18.0
2026-08-29 07:00:00,R301,Residential,400,40.73,-73.98,87,32,Rainy,14.4,14.4,0,21.75,22.75
2026-08-29 08:00:00,R301,Residential,400,40.73,-73.98,91,32,Rainy,14.4,14.4,0,22.75,21.75
2026-08-29 09:00:00,R301,Residential,400,40.73,-73.98,71,32,Rainy,14.4,14.4,0,17.75,22.75
2026-08-29 10:00:00,R301,Residential,400,40.73,-73.98,70,32,Rainy,14.4,14.4,0,17.5,17.75
2026-08-29 11:00:00,R301,Residential,400,40.73,-73.98,321,5,Rainy,14.4,14.4,1,80.25,17.5
2026-08-29 12:00:00,R301,Residential,400,40.73,-73.98,251,19,Rainy,14.4,14.4,0,62.75,80.25
2026-08-29 13:00:00,R301,Residential,400,40.73,-73.98,285,17,Rainy,14.4,14.4,0,71.25,62.75
2026-08-29 14:00:00,R301,Residential,400,40.73,-73.98,242,20,Rainy,14.4,14.4,0,60.5,71.25
2026-08-29 15:00:00,R301,Residential,400,40.73,-73.98,279,17,Rainy,14.4,14.4,0,69.75,60.5
2026-08-29 16:00:00,R301,Residential,400,40.73,-73.98,252,19,Rainy,14.4,14.4,0,63.0,69.75
2026-08-29 17:00:00,R301,Residential,400,40.73,-73.98,247,19,Rainy,14.4,14.4,0,61.75,63.0
2026-08-29 18:00:00,R301,Residential,400,40.73,-73.98,245,20,Rainy,14.4,14.4,0,61.25,61.75
2026-08-29 19:00:00,R301,Residential,400,40.73,-73.98,272,18,Rainy,14.4,14.4,0,68.0,61.25
2026-08-29 20:00:00,R301,Residential,400,40.73,-73.98,234,20,Rainy,14.4,14.4,0,58.5,68.0
2026-08-29 21:00:00,R301,Residential,400,40.73,-73.98,83,32,Rainy,14.4,14.4,0,20.75,58.5
2026-08-29 22:00:00,R301,Residential,400,40.73,-73.98,78,32,Rainy,14.4,14.4,0,19.5,20.75
2026-08-29 23:00:00,R301,Residential,400,40.73,-73.98,78,32,Rainy,14.4,14.4,0,19.5,19.5
2026-08-30 00:00:00,R301,Residential,400,40.73,-73.98,85,40,Clear,23.3,0.0,0,21.25,19.5
2026-08-30 01:00:00,R301,Residential,400,40.73,-73.98,80,40,Clear,23.3,0.0,0,20.0,21.25
2026-08-30 02:00:00,R301,Residential,400,40.73,-73.98,71,40,Clear,23.3,0.0,0,17.75,20.0
2026-08-30 03:00:00,R301,Residential,400,40.73,-73.98,73,40,Clear,23.3,0.0,0,18.25,17.75
2026-08-30 04:00:00,R301,Residential,400,40.73,-73.98,73,40,Clear,23.3,0.0,0,18.25,18.25
2026-08-30 05:00:00,R301,Residential,400,40.73,-73.98,81,40,Clear,23.3,0.0,0,20.25,18.25
2026-08-30 06:00:00,R301,Residential,400,40.73,-73.98,68,40,Clear,23.3,0.0,0,17.0,20.25
2026-08-30 07:00:00,R301,Residential,400,40.73,-73.98,69,40,Clear,23.3,0.0,0,17.25,17.0
2026-08-30 08:00:00,R301,Residential,400,40.73,-73.98,70,40,Clear,23.3,0.0,0,17.5,17.25
2026-08-30 09:00:00,R301,Residential,400,40.73,-73.98,82,40,Clear,23.3,0.0,0,20.5,17.5
2026-08-30 10:00:00,R301,Residential,400,40.73,-73.98,75,40,Clear,23.3,0.0,0,18.75,20.5
2026-08-30 11:00:00,R301,Residential,400,40.73,-73.98,249,24,Clear,23.3,0.0,0,62.25,18.75
2026-08-30 12:00:00,R301,Residential,400,40.73,-73.98,304,20,Clear,23.3,0.0,0,76.0,62.25
2026-08-30 13:00:00,R301,Residential,400,40.73,-73.98,295,20,Clear,23.3,0.0,0,73.75,76.0
2026-08-30 14:00:00,R301,Residential,400,40.73,-73.98,284,21,Clear,23.3,0.0,0,71.0,73.75
2026-08-30 15:00:00,R301,Residential,400,40.73,-73.98,254,24,Clear,23.3,0.0,0,63.5,71.0
2026-08-30 16:00:00,R301,Residential,400,40.73,-73.98,251,24,Clear,23.3,0.0,0,62.75,63.5
2026-08-30 17:00:00,R301,Residential,400,40.73,-73.98,211,28,Clear,23.3,0.0,0,52.75,62.75
2026-08-30 18:00:00,R301,Residential,400,40.73,-73.98,258,23,Clear,23.3,0.0,0,64.5,52.75
2026-08-30 19:00:00,R301,Residential,400,40.73,-73.98,246,24,Clear,23.3,0.0,0,61.5,64.5
2026-08-30 20:00:00,R301,Residential,400,40.73,-73.98,206,28,Clear,23.3,0.0,0,51.5,61.5
2026-08-30 21:00:00,R301,Residential,400,40.73,-73.98,71,40,Clear,23.3,0.0,0,17.75,51.5
2026-08-30 22:00:00,R301,Residential,400,40.73,-73.98,78,40,Clear,23.3,0.0,0,19.5,17.75
2026-08-30 23:00:00,R301,Residential,400,40.73,-73.98,74,40,Clear,23.3,0.0,0,18.5,19.5
2026-08-31 00:00:00,R301,Residential,400,40.73,-73.98,82,40,Cloudy,24.8,0.0,0,20.5,18.5
2026-08-31 01:00:00,R301,Residential,400,40.73,-73.98,72,40,Cloudy,24.8,0.0,0,18.0,20.5
2026-08-31 02:00:00,R301,Residential,400,40.73,-73.98,89,40,Cloudy,24.8,0.0,0,22.25,18.0
2026-08-31 03:00:00,R301,Residential,400,40.73,-73.98,83,40,Cloudy,24.8,0.0,0,20.75,22.25
2026-08-31 04:00:00,R301,Residential,400,40.73,-73.98,80,40,Cloudy,24.8,0.0,0,20.0,20.75
2026-08-31 05:00:00,R301,Residential,400,40.73,-73.98,90,40,Cloudy,24.8,0.0,0,22.5,20.0
2026-08-31 06:00:00,R301,Residential,400,40.73,-73.98,84,40,Cloudy,24.8,0.0,0,21.0,22.5
2026-08-31 07:00:00,R301,Residential,400,40.73,-73.98,324,18,Cloudy,24.8,0.0,0,81.0,21.0
2026-08-31 08:00:00,R301,Residential,400,40.73,-73.98,348,17,Cloudy,24.8,0.0,0,87.0,81.0
2026-08-31 09:00:00,R301,Residential,400,40.73,-73.98,312,19,Cloudy,24.8,0.0,0,78.0,87.0
2026-08-31 10:00:00,R301,Residential,400,40.73,-73.98,248,24,Cloudy,24.8,0.0,0,62.0,78.0
2026-08-31 11:00:00,R301,Residential,400,40.73,-73.98,216,27,Cloudy,24.8,0.0,0,54.0,62.0
2026-08-31 12:00:00,R301,Residential,400,40.73,-73.98,255,24,Cloudy,24.8,0.0,0,63.75,54.0
2026-08-31 13:00:00,R301,Residential,400,40.73,-73.98,263,23,Cloudy,24.8,0.0,0,65.75,63.75
2026-08-31 14:00:00,R301,Residential,400,40.73,-73.98,266,23,Cloudy,24.8,0.0,0,66.5,65.75
2026-08-31 15:00:00,R301,Residential,400,40.73,-73.98,258,23,Cloudy,24.8,0.0,0,64.5,66.5
2026-08-31 16:00:00,R301,Residential,400,40.73,-73.98,414,13,Cloudy,24.8,0.0,0,103.5,64.5
2026-08-31 17:00:00,R301,Residential,400,40.73,-73.98,338,17,Cloudy,24.8,0.0,0,84.5,103.5
2026-08-31 18:00:00,R301,Residential,400,40.73,-73.98,330,18,Cloudy,24.8,0.0,0,82.5,84.5
2026-08-31 19:00:00,R301,Residential,400,40.73,-73.98,381,15,Cloudy,24.8,0.0,0,95.25,82.5
2026-08-31 20:00:00,R301,Residential,400,40.73,-73.98,84,40,Cloudy,24.8,0.0,0,21.0,95.25
2026-08-31 21:00:00,R301,Residential,400,40.73,-73.98,80,40,Cloudy,24.8,0.0,0,20.0,21.0
2026-08-31 22:00:00,R301,Residential,400,40.73,-73.98,75,40,Cloudy,24.8,0.0,0,18.75,20.0
2026-08-31 23:00:00,R301,Residential,400,40.73,-73.98,78,40,Cloudy,24.8,0.0,0,19.5,18.75
2026-09-01 00:00:00,R301,Residential,400,40.73,-73.98,69,40,Clear,27.0,0.0,0,17.25,19.5
2026-09-01 01:00:00,R301,Residential,400,40.73,-73.98,74,40,Clear,27.0,0.0,0,18.5,17.25
2026-09-01 02:00:00,R301,Residential,400,40.73,-73.98,77,40,Clear,27.0,0.0,0,19.25,18.5
2026-09-01 03:00:00,R301,Residential,400,40.73,-73.98,87,40,Clear,27.0,0.0,0,21.75,19.25
2026-09-01 04:00:00,R301,Residential,400,40.73,-73.98,85,40,Clear,27.0,0.0,0,21.25,21.75
2026-09-01 05:00:00,R301,Residential,400,40.73,-73.98,68,40,Clear,27.0,0.0,0,17.0,21.25
2026-09-01 06:00:00,R301,Residential,400,40.73,-73.98,77,40,Clear,27.0,0.0,0,19.25,17.0
2026-09-01 07:00:00,R301,Residential,400,40.73,-73.98,444,5,Clear,27.0,0.0,1,111.0,19.25
2026-09-01 08:00:00,R301,Residential,400,40.73,-73.98,326,18,Clear,27.0,0.0,0,81.5,111.0
2026-09-01 09:00:00,R301,Residential,400,40.73,-73.98,353,16,Clear,27.0,0.0,0,88.25,81.5
2026-09-01 10:00:00,R301,Residential,400,40.73,-73.98,215,28,Clear,27.0,0.0,0,53.75,88.25
2026-09-01 11:00:00,R301,Residential,400,40.73,-73.98,244,25,Clear,27.0,0.0,0,61.0,53.75
2026-09-01 12:00:00,R301,Residential,400,40.73,-73.98,236,25,Clear,27.0,0.0,0,59.0,61.0
2026-09-01 13:00:00,R301,Residential,400,40.73,-73.98,254,24,Clear,27.0,0.0,0,63.5,59.0
2026-09-01 14:00:00,R301,Residential,400,40.73,-73.98,273,22,Clear,27.0,0.0,0,68.25,63.5
2026-09-01 15:00:00,R301,Residential,400,40.73,-73.98,242,25,Clear,27.0,0.0,0,60.5,68.25
2026-09-01 16:00:00,R301,Residential,400,40.73,-73.98,325,18,Clear,27.0,0.0,0,81.25,60.5
2026-09-01 17:00:00,R301,Residential,400,40.73,-73.98,386,14,Clear,27.0,0.0,0,96.5,81.25
2026-09-01 18:00:00,R301,Residential,400,40.73,-73.98,407,13,Clear,27.0,0.0,0,101.75,96.5
2026-09-01 19:00:00,R301,Residential,400,40.73,-73.98,475,5,Clear,27.0,0.0,1,118.75,101.75
2026-09-01 20:00:00,R301,Residential,400,40.73,-73.98,74,40,Clear,27.0,0.0,0,18.5,118.75
2026-09-01 21:00:00,R301,Residential,400,40.73,-73.98,76,40,Clear,27.0,0.0,0,19.0,18.5
2026-09-01 22:00:00,R301,Residential,400,40.73,-73.98,87,40,Clear,27.0,0.0,0,21.75,19.0
2026-09-01 23:00:00,R301,Residential,400,40.73,-73.98,80,40,Clear,27.0,0.0,0,20.0,21.75
2026-09-02 00:00:00,R301,Residential,400,40.73,-73.98,75,32,Rainy,15.9,8.4,0,18.75,20.0
2026-09-02 01:00:00,R301,Residential,400,40.73,-73.98,68,32,Rainy,15.9,8.4,0,17.0,18.75
2026-09-02 02:00:00,R301,Residential,400,40.73,-73.98,69,32,Rainy,15.9,8.4,0,17.25,17.0
2026-09-02 03:00:00,R301,Residential,400,40.73,-73.98,76,32,Rainy,15.9,8.4,0,19.0,17.25
2026-09-02 04:00:00,R301,Residential,400,40.73,-73.98,88,32,Rainy,15.9,8.4,0,22.0,19.0
2026-09-02 05:00:00,R301,Residential,400,40.73,-73.98,70,32,Rainy,15.9,8.4,0,17.5,22.0
2026-09-02 06:00:00,R301,Residential,400,40.73,-73.98,82,32,Rainy,15.9,8.4,0,20.5,17.5
2026-09-02 07:00:00,R301,Residential,400,40.73,-73.98,359,13,Rainy,15.9,8.4,0,89.75,20.5
2026-09-02 08:00:00,R301,Residential,400,40.73,-73.98,370,12,Rainy,15.9,8.4,0,92.5,89.75
2026-09-02 09:00:00,R301,Residential,400,40.73,-73.98,371,12,Rainy,15.9,8.4,0,92.75,92.5
2026-09-02 10:00:00,R301,Residential,400,40.73,-73.98,216,22,Rainy,15.9,8.4,0,54.0,92.75
2026-09-02 11:00:00,R301,Residential,400,40.73,-73.98,263,18,Rainy,15.9,8.4,0,65.75,54.0
2026-09-02 12:00:00,R301,Residential,400,40.73,-73.98,252,19,Rainy,15.9,8.4,0,63.0,65.75
2026-09-02 13:00:00,R301,Residential,400,40.73,-73.98,239,20,Rainy,15.9,8.4,0,59.75,63.0
2026-09-02 14:00:00,R301,Residential,400,40.73,-73.98,209,22,Rainy,15.9,8.4,0,52.25,59.75
2026-09-02 15:00:00,R301,Residential,400,40.73,-73.98,266,18,Rainy,15.9,8.4,0,66.5,52.25
2026-09-02 16:00:00,R301,Residential,400,40.73,-73.98,357,13,Rainy,15.9,8.4,0,89.25,66.5
2026-09-02 17:00:00,R301,Residential,400,40.73,-73.98,385,11,Rainy,15.9,8.4,0,96.25,89.25
2026-09-02 18:00:00,R301,Residential,400,40.73,-73.98,337,14,Rainy,15.9,8.4,0,84.25,96.25
2026-09-02 19:00:00,R301,Residential,400,40.73,-73.98,348,13,Rainy,15.9,8.4,0,87.0,84.25
2026-09-02 20:00:00,R301,Residential,400,40.73,-73.98,68,32,Rainy,15.9,8.4,0,17.0,87.0
2026-09-02 21:00:00,R301,Residential,400,40.73,-73.98,78,32,Rainy,15.9,8.4,0,19.5,17.0
2026-09-02 22:00:00,R301,Residential,400,40.73,-73.98,72,32,Rainy,15.9,8.4,0,18.0,19.5
2026-09-02 23:00:00,R301,Residential,400,40.73,-73.98,88,32,Rainy,15.9,8.4,0,22.0,18.0
2026-09-03 00:00:00,R301,Residential,400,40.73,-73.98,86,40,Clear,31.2,0.0,0,21.5,22.0
2026-09-03 01:00:00,R301,Residential,400,40.73,-73.98,74,40,Clear,31.2,0.0,0,18.5,21.5
2026-09-03 02:00:00,R301,Residential,400,40.73,-73.98,73,40,Clear,31.2,0.0,0,18.25,18.5
2026-09-03 03:00:00,R301,Residential,400,40.73,-73.98,82,40,Clear,31.2,0.0,0,20.5,18.25
2026-09-03 04:00:00,R301,Residential,400,40.73,-73.98,81,40,Clear,31.2,0.0,0,20.25,20.5
2026-09-03 05:00:00,R301,Residential,400,40.73,-73.98,84,40,Clear,31.2,0.0,0,21.0,20.25
2026-09-03 06:00:00,R301,Residential,400,40.73,-73.98,82,40,Clear,31.2,0.0,0,20.5,21.0
2026-09-03 07:00:00,R301,Residential,400,40.73,-73.98,369,15,Clear,31.2,0.0,0,92.25,20.5
2026-09-03 08:00:00,R301,Residential,400,40.73,-73.98,354,16,Clear,31.2,0.0,0,88.5,92.25
2026-09-03 09:00:00,R301,Residential,400,40.73,-73.98,413,13,Clear,31.2,0.0,0,103.25,88.5
2026-09-03 10:00:00,R301,Residential,400,40.73,-73.98,275,22,Clear,31.2,0.0,0,68.75,103.25
2026-09-03 11:00:00,R301,Residential,400,40.73,-73.98,219,27,Clear,31.2,0.0,0,54.75,68.75
2026-09-03 12:00:00,R301,Residential,400,40.73,-73.98,230,26,Clear,31.2,0.0,0,57.5,54.75
2026-09-03 13:00:00,R301,Residential,400,40.73,-73.98,206,28,Clear,31.2,0.0,0,51.5,57.5
2026-09-03 14:00:00,R301,Residential,400,40.73,-73.98,211,28,Clear,31.2,0.0,0,52.75,51.5
2026-09-03 15:00:00,R301,Residential,400,40.73,-73.98,215,28,Clear,31.2,0.0,0,53.75,52.75
2026-09-03 16:00:00,R301,Residential,400,40.73,-73.98,343,17,Clear,31.2,0.0,0,85.75,53.75
2026-09-03 17:00:00,R301,Residential,400,40.73,-73.98,343,17,Clear,31.2,0.0,0,85.75,85.75
2026-09-03 18:00:00,R301,Residential,400,40.73,-73.98,349,16,Clear,31.2,0.0,0,87.25,85.75
2026-09-03 19:00:00,R301,Residential,400,40.73,-73.98,415,13,Clear,31.2,0.0,0,103.75,87.25
2026-09-03 20:00:00,R301,Residential,400,40.73,-73.98,70,40,Clear,31.2,0.0,0,17.5,103.75
2026-09-03 21:00:00,R301,Residential,400,40.73,-73.98,90,40,Clear,31.2,0.0,0,22.5,17.5
2026-09-03 22:00:00,R301,Residential,400,40.73,-73.98,89,40,Clear,31.2,0.0,0,22.25,22.5
2026-09-03 23:00:00,R301,Residential,400,40.73,-73.98,78,40,Clear,31.2,0.0,0,19.5,22.25
2026-09-04 00:00:00,R301,Residential,400,40.73,-73.98,85,40,Cloudy,18.1,0.0,0,21.25,19.5
2026-09-04 01:00:00,R301,Residential,400,40.73,-73.98,77,40,Cloudy,18.1,0.0,0,19.25,21.25
2026-09-04 02:00:00,R301,Residential,400,40.73,-73.98,76,40,Cloudy,18.1,0.0,0,19.0,19.25
2026-09-04 03:00:00,R301,Residential,400,40.73,-73.98,90,40,Cloudy,18.1,0.0,0,22.5,19.0
2026-09-04 04:00:00,R301,Residential,400,40.73,-73.98,79,40,Cloudy,18.1,0.0,0,19.75,22.5
2026-09-04 05:00:00,R301,Residential,400,40.73,-73.98,84,40,Cloudy,18.1,0.0,0,21.0,19.75
2026-09-04 06:00:00,R301,Residential,400,40.73,-73.98,80,40,Cloudy,18.1,0.0,0,20.0,21.0
2026-09-04 07:00:00,R301,Residential,400,40.73,-73.98,326,18,Cloudy,18.1,0.0,0,81.5,20.0
2026-09-04 08:00:00,R301,Residential,400,40.73,-73.98,398,14,Cloudy,18.1,0.0,0,99.5,81.5
2026-09-04 09:00:00,R301,Residential,400,40.73,-73.98,351,16,Cloudy,18.1,0.0,0,87.75,99.5
2026-09-04 10:00:00,R301,Residential,400,40.73,-73.98,271,22,Cloudy,18.1,0.0,0,67.75,87.75
2026-09-04 11:00:00,R301,Residential,400,40.73,-73.98,212,28,Cloudy,18.1,0.0,0,53.0,67.75
2026-09-04 12:00:00,R301,Residential,400,40.73,-73.98,264,23,Cloudy,18.1,0.0,0,66.0,53.0
2026-09-04 13:00:00,R301,Residential,400,40.73,-73.98,204,29,Cloudy,18.1,0.0,0,51.0,66.0
2026-09-04 14:00:00,R301,Residential,400,40.73,-73.98,222,27,Cloudy,18.1,0.0,0,55.5,51.0
2026-09-04 15:00:00,R301,Residential,400,40.73,-73.98,225,26,Cloudy,18.1,0.0,0,56.25,55.5
2026-09-04 16:00:00,R301,Residential,400,40.73,-73.98,390,14,Cloudy,18.1,0.0,0,97.5,56.25
2026-09-04 17:00:00,R301,Residential,400,40.73,-73.98,333,17,Cloudy,18.1,0.0,0,83.25,97.5
2026-09-04 18:00:00,R301,Residential,400,40.73,-73.98,420,12,Cloudy,18.1,0.0,0,105.0,83.25
2026-09-04 19:00:00,R301,Residential,400,40.73,-73.98,397,14,Cloudy,18.1,0.0,0,99.25,105.0
2026-09-04 20:00:00,R301,Residential,400,40.73,-73.98,72,40,Cloudy,18.1,0.0,0,18.0,99.25
2026-09-04 21:00:00,R301,Residential,400,40.73,-73.98,79,40,Cloudy,18.1,0.0,0,19.75,18.0
2026-09-04 22:00:00,R301,Residential,400,40.73,-73.98,75,40,Cloudy,18.1,0.0,0,18.75,19.75
2026-09-04 23:00:00,R301,Residential,400,40.73,-73.98,84,40,Cloudy,18.1,0.0,0,21.0,18.75
2026-09-05 00:00:00,R301,Residential,400,40.73,-73.98,83,32,Rainy,12.7,7.8,0,20.75,21.0
2026-09-05 01:00:00,R301,Residential,400,40.73,-73.98,70,32,Rainy,12.7,7.8,0,17.5,20.75
2026-09-05 02:00:00,R301,Residential,400,40.73,-73.98,69,32,Rainy,12.7,7.8,0,17.25,17.5
2026-09-05 03:00:00,R301,Residential,400,40.73,-73.98,82,32,Rainy,12.7,7.8,0,20.5,17.25
2026-09-05 04:00:00,R301,Residential,400,40.73,-73.98,76,32,Rainy,12.7,7.8,0,19.0,20.5
2026-09-05 05:00:00,R301,Residential,400,40.73,-73.98,85,32,Rainy,12.7,7.8,0,21.25,19.0
2026-09-05 06:00:00,R301,Residential,400,40.73,-73.98,74,32,Rainy,12.7,7.8,0,18.5,21.25
2026-09-05 07:00:00,R301,Residential,400,40.73,-73.98,89,32,Rainy,12.7,7.8,0,22.25,18.5
2026-09-05 08:00:00,R301,Residential,400,40.73,-73.98,91,32,Rainy,12.7,7.8,0,22.75,22.25
2026-09-05 09:00:00,R301,Residential,400,40.73,-73.98,86,32,Rainy,12.7,7.8,0,21.5,22.75
2026-09-05 10:00:00,R301,Residential,400,40.73,-73.98,73,32,Rainy,12.7,7.8,0,18.25,21.5
2026-09-05 11:00:00,R301,Residential,400,40.73,-73.98,287,17,Rainy,12.7,7.8,0,71.75,18.25
2026-09-05 12:00:00,R301,Residential,400,40.73,-73.98,252,19,Rainy,12.7,7.8,0,63.0,71.75
2026-09-05 13:00:00,R301,Residential,400,40.73,-73.98,271,18,Rainy,12.7,7.8,0,67.75,63.0
2026-09-05 14:00:00,R301,Residential,400,40.73,-73.98,317,15,Rainy,12.7,7.8,0,79.25,67.75
2026-09-05 15:00:00,R301,Residential,400,40.73,-73.98,318,15,Rainy,12.7,7.8,0,79.5,79.25
2026-09-05 16:00:00,R301,Residential,400,40.73,-73.98,284,5,Rainy,12.7,7.8,1,71.0,79.5
2026-09-05 17:00:00,R301,Residential,400,40.73,-73.98,264,18,Rainy,12.7,7.8,0,66.0,71.0
2026-09-05 18:00:00,R301,Residential,400,40.73,-73.98,270,18,Rainy,12.7,7.8,0,67.5,66.0
2026-09-05 19:00:00,R301,Residential,400,40.73,-73.98,253,19,Rainy,12.7,7.8,0,63.25,67.5
2026-09-05 20:00:00,R301,Residential,400,40.73,-73.98,267,18,Rainy,12.7,7.8,0,66.75,63.25
2026-09-05 21:00:00,R301,Residential,400,40.73,-73.98,87,32,Rainy,12.7,7.8,0,21.75,66.75
2026-09-05 22:00:00,R301,Residential,400,40.73,-73.98,80,32,Rainy,12.7,7.8,0,20.0,21.75
2026-09-05 23:00:00,R301,Residential,400,40.73,-73.98,72,32,Rainy,12.7,7.8,0,18.0,20.0
2026-09-06 00:00:00,R301,Residential,400,40.73,-73.98,68,40,Cloudy,16.1,0.0,0,17.0,18.0
2026-09-06 01:00:00,R301,Residential,400,40.73,-73.98,82,40,Cloudy,16.1,0.0,0,20.5,17.0
2026-09-06 02:00:00,R301,Residential,400,40.73,-73.98,91,40,Cloudy,16.1,0.0,0,22.75,20.5
2026-09-06 03:00:00,R301,Residential,400,40.73,-73.98,78,40,Cloudy,16.1,0.0,0,19.5,22.75
2026-09-06 04:00:00,R301,Residential,400,40.73,-73.98,82,40,Cloudy,16.1,0.0,0,20.5,19.5
2026-09-06 05:00:00,R301,Residential,400,40.73,-73.98,72,40,Cloudy,16.1,0.0,0,18.0,20.5
2026-09-06 06:00:00,R301,Residential,400,40.73,-73.98,86,40,Cloudy,16.1,0.0,0,21.5,18.0
2026-09-06 07:00:00,R301,Residential,400,40.73,-73.98,87,40,Cloudy,16.1,0.0,0,21.75,21.5
2026-09-06 08:00:00,R301,Residential,400,40.73,-73.98,70,40,Cloudy,16.1,0.0,0,17.5,21.75
2026-09-06 09:00:00,R301,Residential,400,40.73,-73.98,86,40,Cloudy,16.1,0.0,0,21.5,17.5
2026-09-06 10:00:00,R301,Residential,400,40.73,-73.98,87,40,Cloudy,16.1,0.0,0,21.75,21.5
2026-09-06 11:00:00,R301,Residential,400,40.73,-73.98,256,24,Cloudy,16.1,0.0,0,64.0,21.75
2026-09-06 12:00:00,R301,Residential,400,40.73,-73.98,253,24,Cloudy,16.1,0.0,0,63.25,64.0
2026-09-06 13:00:00,R301,Residential,400,40.73,-73.98,274,22,Cloudy,16.1,0.0,0,68.5,63.25
2026-09-06 14:00:00,R301,Residential,400,40.73,-73.98,310,19,Cloudy,16.1,0.0,0,77.5,68.5
2026-09-06 15:00:00,R301,Residential,400,40.73,-73.98,247,24,Cloudy,16.1,0.0,0,61.75,77.5
2026-09-06 16:00:00,R301,Residential,400,40.73,-73.98,236,25,Cloudy,16.1,0.0,0,59.0,61.75
2026-09-06 17:00:00,R301,Residential,400,40.73,-73.98,223,27,Cloudy,16.1,0.0,0,55.75,59.0
2026-09-06 18:00:00,R301,Residential,400,40.73,-73.98,264,23,Cloudy,16.1,0.0,0,66.0,55.75
2026-09-06 19:00:00,R301,Residential,400,40.73,-73.98,224,27,Cloudy,16.1,0.0,0,56.0,66.0
2026-09-06 20:00:00,R301,Residential,400,40.73,-73.98,259,23,Cloudy,16.1,0.0,0,64.75,56.0
2026-09-06 21:00:00,R301,Residential,400,40.73,-73.98,85,40,Cloudy,16.1,0.0,0,21.25,64.75
2026-09-06 22:00:00,R301,Residential,400,40.73,-73.98,71,40,Cloudy,16.1,0.0,0,17.75,21.25
2026-09-06 23:00:00,R301,Residential,400,40.73,-73.98,72,40,Cloudy,16.1,0.0,0,18.0,17.75
2026-09-07 00:00:00,R301,Residential,400,40.73,-73.98,77,40,Clear,33.7,0.0,0,19.25,18.0
2026-09-07 01:00:00,R301,Residential,400,40.73,-73.98,73,40,Clear,33.7,0.0,0,18.25,19.25
2026-09-07 02:00:00,R301,Residential,400,40.73,-73.98,72,40,Clear,33.7,0.0,0,18.0,18.25
2026-09-07 03:00:00,R301,Residential,400,40.73,-73.98,85,40,Clear,33.7,0.0,0,21.25,18.0
2026-09-07 04:00:00,R301,Residential,400,40.73,-73.98,91,40,Clear,33.7,0.0,0,22.75,21.25
2026-09-07 05:00:00,R301,Residential,400,40.73,-73.98,78,40,Clear,33.7,0.0,0,19.5,22.75
2026-09-07 06:00:00,R301,Residential,400,40.73,-73.98,87,40,Clear,33.7,0.0,0,21.75,19.5
2026-09-07 07:00:00,R301,Residential,400,40.73,-73.98,384,14,Clear,33.7,0.0,0,96.0,21.75
2026-09-07 08:00:00,R301,Residential,400,40.73,-73.98,342,17,Clear,33.7,0.0,0,85.5,96.0
2026-09-07 09:00:00,R301,Residential,400,40.73,-73.98,380,15,Clear,33.7,0.0,0,95.0,85.5
2026-09-07 10:00:00,R301,Residential,400,40.73,-73.98,270,22,Clear,33.7,0.0,0,67.5,95.0
2026-09-07 11:00:00,R301,Residential,400,40.73,-73.98,267,23,Clear,33.7,0.0,0,66.75,67.5
2026-09-07 12:00:00,R301,Residential,400,40.73,-73.98,245,25,Clear,33.7,0.0,0,61.25,66.75
2026-09-07 13:00:00,R301,Residential,400,40.73,-73.98,261,23,Clear,33.7,0.0,0,65.25,61.25
2026-09-07 14:00:00,R301,Residential,400,40.73,-73.98,266,23,Clear,33.7,0.0,0,66.5,65.25
2026-09-07 15:00:00,R301,Residential,400,40.73,-73.98,254,24,Clear,33.7,0.0,0,63.5,66.5
2026-09-07 16:00:00,R301,Residential,400,40.73,-73.98,336,17,Clear,33.7,0.0,0,84.0,63.5
2026-09-07 17:00:00,R301,Residential,400,40.73,-73.98,363,16,Clear,33.7,0.0,0,90.75,84.0
2026-09-07 18:00:00,R301,Residential,400,40.73,-73.98,350,16,Clear,33.7,0.0,0,87.5,90.75
2026-09-07 19:00:00,R301,Residential,400,40.73,-73.98,367,15,Clear,33.7,0.0,0,91.75,87.5
2026-09-07 20:00:00,R301,Residential,400,40.73,-73.98,69,40,Clear,33.7,0.0,0,17.25,91.75
2026-09-07 21:00:00,R301,Residential,400,40.73,-73.98,69,40,Clear,33.7,0.0,0,17.25,17.25
2026-09-07 22:00:00,R301,Residential,400,40.73,-73.98,88,40,Clear,33.7,0.0,0,22.0,17.25
2026-09-07 23:00:00,R301,Residential,400,40.73,-73.98,71,40,Clear,33.7,0.0,0,17.75,22.0
2026-09-08 00:00:00,R301,Residential,400,40.73,-73.98,90,40,Clear,20.5,0.0,0,22.5,17.75
2026-09-08 01:00:00,R301,Residential,400,40.73,-73.98,87,40,Clear,20.5,0.0,0,21.75,22.5
2026-09-08 02:00:00,R301,Residential,400,40.73,-73.98,69,40,Clear,20.5,0.0,0,17.25,21.75
2026-09-08 03:00:00,R301,Residential,400,40.73,-73.98,72,40,Clear,20.5,0.0,0,18.0,17.25
2026-09-08 04:00:00,R301,Residential,400,40.73,-73.98,88,40,Clear,20.5,0.0,0,22.0,18.0
2026-09-08 05:00:00,R301,Residential,400,40.73,-73.98,80,40,Clear,20.5,0.0,0,20.0,22.0
2026-09-08 06:00:00,R301,Residential,400,40.73,-73.98,74,40,Clear,20.5,0.0,0,18.5,20.0
2026-09-08 07:00:00,R301,Residential,400,40.73,-73.98,387,14,Clear,20.5,0.0,0,96.75,18.5
2026-09-08 08:00:00,R301,Residential,400,40.73,-73.98,405,13,Clear,20.5,0.0,0,101.25,96.75
2026-09-08 09:00:00,R301,Residential,400,40.73,-73.98,327,18,Clear,20.5,0.0,0,81.75,101.25
2026-09-08 10:00:00,R301,Residential,400,40.73,-73.98,219,27,Clear,20.5,0.0,0,54.75,81.75
2026-09-08 11:00:00,R301,Residential,400,40.73,-73.98,275,22,Clear,20.5,0.0,0,68.75,54.75
2026-09-08 12:00:00,R301,Residential,400,40.73,-73.98,227,26,Clear,20.5,0.0,0,56.75,68.75
2026-09-08 13:00:00,R301,Residential,400,40.73,-73.98,270,22,Clear,20.5,0.0,0,67.5,56.75
2026-09-08 14:00:00,R301,Residential,400,40.73,-73.98,205,29,Clear,20.5,0.0,0,51.25,67.5
2026-09-08 15:00:00,R301,Residential,400,40.73,-73.98,250,24,Clear,20.5,0.0,0,62.5,51.25
2026-09-08 16:00:00,R301,Residential,400,40.73,-73.98,419,13,Clear,20.5,0.0,0,104.75,62.5
2026-09-08 17:00:00,R301,Residential,400,40.73,-73.98,401,13,Clear,20.5,0.0,0,100.25,104.75
2026-09-08 18:00:00,R301,Residential,400,40.73,-73.98,338,17,Clear,20.5,0.0,0,84.5,100.25
2026-09-08 19:00:00,R301,Residential,400,40.73,-73.98,436,12,Clear,20.5,0.0,0,109.0,84.5
2026-09-08 20:00:00,R301,Residential,400,40.73,-73.98,78,40,Clear,20.5,0.0,0,19.5,109.0
2026-09-08 21:00:00,R301,Residential,400,40.73,-73.98,68,40,Clear,20.5,0.0,0,17.0,19.5
2026-09-08 22:00:00,R301,Residential,400,40.73,-73.98,71,40,Clear,20.5,0.0,0,17.75,17.0
2026-09-08 23:00:00,R301,Residential,400,40.73,-73.98,81,40,Clear,20.5,0.0,0,20.25,17.75
2026-09-09 00:00:00,R301,Residential,400,40.73,-73.98,84,40,Clear,24.7,0.0,0,21.0,20.25
2026-09-09 01:00:00,R301,Residential,400,40.73,-73.98,86,40,Clear,24.7,0.0,0,21.5,21.0
2026-09-09 02:00:00,R301,Residential,400,40.73,-73.98,72,40,Clear,24.7,0.0,0,18.0,21.5
2026-09-09 03:00:00,R301,Residential,400,40.73,-73.98,79,40,Clear,24.7,0.0,0,19.75,18.0
2026-09-09 04:00:00,R301,Residential,400,40.73,-73.98,89,40,Clear,24.7,0.0,0,22.25,19.75
2026-09-09 05:00:00,R301,Residential,400,40.73,-73.98,90,40,Clear,24.7,0.0,0,22.5,22.25
2026-09-09 06:00:00,R301,Residential,400,40.73,-73.98,78,40,Clear,24.7,0.0,0,19.5,22.5
2026-09-09 07:00:00,R301,Residential,400,40.73,-73.98,480,5,Clear,24.7,0.0,1,120.0,19.5
2026-09-09 08:00:00,R301,Residential,400,40.73,-73.98,397,14,Clear,24.7,0.0,0,99.25,120.0
2026-09-09 09:00:00,R301,Residential,400,40.73,-73.98,386,14,Clear,24.7,0.0,0,96.5,99.25
2026-09-09 10:00:00,R301,Residential,400,40.73,-73.98,243,25,Clear,24.7,0.0,0,60.75,96.5
2026-09-09 11:00:00,R301,Residential,400,40.73,-73.98,265,23,Clear,24.7,0.0,0,66.25,60.75
2026-09-09 12:00:00,R301,Residential,400,40.73,-73.98,264,23,Clear,24.7,0.0,0,66.0,66.25
2026-09-09 13:00:00,R301,Residential,400,40.73,-73.98,260,23,Clear,24.7,0.0,0,65.0,66.0
2026-09-09 14:00:00,R301,Residential,400,40.73,-73.98,248,24,Clear,24.7,0.0,0,62.0,65.0
2026-09-09 15:00:00,R301,Residential,400,40.73,-73.98,237,25,Clear,24.7,0.0,0,59.25,62.0
2026-09-09 16:00:00,R301,Residential,400,40.73,-73.98,406,13,Clear,24.7,0.0,0,101.5,59.25
2026-09-09 17:00:00,R301,Residential,400,40.73,-73.98,328,18,Clear,24.7,0.0,0,82.0,101.5
2026-09-09 18:00:00,R301,Residential,400,40.73,-73.98,327,18,Clear,24.7,0.0,0,81.75,82.0
2026-09-09 19:00:00,R301,Residential,400,40.73,-73.98,373,15,Clear,24.7,0.0,0,93.25,81.75
2026-09-09 20:00:00,R301,Residential,400,40.73,-73.98,73,40,Clear,24.7,0.0,0,18.25,93.25
2026-09-09 21:00:00,R301,Residential,400,40.73,-73.98,89,40,Clear,24.7,0.0,0,22.25,18.25
2026-09-09 22:00:00,R301,Residential,400,40.73,-73.98,85,40,Clear,24.7,0.0,0,21.25,22.25
2026-09-09 23:00:00,R301,Residential,400,40.73,-73.98,88,40,Clear,24.7,0.0,0,22.0,21.25
2026-09-10 00:00:00,R301,Residential,400,40.73,-73.98,73,40,Clear,20.1,0.0,0,18.25,22.0
2026-09-10 01:00:00,R301,Residential,400,40.73,-73.98,91,40,Clear,20.1,0.0,0,22.75,18.25
2026-09-10 02:00:00,R301,Residential,400,40.73,-73.98,68,40,Clear,20.1,0.0,0,17.0,22.75
2026-09-10 03:00:00,R301,Residential,400,40.73,-73.98,80,40,Clear,20.1,0.0,0,20.0,17.0
2026-09-10 04:00:00,R301,Residential,400,40.73,-73.98,79,40,Clear,20.1,0.0,0,19.75,20.0
2026-09-10 05:00:00,R301,Residential,400,40.73,-73.98,74,40,Clear,20.1,0.0,0,18.5,19.75
2026-09-10 06:00:00,R301,Residential,400,40.73,-73.98,81,40,Clear,20.1,0.0,0,20.25,18.5
2026-09-10 07:00:00,R301,Residential,400,40.73,-73.98,470,5,Clear,20.1,0.0,1,117.5,20.25
2026-09-10 08:00:00,R301,Residential,400,40.73,-73.98,338,17,Clear,20.1,0.0,0,84.5,117.5
2026-09-10 09:00:00,R301,Residential,400,40.73,-73.98,385,14,Clear,20.1,0.0,0,96.25,84.5
2026-09-10 10:00:00,R301,Residential,400,40.73,-73.98,258,23,Clear,20.1,0.0,0,64.5,96.25
2026-09-10 11:00:00,R301,Residential,400,40.73,-73.98,255,24,Clear,20.1,0.0,0,63.75,64.5
2026-09-10 12:00:00,R301,Residential,400,40.73,-73.98,254,24,Clear,20.1,0.0,0,63.5,63.75
2026-09-10 13:00:00,R301,Residential,400,40.73,-73.98,242,25,Clear,20.1,0.0,0,60.5,63.5
2026-09-10 14:00:00,R301,Residential,400,40.73,-73.98,237,25,Clear,20.1,0.0,0,59.25,60.5
2026-09-10 15:00:00,R301,Residential,400,40.73,-73.98,239,25,Clear,20.1,0.0,0,59.75,59.25
2026-09-10 16:00:00,R301,Residential,400,40.73,-73.98,383,14,Clear,20.1,0.0,0,95.75,59.75
2026-09-10 17:00:00,R301,Residential,400,40.73,-73.98,365,15,Clear,20.1,0.0,0,91.25,95.75
2026-09-10 18:00:00,R301,Residential,400,40.73,-73.98,328,18,Clear,20.1,0.0,0,82.0,91.25
2026-09-10 19:00:00,R301,Residential,400,40.73,-73.98,348,17,Clear,20.1,0.0,0,87.0,82.0
2026-09-10 20:00:00,R301,Residential,400,40.73,-73.98,85,40,Clear,20.1,0.0,0,21.25,87.0
2026-09-10 21:00:00,R301,Residential,400,40.73,-73.98,75,40,Clear,20.1,0.0,0,18.75,21.25
2026-09-10 22:00:00,R301,Residential,400,40.73,-73.98,68,40,Clear,20.1,0.0,0,17.0,18.75
2026-09-10 23:00:00,R301,Residential,400,40.73,-73.98,72,40,Clear,20.1,0.0,0,18.0,17.0
2026-09-11 00:00:00,R301,Residential,400,40.73,-73.98,100,12,Clear,22.1,0.0,1,25.0,18.0
2026-09-11 01:00:00,R301,Residential,400,40.73,-73.98,80,40,Clear,22.1,0.0,0,20.0,25.0
2026-09-11 02:00:00,R301,Residential,400,40.73,-73.98,88,40,Clear,22.1,0.0,0,22.0,20.0
2026-09-11 03:00:00,R301,Residential,400,40.73,-73.98,86,40,Clear,22.1,0.0,0,21.5,22.0
2026-09-11 04:00:00,R301,Residential,400,40.73,-73.98,91,40,Clear,22.1,0.0,0,22.75,21.5
2026-09-11 05:00:00,R301,Residential,400,40.73,-73.98,68,40,Clear,22.1,0.0,0,17.0,22.75
2026-09-11 06:00:00,R301,Residential,400,40.73,-73.98,86,40,Clear,22.1,0.0,0,21.5,17.0
2026-09-11 07:00:00,R301,Residential,400,40.73,-73.98,351,16,Clear,22.1,0.0,0,87.75,21.5
2026-09-11 08:00:00,R301,Residential,400,40.73,-73.98,309,19,Clear,22.1,0.0,0,77.25,87.75
2026-09-11 09:00:00,R301,Residential,400,40.73,-73.98,359,16,Clear,22.1,0.0,0,89.75,77.25
2026-09-11 10:00:00,R301,Residential,400,40.73,-73.98,227,26,Clear,22.1,0.0,0,56.75,89.75
2026-09-11 11:00:00,R301,Residential,400,40.73,-73.98,260,23,Clear,22.1,0.0,0,65.0,56.75
2026-09-11 12:00:00,R301,Residential,400,40.73,-73.98,211,28,Clear,22.1,0.0,0,52.75,65.0
2026-09-11 13:00:00,R301,Residential,400,40.73,-73.98,224,27,Clear,22.1,0.0,0,56.0,52.75
2026-09-11 14:00:00,R301,Residential,400,40.73,-73.98,244,25,Clear,22.1,0.0,0,61.0,56.0
2026-09-11 15:00:00,R301,Residential,400,40.73,-73.98,243,25,Clear,22.1,0.0,0,60.75,61.0
2026-09-11 16:00:00,R301,Residential,400,40.73,-73.98,390,14,Clear,22.1,0.0,0,97.5,60.75
2026-09-11 17:00:00,R301,Residential,400,40.73,-73.98,389,14,Clear,22.1,0.0,0,97.25,97.5
2026-09-11 18:00:00,R301,Residential,400,40.73,-73.98,371,15,Clear,22.1,0.0,0,92.75,97.25
2026-09-11 19:00:00,R301,Residential,400,40.73,-73.98,383,14,Clear,22.1,0.0,0,95.75,92.75
2026-09-11 20:00:00,R301,Residential,400,40.73,-73.98,76,40,Clear,22.1,0.0,0,19.0,95.75
2026-09-11 21:00:00,R301,Residential,400,40.73,-73.98,71,40,Clear,22.1,0.0,0,17.75,19.0
2026-09-11 22:00:00,R301,Residential,400,40.73,-73.98,69,40,Clear,22.1,0.0,0,17.25,17.75
2026-09-11 23:00:00,R301,Residential,400,40.73,-73.98,77,40,Clear,22.1,0.0,0,19.25,17.25
2026-09-12 00:00:00,R301,Residential,400,40.73,-73.98,69,40,Cloudy,24.4,0.0,0,17.25,19.25
2026-09-12 01:00:00,R301,Residential,400,40.73,-73.98,78,40,Cloudy,24.4,0.0,0,19.5,17.25
2026-09-12 02:00:00,R301,Residential,400,40.73,-73.98,81,40,Cloudy,24.4,0.0,0,20.25,19.5
2026-09-12 03:00:00,R301,Residential,400,40.73,-73.98,72,40,Cloudy,24.4,0.0,0,18.0,20.25
2026-09-12 04:00:00,R301,Residential,400,40.73,-73.98,82,40,Cloudy,24.4,0.0,0,20.5,18.0
2026-09-12 05:00:00,R301,Residential,400,40.73,-73.98,82,40,Cloudy,24.4,0.0,0,20.5,20.5
2026-09-12 06:00:00,R301,Residential,400,40.73,-73.98,74,40,Cloudy,24.4,0.0,0,18.5,20.5
2026-09-12 07:00:00,R301,Residential,400,40.73,-73.98,83,40,Cloudy,24.4,0.0,0,20.75,18.5
2026-09-12 08:00:00,R301,Residential,400,40.73,-73.98,73,40,Cloudy,24.4,0.0,0,18.25,20.75
2026-09-12 09:00:00,R301,Residential,400,40.73,-73.98,80,40,Cloudy,24.4,0.0,0,20.0,18.25
2026-09-12 10:00:00,R301,Residential,400,40.73,-73.98,87,40,Cloudy,24.4,0.0,0,21.75,20.0
2026-09-12 11:00:00,R301,Residential,400,40.73,-73.98,262,23,Cloudy,24.4,0.0,0,65.5,21.75
2026-09-12 12:00:00,R301,Residential,400,40.73,-73.98,257,23,Cloudy,24.4,0.0,0,64.25,65.5
2026-09-12 13:00:00,R301,Residential,400,40.73,-73.98,303,20,Cloudy,24.4,0.0,0,75.75,64.25
2026-09-12 14:00:00,R301,Residential,400,40.73,-73.98,306,19,Cloudy,24.4,0.0,0,76.5,75.75
2026-09-12 15:00:00,R301,Residential,400,40.73,-73.98,253,24,Cloudy,24.4,0.0,0,63.25,76.5
2026-09-12 16:00:00,R301,Residential,400,40.73,-73.98,243,25,Cloudy,24.4,0.0,0,60.75,63.25
2026-09-12 17:00:00,R301,Residential,400,40.73,-73.98,262,23,Cloudy,24.4,0.0,0,65.5,60.75
2026-09-12 18:00:00,R301,Residential,400,40.73,-73.98,253,24,Cloudy,24.4,0.0,0,63.25,65.5
2026-09-12 19:00:00,R301,Residential,400,40.73,-73.98,230,26,Cloudy,24.4,0.0,0,57.5,63.25
2026-09-12 20:00:00,R301,Residential,400,40.73,-73.98,231,26,Cloudy,24.4,0.0,0,57.75,57.5
2026-09-12 21:00:00,R301,Residential,400,40.73,-73.98,75,40,Cloudy,24.4,0.0,0,18.75,57.75
2026-09-12 22:00:00,R301,Residential,400,40.73,-73.98,87,40,Cloudy,24.4,0.0,0,21.75,18.75
2026-09-12 23:00:00,R301,Residential,400,40.73,-73.98,68,40,Cloudy,24.4,0.0,0,17.0,21.75
2026-09-13 00:00:00,R301,Residential,400,40.73,-73.98,74,40,Cloudy,17.0,0.0,0,18.5,17.0
2026-09-13 01:00:00,R301,Residential,400,40.73,-73.98,79,40,Cloudy,17.0,0.0,0,19.75,18.5
2026-09-13 02:00:00,R301,Residential,400,40.73,-73.98,90,40,Cloudy,17.0,0.0,0,22.5,19.75
2026-09-13 03:00:00,R301,Residential,400,40.73,-73.98,85,40,Cloudy,17.0,0.0,0,21.25,22.5
2026-09-13 04:00:00,R301,Residential,400,40.73,-73.98,71,40,Cloudy,17.0,0.0,0,17.75,21.25
2026-09-13 05:00:00,R301,Residential,400,40.73,-73.98,76,40,Cloudy,17.0,0.0,0,19.0,17.75
2026-09-13 06:00:00,R301,Residential,400,40.73,-73.98,86,40,Cloudy,17.0,0.0,0,21.5,19.0
2026-09-13 07:00:00,R301,Residential,400,40.73,-73.98,71,40,Cloudy,17.0,0.0,0,17.75,21.5
2026-09-13 08:00:00,R301,Residential,400,40.73,-73.98,79,40,Cloudy,17.0,0.0,0,19.75,17.75
2026-09-13 09:00:00,R301,Residential,400,40.73,-73.98,90,40,Cloudy,17.0,0.0,0,22.5,19.75
2026-09-13 10:00:00,R301,Residential,400,40.73,-73.98,72,40,Cloudy,17.0,0.0,0,18.0,22.5
2026-09-13 11:00:00,R301,Residential,400,40.73,-73.98,258,23,Cloudy,17.0,0.0,0,64.5,18.0
2026-09-13 12:00:00,R301,Residential,400,40.73,-73.98,285,21,Cloudy,17.0,0.0,0,71.25,64.5
2026-09-13 13:00:00,R301,Residential,400,40.73,-73.98,298,20,Cloudy,17.0,0.0,0,74.5,71.25
2026-09-13 14:00:00,R301,Residential,400,40.73,-73.98,243,25,Cloudy,17.0,0.0,0,60.75,74.5
2026-09-13 15:00:00,R301,Residential,400,40.73,-73.98,331,5,Cloudy,17.0,0.0,1,82.75,60.75
2026-09-13 16:00:00,R301,Residential,400,40.73,-73.98,275,22,Cloudy,17.0,0.0,0,68.75,82.75
2026-09-13 17:00:00,R301,Residential,400,40.73,-73.98,257,23,Cloudy,17.0,0.0,0,64.25,68.75
2026-09-13 18:00:00,R301,Residential,400,40.73,-73.98,222,27,Cloudy,17.0,0.0,0,55.5,64.25
2026-09-13 19:00:00,R301,Residential,400,40.73,-73.98,268,22,Cloudy,17.0,0.0,0,67.0,55.5
2026-09-13 20:00:00,R301,Residential,400,40.73,-73.98,239,25,Cloudy,17.0,0.0,0,59.75,67.0
2026-09-13 21:00:00,R301,Residential,400,40.73,-73.98,78,40,Cloudy,17.0,0.0,0,19.5,59.75
2026-09-13 22:00:00,R301,Residential,400,40.73,-73.98,73,40,Cloudy,17.0,0.0,0,18.25,19.5
2026-09-13 23:00:00,R301,Residential,400,40.73,-73.98,75,40,Cloudy,17.0,0.0,0,18.75,18.25
2026-09-14 00:00:00,R301,Residential,400,40.73,-73.98,70,40,Clear,22.4,0.0,0,17.5,18.75
2026-09-14 01:00:00,R301,Residential,400,40.73,-73.98,90,40,Clear,22.4,0.0,0,22.5,17.5
2026-09-14 02:00:00,R301,Residential,400,40.73,-73.98,89,40,Clear,22.4,0.0,0,22.25,22.5
2026-09-14 03:00:00,R301,Residential,400,40.73,-73.98,75,40,Clear,22.4,0.0,0,18.75,22.25
2026-09-14 04:00:00,R301,Residential,400,40.73,-73.98,88,40,Clear,22.4,0.0,0,22.0,18.75
2026-09-14 05:00:00,R301,Residential,400,40.73,-73.98,77,40,Clear,22.4,0.0,0,19.25,22.0
2026-09-14 06:00:00,R301,Residential,400,40.73,-73.98,79,40,Clear,22.4,0.0,0,19.75,19.25
2026-09-14 07:00:00,R301,Residential,400,40.73,-73.98,362,16,Clear,22.4,0.0,0,90.5,19.75
2026-09-14 08:00:00,R301,Residential,400,40.73,-73.98,378,15,Clear,22.4,0.0,0,94.5,90.5
2026-09-14 09:00:00,R301,Residential,400,40.73,-73.98,387,14,Clear,22.4,0.0,0,96.75,94.5
2026-09-14 10:00:00,R301,Residential,400,40.73,-73.98,235,25,Clear,22.4,0.0,0,58.75,96.75
2026-09-14 11:00:00,R301,Residential,400,40.73,-73.98,244,25,Clear,22.4,0.0,0,61.0,58.75
2026-09-14 12:00:00,R301,Residential,400,40.73,-73.98,258,23,Clear,22.4,0.0,0,64.5,61.0
2026-09-14 13:00:00,R301,Residential,400,40.73,-73.98,246,24,Clear,22.4,0.0,0,61.5,64.5
2026-09-14 14:00:00,R301,Residential,400,40.73,-73.98,215,28,Clear,22.4,0.0,0,53.75,61.5
2026-09-14 15:00:00,R301,Residential,400,40.73,-73.98,224,27,Clear,22.4,0.0,0,56.0,53.75
2026-09-14 16:00:00,R301,Residential,400,40.73,-73.98,430,12,Clear,22.4,0.0,0,107.5,56.0
2026-09-14 17:00:00,R301,Residential,400,40.73,-73.98,365,15,Clear,22.4,0.0,0,91.25,107.5
2026-09-14 18:00:00,R301,Residential,400,40.73,-73.98,330,18,Clear,22.4,0.0,0,82.5,91.25
2026-09-14 19:00:00,R301,Residential,400,40.73,-73.98,374,15,Clear,22.4,0.0,0,93.5,82.5
2026-09-14 20:00:00,R301,Residential,400,40.73,-73.98,83,40,Clear,22.4,0.0,0,20.75,93.5
2026-09-14 21:00:00,R301,Residential,400,40.73,-73.98,91,40,Clear,22.4,0.0,0,22.75,20.75
2026-09-14 22:00:00,R301,Residential,400,40.73,-73.98,72,40,Clear,22.4,0.0,0,18.0,22.75
2026-09-14 23:00:00,R301,Residential,400,40.73,-73.98,88,40,Clear,22.4,0.0,0,22.0,18.0
2026-09-15 00:00:00,R301,Residential,400,40.73,-73.98,78,40,Clear,23.4,0.0,0,19.5,22.0
2026-09-15 01:00:00,R301,Residential,400,40.73,-73.98,84,40,Clear,23.4,0.0,0,21.0,19.5
2026-09-15 02:00:00,R301,Residential,400,40.73,-73.98,68,40,Clear,23.4,0.0,0,17.0,21.0
2026-09-15 03:00:00,R301,Residential,400,40.73,-73.98,71,40,Clear,23.4,0.0,0,17.75,17.0
2026-09-15 04:00:00,R301,Residential,400,40.73,-73.98,76,40,Clear,23.4,0.0,0,19.0,17.75
2026-09-15 05:00:00,R301,Residential,400,40.73,-73.98,89,40,Clear,23.4,0.0,0,22.25,19.0
2026-09-15 06:00:00,R301,Residential,400,40.73,-73.98,71,40,Clear,23.4,0.0,0,17.75,22.25
2026-09-15 07:00:00,R301,Residential,400,40.73,-73.98,396,14,Clear,23.4,0.0,0,99.0,17.75
2026-09-15 08:00:00,R301,Residential,400,40.73,-73.98,368,15,Clear,23.4,0.0,0,92.0,99.0
2026-09-15 09:00:00,R301,Residential,400,40.73,-73.98,358,16,Clear,23.4,0.0,0,89.5,92.0
2026-09-15 10:00:00,R301,Residential,400,40.73,-73.98,213,28,Clear,23.4,0.0,0,53.25,89.5
2026-09-15 11:00:00,R301,Residential,400,40.73,-73.98,224,27,Clear,23.4,0.0,0,56.0,53.25
2026-09-15 12:00:00,R301,Residential,400,40.73,-73.98,233,26,Clear,23.4,0.0,0,58.25,56.0
2026-09-15 13:00:00,R301,Residential,400,40.73,-73.98,210,28,Clear,23.4,0.0,0,52.5,58.25
2026-09-15 14:00:00,R301,Residential,400,40.73,-73.98,235,25,Clear,23.4,0.0,0,58.75,52.5
2026-09-15 15:00:00,R301,Residential,400,40.73,-73.98,244,25,Clear,23.4,0.0,0,61.0,58.75
2026-09-15 16:00:00,R301,Residential,400,40.73,-73.98,387,14,Clear,23.4,0.0,0,96.75,61.0
2026-09-15 17:00:00,R301,Residential,400,40.73,-73.98,428,12,Clear,23.4,0.0,0,107.0,96.75
2026-09-15 18:00:00,R301,Residential,400,40.73,-73.98,337,17,Clear,23.4,0.0,0,84.25,107.0
2026-09-15 19:00:00,R301,Residential,400,40.73,-73.98,344,17,Clear,23.4,0.0,0,86.0,84.25
2026-09-15 20:00:00,R301,Residential,400,40.73,-73.98,77,40,Clear,23.4,0.0,0,19.25,86.0
2026-09-15 21:00:00,R301,Residential,400,40.73,-73.98,69,40,Clear,23.4,0.0,0,17.25,19.25
2026-09-15 22:00:00,R301,Residential,400,40.73,-73.98,89,40,Clear,23.4,0.0,0,22.25,17.25
2026-09-15 23:00:00,R301,Residential,400,40.73,-73.98,91,40,Clear,23.4,0.0,0,22.75,22.25
2026-09-16 00:00:00,R301,Residential,400,40.73,-73.98,83,40,Clear,24.2,0.0,0,20.75,22.75
2026-09-16 01:00:00,R301,Residential,400,40.73,-73.98,89,40,Clear,24.2,0.0,0,22.25,20.75
2026-09-16 02:00:00,R301,Residential,400,40.73,-73.98,73,40,Clear,24.2,0.0,0,18.25,22.25
2026-09-16 03:00:00,R301,Residential,400,40.73,-73.98,82,40,Clear,24.2,0.0,0,20.5,18.25
2026-09-16 04:00:00,R301,Residential,400,40.73,-73.98,75,40,Clear,24.2,0.0,0,18.75,20.5
2026-09-16 05:00:00,R301,Residential,400,40.73,-73.98,83,40,Clear,24.2,0.0,0,20.75,18.75
2026-09-16 06:00:00,R301,Residential,400,40.73,-73.98,68,40,Clear,24.2,0.0,0,17.0,20.75
2026-09-16 07:00:00,R301,Residential,400,40.73,-73.98,347,17,Clear,24.2,0.0,0,86.75,17.0
2026-09-16 08:00:00,R301,Residential,400,40.73,-73.98,334,17,Clear,24.2,0.0,0,83.5,86.75
2026-09-16 09:00:00,R301,Residential,400,40.73,-73.98,410,13,Clear,24.2,0.0,0,102.5,83.5
2026-09-16 10:00:00,R301,Residential,400,40.73,-73.98,216,27,Clear,24.2,0.0,0,54.0,102.5
2026-09-16 11:00:00,R301,Residential,400,40.73,-73.98,258,23,Clear,24.2,0.0,0,64.5,54.0
2026-09-16 12:00:00,R301,Residential,400,40.73,-73.98,269,22,Clear,24.2,0.0,0,67.25,64.5
2026-09-16 13:00:00,R301,Residential,400,40.73,-73.98,243,25,Clear,24.2,0.0,0,60.75,67.25
2026-09-16 14:00:00,R301,Residential,400,40.73,-73.98,225,26,Clear,24.2,0.0,0,56.25,60.75
2026-09-16 15:00:00,R301,Residential,400,40.73,-73.98,207,28,Clear,24.2,0.0,0,51.75,56.25
2026-09-16 16:00:00,R301,Residential,400,40.73,-73.98,425,12,Clear,24.2,0.0,0,106.25,51.75
2026-09-16 17:00:00,R301,Residential,400,40.73,-73.98,366,15,Clear,24.2,0.0,0,91.5,106.25
2026-09-16 18:00:00,R301,Residential,400,40.73,-73.98,423,5,Clear,24.2,0.0,1,105.75,91.5
2026-09-16 19:00:00,R301,Residential,400,40.73,-73.98,333,17,Clear,24.2,0.0,0,83.25,105.75
2026-09-16 20:00:00,R301,Residential,400,40.73,-73.98,80,40,Clear,24.2,0.0,0,20.0,83.25
2026-09-16 21:00:00,R301,Residential,400,40.73,-73.98,91,40,Clear,24.2,0.0,0,22.75,20.0
2026-09-16 22:00:00,R301,Residential,400,40.73,-73.98,71,40,Clear,24.2,0.0,0,17.75,22.75
2026-09-16 23:00:00,R301,Residential,400,40.73,-73.98,70,40,Clear,24.2,0.0,0,17.5,17.75
